Player,TEAM,POS,DPCHT,G,rec_REC,rec_REC_mean,rec_TGT,rec_TGT_mean,rec_YDS,rec_YDS_mean,rec_Y/R,rec_FD,rec_FD_mean,rec_LG,rec_LG_mean,rec_20,rec_20_mean,rec_TD,rec_TD_mean,rush_ATT,rush_ATT_mean,rush_YDS,rush_YDS_mean,rush_Y/A,rush_FD,rush_FD_mean,rush_TD,rush_TD_mean,TOU,TOU_mean,OPP,OPP_mean,FD,FD_mean,FL,FL_mean,FL/T,INJCOR,FPTS,FPTS_mean,FPTS_median,FPTS_std,FPTS_adj,FPTS_bad,FPTS_poor,FPTS_okay,FPTS_good,FPTS_great,FPTS_QSRat,FPTS_GSRat,FPTS_Score,HALF,HALF_mean,HALF_median,HALF_std,HALF_adj,HALF_bad,HALF_poor,HALF_okay,HALF_good,HALF_great,HALF_QSRat,HALF_GSRat,HALF_Score,PPR,PPR_mean,PPR_median,PPR_std,PPR_adj,PPR_bad,PPR_poor,PPR_okay,PPR_good,PPR_great,PPR_QSRat,PPR_GSRat,PPR_Score
Davante Adams,LV,WR,1.0,15,111,7.4,169,11.27,1386,92.4,12.49,64.0,4.27,57,29.13,18,1.2,13,0.87,0,0.0,0,0.0,0.0,0.0,0.0,0,0.0,111,7.4,169,11.27,64.0,4.27,0,0.0,0.0,1.0,218.6,14.57,13.9,4.17,16.22,0,1,2,8,4,4.0,0.36,15.94,274.1,18.27,17.6,4.58,20.45,0,0,2,7,6,6.5,0.67,22.12,329.6,21.97,21.1,5.17,24.55,0,0,2,6,7,6.5,0.88,23.2
Julio Jones,FA,WR,0.0,16,113,7.06,170,10.62,1677,104.81,14.84,80.0,5.0,58,29.31,24,1.5,8,0.5,2,0.12,12,0.75,6.0,1.0,0.06,0,0.0,115,7.19,172,10.75,81.0,5.06,2,0.12,0.02,1.0,212.9,13.31,14.3,5.84,13.61,3,2,1,3,7,1.67,0.78,14.48,269.4,16.84,18.85,6.7,17.13,3,1,2,1,9,1.67,1.29,20.61,325.9,20.37,23.75,7.66,20.63,1,3,1,2,9,2.2,1.29,21.7
Antonio Brown,FA,WR,0.0,15,104,6.93,168,11.2,1297,86.47,12.47,63.0,4.2,78,33.27,17,1.13,15,1.0,0,0.0,0,0.0,0.0,0.0,0.0,0,0.0,104,6.93,168,11.2,63.0,4.2,0,0.0,0.0,1.0,219.7,14.65,15.3,7.03,14.3,3,0,3,2,7,1.5,0.88,15.19,271.7,18.11,18.6,7.78,17.75,1,0,5,1,8,1.5,1.14,20.18,323.7,21.58,21.5,8.67,21.19,1,0,5,2,7,1.5,0.88,20.42
Odell Beckham Jr.,MIA,WR,1.0,12,77,6.42,124,10.33,1052,87.67,13.66,51.0,4.25,51,30.67,17,1.42,6,0.5,5,0.42,19,1.58,3.8,2.0,0.17,0,0.0,82,6.83,129,10.75,53.0,4.42,1,0.08,0.01,1.0,153.4,12.78,12.3,6.1,12.93,3,1,2,2,4,1.0,0.5,12.75,191.9,15.99,16.5,6.31,16.52,2,2,0,5,3,2.0,0.33,18.49,230.4,19.2,19.2,6.75,20.07,2,0,2,3,5,2.0,0.71,19.15
DeAndre Hopkins,TEN,WR,1.0,16,115,7.19,163,10.19,1572,98.25,13.67,81.0,5.06,49,28.94,23,1.44,11,0.69,1,0.06,-7,-0.44,-7.0,-0.0,-0.0,0,0.0,116,7.25,164,10.25,81.0,5.06,2,0.12,0.02,1.0,218.5,13.66,11.65,6.14,13.79,0,4,4,3,5,1.0,0.45,12.74,276.0,17.25,14.85,6.86,17.45,0,2,5,3,6,1.29,0.6,18.35,333.5,20.84,18.35,7.72,21.07,0,1,6,2,7,1.29,0.78,18.81
Adam Thielen,CAR,WR,1.0,16,113,7.06,153,9.56,1373,85.81,12.15,74.0,4.62,68,27.69,17,1.06,9,0.56,5,0.31,30,1.88,6.0,1.0,0.06,0,0.0,118,7.38,158,9.88,75.0,4.69,1,0.06,0.01,1.0,194.3,12.14,10.35,5.77,12.46,2,5,2,0,7,0.78,0.78,11.77,250.8,15.68,15.35,6.98,15.79,2,3,3,1,7,1.0,0.78,17.62,307.3,19.21,19.5,8.33,19.05,2,3,3,0,8,1.0,1.0,18.41
Michael Thomas,FA,WR,0.0,16,125,7.81,147,9.19,1405,87.81,11.24,75.0,4.69,72,26.75,17,1.06,9,0.56,0,0.0,0,0.0,0.0,0.0,0.0,0,0.0,125,7.81,147,9.19,75.0,4.69,2,0.12,0.02,1.0,190.5,11.91,11.35,7.39,11.48,5,2,1,3,5,1.0,0.45,11.59,253.0,15.81,15.85,8.89,14.99,5,2,0,4,5,1.29,0.45,17.33,315.5,19.72,19.55,10.52,18.45,4,3,0,3,6,1.29,0.6,17.99
Julian Edelman,FA,WR,0.0,12,74,6.17,108,9.0,850,70.83,11.49,41.0,3.42,36,23.92,12,1.0,6,0.5,9,0.75,107,8.92,11.89,7.0,0.58,0,0.0,83,6.92,117,9.75,48.0,4.0,0,0.0,0.0,1.0,133.4,11.12,11.55,3.13,13.29,2,1,3,6,0,1.0,0.0,11.91,170.4,14.2,14.75,3.4,17.12,1,1,3,6,1,1.4,0.09,17.11,207.4,17.28,17.9,3.93,20.68,1,1,3,6,1,1.4,0.09,17.8
Tyreek Hill,MIA,WR,2.0,16,87,5.44,137,8.56,1479,92.44,17.0,60.0,3.75,75,42.06,27,1.69,12,0.75,22,1.38,151,9.44,6.86,8.0,0.5,1,0.06,109,6.81,159,9.94,68.0,4.25,0,0.0,0.0,1.0,241.0,15.06,11.35,10.36,13.35,5,3,0,3,5,1.0,0.45,12.41,284.5,17.78,14.1,11.2,15.91,4,4,0,2,6,1.0,0.6,16.8,328.0,20.5,17.3,12.12,18.51,4,3,1,2,6,1.0,0.6,17.0
Mike Evans,TB,WR,1.0,16,86,5.38,138,8.62,1524,95.25,17.72,69.0,4.31,72,35.44,26,1.62,8,0.5,0,0.0,0,0.0,0.0,0.0,0.0,0,0.0,86,5.38,138,8.62,69.0,4.31,1,0.06,0.01,1.0,198.4,12.4,11.85,6.97,12.14,5,1,2,3,5,1.0,0.45,12.0,241.4,15.09,14.4,7.58,14.88,5,1,2,3,5,1.0,0.45,16.27,284.4,17.77,17.65,8.28,17.66,4,2,1,3,6,1.29,0.6,16.86
JuJu Smith-Schuster,FA,WR,0.0,16,111,6.94,166,10.38,1426,89.12,12.85,67.0,4.19,97,36.25,18,1.12,7,0.44,1,0.06,13,0.81,13.0,1.0,0.06,0,0.0,112,7.0,167,10.44,68.0,4.25,1,0.06,0.01,1.0,185.9,11.62,10.05,6.61,11.52,4,1,5,2,4,0.6,0.33,10.77,241.4,15.09,14.4,7.65,14.85,4,0,5,4,3,0.78,0.23,16.0,296.9,18.56,17.65,8.87,18.12,4,1,3,5,3,1.0,0.23,16.65
Stefon Diggs,HOU,WR,1.0,15,102,6.8,149,9.93,1021,68.07,10.01,49.0,3.27,75,26.0,13,0.87,9,0.6,10,0.67,62,4.13,6.2,3.0,0.2,0,0.0,112,7.47,159,10.6,52.0,3.47,0,0.0,0.0,1.0,164.3,10.95,11.1,6.77,10.8,4,2,3,3,3,0.67,0.25,10.88,215.3,14.35,13.8,7.91,14.01,5,1,2,3,4,0.88,0.36,15.27,266.3,17.75,15.8,9.23,17.16,5,1,2,1,6,0.88,0.67,15.89
Robert Woods,HOU,WR,2.0,16,86,5.38,130,8.12,1219,76.19,14.17,66.0,4.12,39,26.75,20,1.25,6,0.38,19,1.19,157,9.81,8.26,9.0,0.56,1,0.06,105,6.56,149,9.31,75.0,4.69,0,0.0,0.0,1.0,179.6,11.22,9.95,5.95,11.43,4,3,2,4,3,0.78,0.23,10.61,222.6,13.91,12.7,6.53,14.25,2,5,2,4,3,0.78,0.23,15.18,265.6,16.6,15.45,7.19,17.08,2,4,3,5,2,0.78,0.14,14.97
A.J. Green,FA,WR,0.0,9,46,5.11,77,8.56,694,77.11,15.09,37.0,4.11,38,27.33,12,1.33,6,0.67,0,0.0,0,0.0,0.0,0.0,0.0,0,0.0,46,5.11,77,8.56,37.0,4.11,1,0.11,0.02,0.93,103.4,11.49,11.7,6.62,11.39,2,1,1,4,1,1.25,0.12,10.59,126.4,14.04,15.2,7.02,14.13,2,0,2,4,1,1.25,0.12,14.96,149.4,16.6,17.8,7.51,16.9,2,0,1,5,1,2.0,0.12,15.28
T.Y. Hilton,FA,WR,0.0,14,76,5.43,120,8.57,1270,90.71,16.71,55.0,3.93,68,35.79,22,1.57,6,0.43,0,0.0,0,0.0,0.0,0.0,0.0,0,0.0,76,5.43,120,8.57,55.0,3.93,0,0.0,0.0,1.0,163.0,11.64,11.05,6.36,11.66,3,3,2,4,2,0.75,0.17,10.97,201.0,14.36,13.3,7.32,14.29,4,1,3,4,2,0.75,0.17,14.89,239.0,17.07,15.65,8.36,16.92,4,0,4,4,2,0.75,0.17,14.91
Keenan Allen,CHI,WR,1.0,16,97,6.06,136,8.5,1196,74.75,12.33,62.0,3.88,54,22.5,13,0.81,6,0.38,9,0.56,75,4.69,8.33,4.0,0.25,0,0.0,106,6.62,145,9.06,66.0,4.12,1,0.06,0.01,1.0,163.1,10.19,9.9,5.83,10.43,6,1,2,5,2,0.78,0.14,10.06,211.6,13.22,12.9,7.15,13.24,4,3,2,4,3,0.78,0.23,14.55,260.1,16.26,15.9,8.54,16.03,4,3,1,5,3,1.0,0.23,14.98
Brandin Cooks,DAL,WR,1.0,16,80,5.0,117,7.31,1204,75.25,15.05,56.0,3.5,57,27.88,22,1.38,5,0.31,10,0.62,68,4.25,6.8,5.0,0.31,1,0.06,90,5.62,127,7.94,61.0,3.81,0,0.0,0.0,1.0,163.2,10.2,9.15,5.89,10.41,6,2,2,1,5,0.6,0.45,9.84,203.2,12.7,12.15,6.85,12.85,6,1,2,2,5,0.78,0.45,14.07,243.2,15.2,15.15,7.89,15.28,5,2,2,2,5,0.78,0.45,14.34
Tyler Boyd,TEN,WR,2.0,14,76,5.43,108,7.71,1028,73.43,13.53,54.0,3.86,49,25.29,21,1.5,7,0.5,2,0.14,3,0.21,1.5,0.0,0.0,0,0.0,78,5.57,110,7.86,54.0,3.86,0,0.0,0.0,1.0,145.1,10.36,9.75,6.08,10.49,5,1,3,2,3,0.56,0.27,9.87,183.1,13.08,12.25,6.97,13.18,6,0,2,3,3,0.75,0.27,14.04,221.1,15.79,14.75,7.95,15.85,6,0,2,2,4,0.75,0.4,14.32
Cooper Kupp,LAR,WR,1.0,8,40,5.0,55,6.88,566,70.75,14.15,25.0,3.12,70,32.12,9,1.12,6,0.75,4,0.5,25,3.12,6.25,3.0,0.38,0,0.0,44,5.5,59,7.38,28.0,3.5,0,0.0,0.0,0.88,95.1,11.89,12.8,8.42,11.1,3,0,0,4,1,1.67,0.14,10.53,115.1,14.39,15.05,9.43,13.44,2,1,0,4,1,1.67,0.14,13.9,135.1,16.89,17.3,10.49,15.81,2,1,1,3,1,1.0,0.14,13.42
Emmanuel Sanders,FA,WR,0.0,12,71,5.92,98,8.17,868,72.33,12.23,36.0,3.0,64,30.75,13,1.08,4,0.33,4,0.33,53,4.42,13.25,2.0,0.17,1,0.08,75,6.25,102,8.5,38.0,3.17,0,0.0,0.0,1.0,127.2,10.6,8.4,6.44,10.58,5,1,1,2,3,0.71,0.33,9.64,162.7,13.56,11.65,7.03,13.63,5,0,2,2,3,0.71,0.33,13.74,198.2,16.52,14.9,7.72,16.7,4,1,2,1,4,0.71,0.5,14.85
Tyler Lockett,SEA,WR,1.0,16,57,3.56,70,4.38,965,60.31,16.93,37.0,2.31,52,31.56,17,1.06,10,0.62,13,0.81,69,4.31,5.31,3.0,0.19,0,0.0,70,4.38,83,5.19,40.0,2.5,0,0.0,0.0,1.0,165.4,10.34,11.3,4.26,11.44,4,2,2,6,2,1.0,0.14,10.81,193.9,12.12,12.3,4.31,13.77,4,2,5,4,1,0.45,0.07,12.83,222.4,13.9,13.55,4.47,16.11,5,3,4,4,0,0.33,0.0,12.8
Kenny Golladay,FA,WR,0.0,15,70,4.67,119,7.93,1063,70.87,15.19,56.0,3.73,60,26.53,19,1.27,5,0.33,1,0.07,8,0.53,8.0,0.0,0.0,0,0.0,71,4.73,120,8.0,56.0,3.73,0,0.0,0.0,1.0,137.1,9.14,9.0,5.46,9.51,6,2,2,3,2,0.5,0.15,8.99,172.1,11.47,11.5,6.37,11.82,6,1,2,5,1,0.67,0.07,12.83,207.1,13.81,14.0,7.32,14.15,5,2,1,5,2,0.88,0.15,13.17
Alshon Jeffery,FA,WR,0.0,13,65,5.0,92,7.08,843,64.85,12.97,48.0,3.69,52,24.62,9,0.69,6,0.46,0,0.0,0,0.0,0.0,0.0,0.0,0,0.0,65,5.0,92,7.08,48.0,3.69,0,0.0,0.0,1.0,120.3,9.25,8.2,5.96,9.42,6,1,1,2,3,0.62,0.3,8.83,152.8,11.75,9.7,6.97,11.84,6,1,1,1,4,0.62,0.44,12.4,185.3,14.25,11.2,8.0,14.28,7,0,2,0,4,0.44,0.44,11.96
William Fuller V,FA,WR,0.0,7,32,4.57,45,6.43,503,71.86,15.72,22.0,3.14,73,30.86,7,1.0,4,0.57,0,0.0,0,0.0,0.0,0.0,0.0,0,0.0,32,4.57,45,6.43,22.0,3.14,0,0.0,0.0,0.84,74.3,10.61,10.9,6.91,10.41,3,0,1,0,3,0.75,0.75,9.02,90.3,12.9,12.9,7.73,12.66,2,1,1,0,3,0.75,0.75,12.02,106.3,15.19,14.9,8.61,14.94,2,1,1,1,2,0.75,0.4,11.61
Jarvis Landry,FA,WR,0.0,16,81,5.06,149,9.31,976,61.0,12.05,44.0,2.75,51,24.44,13,0.81,4,0.25,3,0.19,60,3.75,20.0,2.0,0.12,1,0.06,84,5.25,152,9.5,46.0,2.88,1,0.06,0.01,1.0,136.1,8.51,7.35,5.65,8.77,8,1,3,1,3,0.33,0.23,8.11,176.6,11.04,9.6,6.18,11.46,6,3,3,1,3,0.33,0.23,11.53,217.1,13.57,11.9,6.86,14.13,5,5,1,3,2,0.45,0.14,12.09
DeSean Jackson,FA,WR,0.0,12,41,3.42,74,6.17,774,64.5,18.88,31.0,2.58,75,32.92,13,1.08,4,0.33,6,0.5,29,2.42,4.83,2.0,0.17,1,0.08,47,3.92,80,6.67,33.0,2.75,0,0.0,0.0,1.0,110.3,9.19,7.55,7.42,8.86,6,1,2,1,2,0.33,0.2,7.91,130.8,10.9,9.75,7.78,10.68,6,2,1,1,2,0.33,0.2,10.89,151.3,12.61,11.5,8.18,12.56,5,3,2,0,2,0.2,0.2,10.82
Josh Gordon,FA,WR,0.0,12,41,3.42,71,5.92,737,61.42,17.98,30.0,2.5,55,29.08,12,1.0,4,0.33,0,0.0,0,0.0,0.0,0.0,0.0,0,0.0,41,3.42,71,5.92,30.0,2.5,0,0.0,0.0,1.0,97.7,8.14,7.9,4.68,8.8,4,3,3,1,1,0.2,0.09,7.66,118.2,9.85,9.8,5.0,10.78,5,2,4,0,1,0.09,0.09,10.32,138.7,11.56,12.05,5.42,12.76,5,3,3,0,1,0.09,0.09,10.77
Larry Fitzgerald,FA,WR,0.0,16,69,4.31,112,7.0,734,45.88,10.64,39.0,2.44,37,19.88,8,0.5,6,0.38,0,0.0,0,0.0,0.0,0.0,0.0,0,0.0,69,4.31,112,7.0,39.0,2.44,0,0.0,0.0,1.0,116.7,7.29,6.55,4.6,7.92,8,3,3,1,1,0.14,0.07,6.77,151.2,9.45,9.0,5.11,10.29,8,2,4,1,1,0.14,0.07,9.92,185.7,11.61,11.0,5.75,12.63,9,0,6,0,1,0.07,0.07,10.34
Amari Cooper,CLE,WR,1.0,15,75,5.0,107,7.13,1005,67.0,13.4,53.0,3.53,90,24.73,10,0.67,7,0.47,2,0.13,20,1.33,10.0,1.0,0.07,0,0.0,77,5.13,109,7.27,54.0,3.6,2,0.13,0.03,1.0,140.5,9.37,4.3,11.71,8.05,9,1,1,1,3,0.36,0.25,6.44,178.0,11.87,6.3,12.97,10.24,8,2,1,1,3,0.36,0.25,9.91,215.5,14.37,8.3,14.3,12.45,8,0,3,0,4,0.36,0.36,9.92
Sterling Shepard,TB,WR,2.0,16,66,4.12,107,6.69,872,54.5,13.21,47.0,2.94,58,23.62,12,0.75,4,0.25,3,0.19,33,2.06,11.0,1.0,0.06,0,0.0,69,4.31,110,6.88,48.0,3.0,0,0.0,0.0,1.0,116.5,7.28,6.15,4.86,7.8,8,3,2,1,2,0.23,0.14,6.76,149.5,9.34,8.0,5.59,9.95,9,3,1,1,2,0.23,0.14,9.86,182.5,11.41,9.75,6.4,12.08,9,3,1,1,2,0.23,0.14,9.91
Mohamed Sanu Sr.,FA,WR,0.0,16,66,4.12,94,5.88,838,52.38,12.7,41.0,2.56,44,22.81,7,0.44,4,0.25,7,0.44,44,2.75,6.29,5.0,0.31,0,0.0,73,4.56,101,6.31,46.0,2.88,1,0.06,0.01,1.0,116.4,7.28,5.65,4.9,7.78,9,1,3,2,1,0.23,0.07,6.39,149.4,9.34,8.15,5.25,10.1,9,1,3,2,1,0.23,0.07,9.76,182.4,11.4,10.65,5.69,12.44,8,3,2,2,1,0.23,0.07,10.26
Adam Humphries,FA,WR,0.0,16,76,4.75,105,6.56,816,51.0,10.74,48.0,3.0,51,20.75,7,0.44,5,0.31,2,0.12,11,0.69,5.5,1.0,0.06,0,0.0,78,4.88,107,6.69,49.0,3.06,0,0.0,0.0,1.0,112.7,7.04,5.95,5.11,7.45,9,3,1,2,1,0.23,0.07,6.42,150.7,9.42,7.85,5.87,9.91,9,2,2,2,1,0.23,0.07,9.7,188.7,11.79,10.4,6.75,12.33,8,2,2,3,1,0.33,0.07,10.27
Curtis Samuel,BUF,WR,1.0,13,39,3.0,65,5.0,494,38.0,12.67,24.0,1.85,53,19.38,6,0.46,5,0.38,8,0.62,84,6.46,10.5,3.0,0.23,2,0.15,47,3.62,73,5.62,27.0,2.08,1,0.08,0.02,1.0,97.8,7.52,8.5,5.36,7.86,5,2,4,1,1,0.18,0.08,7.46,117.3,9.02,10.0,5.49,9.65,6,3,3,0,1,0.08,0.08,9.69,136.8,10.52,11.7,5.8,11.43,6,3,3,1,0,0.08,0.0,9.93
Allen Robinson II,NYG,WR,1.0,13,55,4.23,94,7.23,754,58.0,13.71,36.0,2.77,43,24.92,11,0.85,4,0.31,1,0.08,9,0.69,9.0,0.0,0.0,0,0.0,56,4.31,95,7.31,36.0,2.77,1,0.08,0.02,1.0,98.3,7.56,6.1,6.08,7.66,7,4,0,1,1,0.18,0.08,6.59,125.8,9.68,8.1,6.69,9.85,7,3,1,1,1,0.18,0.08,9.65,153.3,11.79,10.1,7.44,12.03,8,2,0,2,1,0.3,0.08,10.08
Sammy Watkins,FA,WR,0.0,10,40,4.0,55,5.5,519,51.9,12.98,24.0,2.4,50,22.0,7,0.7,3,0.3,5,0.5,52,5.2,10.4,2.0,0.2,0,0.0,45,4.5,60,6.0,26.0,2.6,0,0.0,0.0,0.96,75.1,7.51,6.9,7.22,7.28,5,2,0,2,1,0.43,0.11,6.7,95.1,9.51,9.15,8.36,9.16,5,2,0,2,1,0.43,0.11,9.59,115.1,11.51,11.4,9.53,11.04,4,2,1,2,1,0.43,0.11,9.88
Calvin Ridley,TEN,WR,3.0,16,64,4.0,92,5.75,821,51.31,12.83,39.0,2.44,75,27.81,11,0.69,10,0.62,6,0.38,27,1.69,4.5,1.0,0.06,0,0.0,70,4.38,98,6.12,40.0,2.5,1,0.06,0.01,1.0,142.8,8.93,4.5,8.55,8.3,9,0,1,4,2,0.6,0.14,6.6,174.8,10.92,6.75,9.24,10.26,9,0,1,4,2,0.6,0.14,9.54,206.8,12.92,9.25,9.97,12.26,9,0,2,4,1,0.45,0.07,9.85
Chris Godwin,TB,WR,3.0,16,59,3.69,95,5.94,842,52.62,14.27,48.0,3.0,48,19.44,10,0.62,7,0.44,0,0.0,0,0.0,0.0,0.0,0.0,0,0.0,59,3.69,95,5.94,48.0,3.0,1,0.06,0.02,1.0,126.2,7.89,5.55,6.11,7.98,9,0,5,0,2,0.14,0.14,6.39,155.7,9.73,7.45,6.91,9.83,9,0,4,1,2,0.23,0.14,9.5,185.2,11.58,9.55,7.74,11.69,9,1,2,3,1,0.33,0.07,9.6
Marvin Jones Jr.,FA,WR,0.0,9,35,3.89,62,6.89,508,56.44,14.51,27.0,3.0,39,25.22,5,0.56,5,0.56,0,0.0,0,0.0,0.0,0.0,0.0,0,0.0,35,3.89,62,6.89,27.0,3.0,0,0.0,0.0,0.93,80.8,8.98,6.6,6.34,9.0,6,0,1,1,1,0.29,0.12,6.91,98.3,10.92,7.4,6.95,11.01,5,1,1,1,1,0.29,0.12,9.46,115.8,12.87,9.4,7.62,13.05,5,1,2,0,1,0.12,0.12,9.27
Corey Davis,FA,WR,0.0,16,65,4.06,112,7.0,891,55.69,13.71,47.0,2.94,51,22.62,15,0.94,4,0.25,6,0.38,55,3.44,9.17,2.0,0.12,0,0.0,71,4.44,118,7.38,49.0,3.06,0,0.0,0.0,1.0,118.6,7.41,4.85,6.72,7.32,12,0,1,0,3,0.23,0.23,6.21,151.1,9.44,7.1,7.5,9.34,12,0,1,0,3,0.23,0.23,9.45,183.6,11.48,9.35,8.34,11.38,10,2,1,0,3,0.23,0.23,9.63
Mike Williams,NYJ,WR,1.0,16,43,2.69,66,4.12,664,41.5,15.44,36.0,2.25,55,22.19,11,0.69,10,0.62,7,0.44,28,1.75,4.0,2.0,0.12,1,0.06,50,3.12,73,4.56,38.0,2.38,0,0.0,0.0,1.0,137.2,8.57,6.85,7.77,8.17,8,3,1,2,2,0.33,0.14,7.07,158.7,9.92,8.1,8.53,9.5,8,3,2,1,2,0.23,0.14,9.18,180.2,11.26,9.1,9.32,10.86,10,2,1,1,2,0.23,0.14,8.93
Dede Westbrook,FA,WR,0.0,16,66,4.12,101,6.31,717,44.81,10.86,39.0,2.44,61,21.56,15,0.94,5,0.31,9,0.56,98,6.12,10.89,5.0,0.31,0,0.0,75,4.69,110,6.88,44.0,2.75,2,0.12,0.03,1.0,107.5,6.72,5.25,5.06,7.12,10,0,2,4,0,0.33,0.0,6.05,140.5,8.78,7.3,5.5,9.39,10,1,1,4,0,0.33,0.0,9.15,173.5,10.84,9.7,6.07,11.64,9,3,0,3,1,0.33,0.07,9.73
Golden Tate,FA,WR,0.0,15,74,4.93,113,7.53,795,53.0,10.74,33.0,2.2,67,21.2,9,0.6,4,0.27,4,0.27,34,2.27,8.5,1.0,0.07,0,0.0,78,5.2,117,7.8,34.0,2.27,0,0.0,0.0,1.0,108.9,7.26,4.3,6.79,7.15,11,0,0,2,2,0.36,0.15,6.01,145.9,9.73,6.8,7.66,9.57,10,1,0,2,2,0.36,0.15,9.12,182.9,12.19,9.3,8.57,12.01,9,2,0,2,2,0.36,0.15,9.96
Christian Kirk,JAC,WR,1.0,12,43,3.58,68,5.67,590,49.17,13.72,21.0,1.75,75,27.75,8,0.67,3,0.25,3,0.25,35,2.92,11.67,2.0,0.17,0,0.0,46,3.83,71,5.92,23.0,1.92,0,0.0,0.0,1.0,80.5,6.71,6.7,4.73,7.23,6,3,1,2,0,0.2,0.0,6.43,102.0,8.5,8.2,4.99,9.31,7,1,2,2,0,0.2,0.0,8.82,123.5,10.29,9.7,5.36,11.39,7,1,3,1,0,0.09,0.0,9.16
Doug Baldwin,FA,WR,0.0,13,50,3.85,73,5.62,618,47.54,12.36,32.0,2.46,42,20.92,9,0.69,5,0.38,0,0.0,0,0.0,0.0,0.0,0.0,0,0.0,50,3.85,73,5.62,32.0,2.46,0,0.0,0.0,1.0,91.8,7.06,4.1,6.34,7.08,7,3,1,0,2,0.18,0.18,5.51,116.8,8.98,6.6,7.09,9.01,7,2,1,1,2,0.3,0.18,8.66,141.8,10.91,9.1,7.94,10.95,8,1,1,1,2,0.3,0.18,9.2
Jordy Nelson,FA,WR,0.0,15,63,4.2,88,5.87,739,49.27,11.73,36.0,2.4,66,19.47,7,0.47,3,0.2,1,0.07,-2,-0.13,-2.0,0.0,0.0,0,0.0,64,4.27,89,5.93,36.0,2.4,0,0.0,0.0,1.0,93.7,6.25,4.8,6.32,6.27,8,3,2,1,1,0.15,0.07,5.33,125.2,8.35,7.8,7.39,8.29,8,1,3,2,1,0.25,0.07,8.65,156.7,10.45,10.8,8.61,10.28,8,0,4,2,1,0.25,0.07,9.45
Demaryius Thomas,FA,WR,0.0,15,59,3.93,89,5.93,677,45.13,11.47,37.0,2.47,45,19.6,9,0.6,5,0.33,0,0.0,0,0.0,0.0,0.0,0.0,0,0.0,59,3.93,89,5.93,37.0,2.47,0,0.0,0.0,1.0,97.7,6.51,4.8,5.13,6.88,11,0,0,2,2,0.36,0.15,5.92,127.2,8.48,6.8,5.48,9.07,11,0,1,2,1,0.25,0.07,8.6,156.7,10.45,9.1,5.91,11.29,9,2,1,3,0,0.25,0.0,9.07
Geronimo Allison,FA,WR,0.0,5,20,4.0,30,6.0,303,60.6,15.15,11.0,2.2,64,33.2,4,0.8,2,0.4,0,0.0,0,0.0,0.0,0.0,0.0,0,0.0,20,4.0,30,6.0,11.0,2.2,0,0.0,0.0,0.72,42.3,8.46,8.0,5.01,8.99,2,1,0,2,0,0.67,0.0,5.86,52.3,10.46,11.0,5.39,11.24,1,2,0,2,0,0.67,0.0,8.48,62.3,12.46,14.0,5.98,13.43,1,1,2,1,0,0.25,0.0,8.58
Robbie Chosen,SF,WR,1.0,14,50,3.57,94,6.71,752,53.71,15.04,30.0,2.14,76,26.0,10,0.71,6,0.43,2,0.14,-8,-0.57,-4.0,0.0,0.0,0,0.0,52,3.71,96,6.86,30.0,2.14,2,0.14,0.04,1.0,106.4,7.6,4.15,7.73,7.25,9,0,1,1,3,0.4,0.27,6.08,131.4,9.39,5.65,8.38,9.03,9,1,0,1,3,0.4,0.27,8.46,156.4,11.17,7.35,9.1,10.84,10,0,0,1,3,0.4,0.27,8.79
Nelson Agholor,BAL,WR,1.0,16,64,4.0,97,6.06,736,46.0,11.5,28.0,1.75,83,29.19,10,0.62,4,0.25,3,0.19,32,2.0,10.67,2.0,0.12,0,0.0,67,4.19,100,6.25,30.0,1.88,0,0.0,0.0,1.0,101.4,6.34,5.2,5.55,6.57,11,1,1,1,2,0.23,0.14,5.82,133.4,8.34,7.05,6.22,8.64,10,3,0,0,3,0.23,0.23,8.44,165.4,10.34,8.9,7.02,10.7,10,2,1,1,2,0.23,0.14,8.96
DJ Moore,CHI,WR,2.0,16,55,3.44,82,5.12,788,49.25,14.33,33.0,2.06,82,24.62,9,0.56,2,0.12,13,0.81,172,10.75,13.23,6.0,0.38,0,0.0,68,4.25,95,5.94,39.0,2.44,3,0.19,0.04,1.0,102.0,6.38,5.65,5.64,6.58,11,1,1,2,1,0.23,0.07,5.88,129.5,8.09,7.1,6.41,8.33,11,1,2,1,1,0.14,0.07,8.27,157.0,9.81,9.1,7.26,10.07,10,3,0,2,1,0.23,0.07,8.66
Albert Wilson,FA,WR,0.0,7,26,3.71,35,5.0,391,55.86,15.04,11.0,1.57,75,36.14,7,1.0,4,0.57,8,1.14,16,2.29,2.0,2.0,0.29,0,0.0,34,4.86,43,6.14,13.0,1.86,0,0.0,0.0,0.84,70.8,10.11,4.3,9.61,9.13,4,0,1,0,2,0.4,0.4,5.82,83.8,11.97,6.8,9.82,11.07,4,0,1,0,2,0.4,0.4,8.24,96.8,13.83,9.3,10.07,13.08,4,0,1,1,1,0.4,0.17,8.6
Willie Snead IV,MIA,WR,3.0,16,62,3.88,95,5.94,651,40.69,10.5,37.0,2.31,28,16.19,5,0.31,1,0.06,1,0.06,13,0.81,13.0,1.0,0.06,0,0.0,63,3.94,96,6.0,38.0,2.38,0,0.0,0.0,1.0,72.4,4.53,5.4,2.74,5.59,15,0,1,0,0,0.0,0.0,5.0,103.4,6.46,7.9,3.69,7.63,13,2,1,0,0,0.0,0.0,8.0,134.4,8.4,10.4,4.73,9.6,12,3,1,0,0,0.0,0.0,8.6
Rashard Higgins,FA,WR,0.0,13,39,3.0,53,4.08,572,44.0,14.67,27.0,2.08,40,23.15,11,0.85,4,0.31,0,0.0,0,0.0,0.0,0.0,0.0,0,0.0,39,3.0,53,4.08,27.0,2.08,1,0.08,0.03,1.0,79.2,6.09,4.7,4.31,6.72,8,2,0,3,0,0.3,0.0,5.36,98.7,7.59,7.2,4.74,8.42,8,2,2,1,0,0.08,0.0,7.81,118.2,9.09,9.7,5.26,10.12,9,1,2,1,0,0.08,0.0,8.45
Zay Jones,ARI,WR,1.0,16,56,3.5,102,6.38,652,40.75,11.64,33.0,2.06,57,19.06,7,0.44,7,0.44,1,0.06,0,0.0,0.0,0.0,0.0,0,0.0,57,3.56,103,6.44,33.0,2.06,0,0.0,0.0,1.0,109.2,6.82,3.25,7.01,6.67,11,0,1,2,2,0.33,0.14,5.22,137.2,8.57,5.0,7.73,8.42,11,1,0,1,3,0.33,0.23,7.76,165.2,10.32,6.8,8.51,10.19,10,2,0,1,3,0.33,0.23,8.15
Courtland Sutton,DEN,WR,1.0,16,42,2.62,84,5.25,704,44.0,16.76,31.0,1.94,42,24.44,16,1.0,4,0.25,1,0.06,-1,-0.06,-1.0,0.0,0.0,0,0.0,43,2.69,85,5.31,31.0,1.94,0,0.0,0.0,1.0,94.3,5.89,5.4,3.87,6.68,10,4,0,2,0,0.14,0.0,5.56,115.3,7.21,6.95,4.35,8.17,11,3,0,2,0,0.14,0.0,7.74,136.3,8.52,8.75,4.89,9.65,14,0,0,2,0,0.14,0.0,8.08
Devin Funchess,FA,WR,0.0,14,44,3.14,79,5.64,549,39.21,12.48,35.0,2.5,27,16.64,8,0.57,4,0.29,0,0.0,0,0.0,0.0,0.0,0.0,0,0.0,44,3.14,79,5.64,35.0,2.5,0,0.0,0.0,1.0,78.9,5.64,4.25,4.43,6.18,10,1,0,3,0,0.27,0.0,5.08,100.9,7.21,6.0,5.22,7.8,10,0,1,3,0,0.27,0.0,7.68,122.9,8.78,7.55,6.09,9.42,10,0,2,2,0,0.17,0.0,7.57
Cole Beasley,FA,WR,0.0,16,65,4.06,87,5.44,672,42.0,10.34,39.0,2.44,32,15.06,3,0.19,3,0.19,0,0.0,0,0.0,0.0,0.0,0.0,0,0.0,65,4.06,87,5.44,39.0,2.44,0,0.0,0.0,1.0,85.2,5.32,4.4,5.76,5.47,13,1,0,0,2,0.14,0.14,4.88,117.7,7.36,6.15,6.75,7.47,13,1,0,0,2,0.14,0.14,7.6,150.2,9.39,7.95,7.8,9.47,12,1,1,1,1,0.14,0.07,7.8
Taylor Gabriel,FA,WR,0.0,16,67,4.19,93,5.81,688,43.0,10.27,31.0,1.94,54,18.62,7,0.44,2,0.12,9,0.56,61,3.81,6.78,3.0,0.19,0,0.0,76,4.75,102,6.38,34.0,2.12,1,0.06,0.01,1.0,84.9,5.31,4.05,5.6,5.48,14,0,0,1,1,0.14,0.07,4.74,118.4,7.4,6.2,6.21,7.67,13,1,0,1,1,0.14,0.07,7.54,151.9,9.49,8.1,6.9,9.87,12,1,2,0,1,0.07,0.07,8.01
Tyrell Williams,FA,WR,0.0,16,41,2.56,65,4.06,653,40.81,15.93,30.0,1.88,75,23.06,11,0.69,5,0.31,2,0.12,15,0.94,7.5,1.0,0.06,0,0.0,43,2.69,67,4.19,31.0,1.94,0,0.0,0.0,1.0,96.8,6.05,4.7,6.36,6.06,12,2,0,0,2,0.14,0.14,5.11,117.3,7.33,6.3,6.69,7.46,12,2,0,0,2,0.14,0.14,7.28,137.8,8.61,7.8,7.08,8.9,13,1,0,0,2,0.14,0.14,7.48
Ted Ginn Jr.,FA,WR,0.0,5,17,3.4,30,6.0,209,41.8,12.29,10.0,2.0,42,20.2,3,0.6,2,0.4,3,0.6,26,5.2,8.67,1.0,0.2,0,0.0,20,4.0,33,6.6,11.0,2.2,1,0.2,0.05,0.72,35.5,7.1,7.4,5.78,7.28,2,1,1,1,0,0.25,0.0,4.94,44.0,8.8,9.9,6.57,9.0,2,2,0,1,0,0.25,0.0,7.26,52.5,10.5,12.2,7.41,10.72,2,2,0,1,0,0.25,0.0,7.32
Jamison Crowder,WAS,WR,1.0,9,29,3.22,49,5.44,388,43.11,13.38,15.0,1.67,79,25.22,4,0.44,2,0.22,4,0.44,30,3.33,7.5,1.0,0.11,0,0.0,33,3.67,53,5.89,16.0,1.78,0,0.0,0.0,0.93,53.8,5.98,4.6,4.34,6.58,6,1,1,1,0,0.12,0.0,4.85,68.3,7.59,6.6,4.5,8.53,6,1,1,1,0,0.12,0.0,7.2,82.8,9.2,8.6,4.74,10.51,6,1,2,0,0,0.0,0.0,7.63
Kenny Stills,FA,WR,0.0,15,37,2.47,64,4.27,553,36.87,14.95,27.0,1.8,75,22.0,7,0.47,6,0.4,0,0.0,0,0.0,0.0,0.0,0.0,0,0.0,37,2.47,64,4.27,27.0,1.8,0,0.0,0.0,1.0,97.4,6.49,4.0,6.83,6.39,11,0,1,1,2,0.25,0.15,5.11,115.9,7.73,5.5,7.6,7.62,11,0,2,0,2,0.15,0.15,6.99,134.4,8.96,6.5,8.4,8.87,11,0,2,0,2,0.15,0.15,6.99
Anthony Miller,BAL,WR,2.0,15,33,2.2,54,3.6,423,28.2,12.82,19.0,1.27,55,16.0,6,0.4,7,0.47,6,0.4,26,1.73,4.33,2.0,0.13,0,0.0,39,2.6,60,4.0,21.0,1.4,0,0.0,0.0,1.0,87.2,5.81,5.8,4.83,6.23,9,4,1,0,1,0.07,0.07,5.41,103.7,6.91,6.6,5.38,7.43,10,3,1,0,1,0.07,0.07,6.91,120.2,8.01,7.5,6.0,8.63,12,2,0,0,1,0.07,0.07,7.05
Donte Moncrief,FA,WR,0.0,16,48,3.0,89,5.56,668,41.75,13.92,29.0,1.81,80,23.25,7,0.44,3,0.19,0,0.0,0,0.0,0.0,0.0,0.0,0,0.0,48,3.0,89,5.56,29.0,1.81,1,0.06,0.02,1.0,82.8,5.18,4.15,5.24,5.44,11,2,1,0,2,0.14,0.14,4.78,106.8,6.68,5.9,5.96,6.99,11,2,1,1,1,0.14,0.07,6.91,130.8,8.18,7.65,6.77,8.54,11,0,3,1,1,0.14,0.07,7.32
Keke Coutee,FA,WR,0.0,6,28,4.67,41,6.83,287,47.83,10.25,13.0,2.17,40,18.17,2,0.33,1,0.17,3,0.5,0,0.0,0.0,0.0,0.0,0,0.0,31,5.17,44,7.33,13.0,2.17,0,0.0,0.0,0.78,34.7,5.78,5.5,4.77,6.22,3,1,2,0,0,0.0,0.0,4.25,48.7,8.12,7.5,6.41,8.35,3,1,1,1,0,0.2,0.0,6.83,62.7,10.45,9.5,8.11,10.43,3,1,0,1,1,0.5,0.2,7.48
Antonio Callaway,FA,WR,0.0,16,43,2.69,79,4.94,586,36.62,13.63,27.0,1.69,71,22.88,8,0.5,5,0.31,2,0.12,7,0.44,3.5,1.0,0.06,0,0.0,45,2.81,81,5.06,28.0,1.75,1,0.06,0.02,1.0,89.3,5.58,4.5,5.0,5.93,11,0,2,3,0,0.23,0.0,4.98,110.8,6.92,5.75,5.6,7.37,11,0,3,2,0,0.14,0.0,6.82,132.3,8.27,7.05,6.23,8.82,11,0,3,2,0,0.14,0.0,7.05
John Brown,FA,WR,0.0,16,42,2.62,97,6.06,715,44.69,17.02,28.0,1.75,71,25.69,11,0.69,5,0.31,3,0.19,4,0.25,1.33,1.0,0.06,0,0.0,45,2.81,100,6.25,29.0,1.81,0,0.0,0.0,1.0,101.9,6.37,2.8,6.34,6.38,10,2,1,1,2,0.23,0.14,4.79,122.9,7.68,4.05,7.04,7.72,10,2,1,1,2,0.23,0.14,6.73,143.9,8.99,5.3,7.77,9.08,11,0,2,2,1,0.23,0.07,6.77
Michael Crabtree,FA,WR,0.0,16,54,3.38,100,6.25,607,37.94,11.24,35.0,2.19,27,15.0,6,0.38,3,0.19,0,0.0,0,0.0,0.0,0.0,0.0,0,0.0,54,3.38,100,6.25,35.0,2.19,0,0.0,0.0,1.0,78.7,4.92,3.4,3.86,5.58,13,1,1,1,0,0.07,0.0,4.31,105.7,6.61,4.9,4.59,7.39,11,3,1,1,0,0.07,0.0,6.73,132.7,8.29,6.4,5.39,9.17,11,4,0,1,0,0.07,0.0,6.95
Quincy Enunwa,FA,WR,0.0,11,38,3.45,68,6.18,449,40.82,11.82,22.0,2.0,42,18.0,6,0.55,1,0.09,1,0.09,0,0.0,0.0,0.0,0.0,0,0.0,39,3.55,69,6.27,22.0,2.0,1,0.09,0.03,1.0,48.9,4.45,4.0,4.17,4.95,8,1,1,1,0,0.1,0.0,4.34,67.9,6.17,5.5,5.08,6.73,8,1,1,1,0,0.1,0.0,6.66,86.9,7.9,7.0,6.03,8.5,8,1,1,1,0,0.1,0.0,6.96
Danny Amendola,FA,WR,0.0,15,59,3.93,79,5.27,575,38.33,9.75,27.0,1.8,39,17.13,4,0.27,1,0.07,1,0.07,-2,-0.13,-2.0,0.0,0.0,0,0.0,60,4.0,80,5.33,27.0,1.8,0,0.0,0.0,1.0,68.4,4.56,3.2,3.52,5.29,12,1,1,1,0,0.07,0.0,4.03,97.9,6.53,5.2,4.27,7.43,11,2,1,1,0,0.07,0.0,6.59,127.4,8.49,6.8,5.11,9.52,11,0,3,1,0,0.07,0.0,7.16
Paul Richardson Jr.,FA,WR,0.0,7,20,2.86,35,5.0,262,37.43,13.1,12.0,1.71,46,23.86,5,0.71,2,0.29,2,0.29,9,1.29,4.5,1.0,0.14,0,0.0,22,3.14,37,5.29,13.0,1.86,0,0.0,0.0,0.84,39.1,5.59,5.0,3.4,6.54,5,0,2,0,0,0.0,0.0,4.31,49.1,7.01,7.0,3.26,8.55,5,2,0,0,0,0.0,0.0,6.57,59.1,8.44,9.0,3.23,10.61,5,2,0,0,0,0.0,0.0,7.01
Josh Doctson,FA,WR,0.0,15,44,2.93,78,5.2,532,35.47,12.09,31.0,2.07,32,15.73,7,0.47,2,0.13,0,0.0,0,0.0,0.0,0.0,0.0,0,0.0,44,2.93,78,5.2,31.0,2.07,0,0.0,0.0,1.0,65.2,4.35,3.7,3.19,5.17,12,1,2,0,0,0.0,0.0,4.07,87.2,5.81,5.7,3.81,6.81,11,3,1,0,0,0.0,0.0,6.56,109.2,7.28,7.2,4.5,8.42,11,3,1,0,0,0.0,0.0,6.77
Randall Cobb,FA,WR,0.0,9,38,4.22,61,6.78,383,42.56,10.08,18.0,2.0,75,22.56,4,0.44,2,0.22,0,0.0,0,0.0,0.0,0.0,0.0,0,0.0,38,4.22,61,6.78,18.0,2.0,1,0.11,0.03,0.93,48.3,5.37,3.0,6.21,5.41,7,0,1,0,1,0.12,0.12,4.06,67.3,7.48,4.9,7.13,7.49,7,0,1,0,1,0.12,0.12,6.54,86.3,9.59,7.0,8.1,9.58,7,0,1,0,1,0.12,0.12,7.09
Dontrelle Inman,FA,WR,0.0,9,28,3.11,39,4.33,304,33.78,10.86,16.0,1.78,29,14.67,4,0.44,3,0.33,0,0.0,0,0.0,0.0,0.0,0.0,0,0.0,28,3.11,39,4.33,16.0,1.78,0,0.0,0.0,0.93,48.4,5.38,4.1,4.87,5.76,6,0,2,1,0,0.12,0.0,4.21,62.4,6.93,6.1,5.69,7.35,6,0,2,1,0,0.12,0.0,6.43,76.4,8.49,8.1,6.57,8.93,6,0,2,1,0,0.12,0.0,6.87
John Ross,PHI,WR,1.0,13,21,1.62,58,4.46,210,16.15,10.0,13.0,1.0,39,12.46,3,0.23,7,0.54,4,0.31,9,0.69,2.25,1.0,0.08,0,0.0,25,1.92,62,4.77,14.0,1.08,0,0.0,0.0,1.0,63.9,4.92,6.3,4.21,5.46,7,3,3,0,0,0.0,0.0,5.18,74.4,5.72,6.8,4.43,6.46,9,3,1,0,0,0.0,0.0,6.32,84.9,6.53,7.3,4.68,7.48,10,3,0,0,0,0.0,0.0,6.39
Kendrick Bourne,NE,WR,1.0,16,42,2.62,67,4.19,487,30.44,11.6,30.0,1.88,33,14.69,6,0.38,4,0.25,0,0.0,0,0.0,0.0,0.0,0.0,0,0.0,42,2.62,67,4.19,30.0,1.88,0,0.0,0.0,1.0,72.7,4.54,3.3,3.39,5.32,12,2,1,1,0,0.07,0.0,3.96,93.7,5.86,5.3,4.08,6.74,12,3,0,1,0,0.07,0.0,6.27,114.7,7.17,7.3,4.87,8.13,12,2,2,0,0,0.0,0.0,6.59
Seth Roberts,FA,WR,0.0,15,45,3.0,64,4.27,494,32.93,10.98,24.0,1.6,44,18.87,7,0.47,2,0.13,3,0.2,5,0.33,1.67,1.0,0.07,0,0.0,48,3.2,67,4.47,25.0,1.67,0,0.0,0.0,1.0,61.9,4.13,3.1,3.13,4.93,12,1,2,0,0,0.0,0.0,3.66,84.4,5.63,5.4,3.33,6.82,12,1,2,0,0,0.0,0.0,6.17,106.9,7.13,7.7,3.65,8.69,12,3,0,0,0,0.0,0.0,7.0
Bruce Ellington,FA,WR,0.0,7,31,4.43,42,6.0,224,32.0,7.23,14.0,2.0,23,13.71,2,0.29,1,0.14,1,0.14,2,0.29,2.0,0.0,0.0,0,0.0,32,4.57,43,6.14,14.0,2.0,0,0.0,0.0,0.84,28.6,4.09,3.5,2.88,4.99,6,0,1,0,0,0.0,0.0,3.36,44.1,6.3,6.0,3.25,7.68,6,0,1,0,0,0.0,0.0,6.09,59.6,8.51,9.0,3.87,10.23,6,0,1,0,0,0.0,0.0,6.95
Pierre Garcon,FA,WR,0.0,8,24,3.0,46,5.75,286,35.75,11.92,14.0,1.75,25,16.62,5,0.62,1,0.12,0,0.0,0,0.0,0.0,0.0,0.0,0,0.0,24,3.0,46,5.75,14.0,1.75,0,0.0,0.0,0.88,34.6,4.32,4.2,3.51,5.03,7,0,1,0,0,0.0,0.0,3.77,46.6,5.82,6.45,3.94,6.77,7,0,1,0,0,0.0,0.0,6.06,58.6,7.32,8.45,4.46,8.49,7,0,1,0,0,0.0,0.0,6.5
Dante Pettis,CHI,WR,3.0,12,27,2.25,45,3.75,467,38.92,17.3,19.0,1.58,75,21.33,9,0.75,5,0.42,1,0.08,-2,-0.17,-2.0,0.0,0.0,0,0.0,28,2.33,46,3.83,19.0,1.58,0,0.0,0.0,1.0,76.5,6.38,2.8,7.76,6.07,7,1,1,2,1,0.33,0.09,4.47,90.0,7.5,3.8,8.49,7.19,7,1,2,1,1,0.2,0.09,5.96,103.5,8.62,5.15,9.27,8.33,7,1,2,1,1,0.2,0.09,6.16
Marquez Valdes-Scantling,BUF,WR,2.0,16,38,2.38,73,4.56,581,36.31,15.29,23.0,1.44,60,20.38,8,0.5,2,0.12,2,0.12,29,1.81,14.5,2.0,0.12,0,0.0,40,2.5,75,4.69,25.0,1.56,0,0.0,0.0,1.0,73.0,4.56,4.05,4.37,5.02,11,1,3,1,0,0.07,0.0,4.19,92.0,5.75,5.05,5.15,6.25,11,1,3,1,0,0.07,0.0,5.86,111.0,6.94,5.8,6.0,7.47,11,4,0,1,0,0.07,0.0,5.87
Marquise Goodwin,FA,WR,0.0,11,23,2.09,44,4.0,395,35.91,17.17,19.0,1.73,67,22.36,5,0.45,4,0.36,4,0.36,9,0.82,2.25,1.0,0.09,0,0.0,27,2.45,48,4.36,20.0,1.82,0,0.0,0.0,1.0,64.4,5.85,2.8,7.34,5.66,8,1,1,0,1,0.1,0.1,4.09,75.9,6.9,3.8,7.74,6.77,8,1,1,0,1,0.1,0.1,5.85,87.4,7.95,4.8,8.17,7.92,8,2,0,0,1,0.1,0.1,5.8
Robert Foster,FA,WR,0.0,13,27,2.08,44,3.38,541,41.62,20.04,20.0,1.54,75,21.62,9,0.69,3,0.23,0,0.0,0,0.0,0.0,0.0,0.0,0,0.0,27,2.08,44,3.38,20.0,1.54,0,0.0,0.0,1.0,72.1,5.55,3.0,6.1,5.61,8,1,2,0,2,0.18,0.18,4.26,85.6,6.58,4.0,6.93,6.64,8,1,2,1,1,0.18,0.08,5.72,99.1,7.62,5.0,7.82,7.68,8,1,1,3,0,0.3,0.0,5.79
Chester Rogers,FA,WR,0.0,16,53,3.31,72,4.5,485,30.31,9.15,28.0,1.75,34,13.5,5,0.31,2,0.12,1,0.06,-4,-0.25,-4.0,0.0,0.0,0,0.0,54,3.38,73,4.56,28.0,1.75,0,0.0,0.0,1.0,64.1,4.01,2.6,3.97,4.51,13,0,3,0,0,0.0,0.0,3.3,90.6,5.66,4.0,5.08,6.17,12,1,1,2,0,0.14,0.0,5.59,117.1,7.32,5.5,6.27,7.79,12,0,2,2,0,0.14,0.0,5.97
Chris Hogan,FA,WR,0.0,16,35,2.19,55,3.44,532,33.25,15.2,22.0,1.38,63,20.06,11,0.69,3,0.19,0,0.0,0,0.0,0.0,0.0,0.0,0,0.0,35,2.19,55,3.44,22.0,1.38,0,0.0,0.0,1.0,71.2,4.45,3.25,4.69,4.81,13,1,0,1,1,0.14,0.07,3.85,88.7,5.54,4.75,5.27,5.99,11,3,1,1,0,0.07,0.0,5.42,106.2,6.64,6.25,5.95,7.16,11,3,1,1,0,0.07,0.0,5.8
Isaiah McKenzie,NYG,WR,2.0,8,18,2.25,30,3.75,179,22.38,9.94,10.0,1.25,23,10.75,1,0.12,0,0.0,10,1.25,66,8.25,6.6,4.0,0.5,2,0.25,28,3.5,40,5.0,14.0,1.75,1,0.12,0.04,0.88,34.5,4.31,3.6,4.49,4.71,6,1,0,1,0,0.14,0.0,3.55,43.5,5.44,4.85,5.2,5.89,7,0,0,1,0,0.14,0.0,5.29,52.5,6.56,6.1,6.03,7.06,6,1,1,0,0,0.0,0.0,5.1
Breshad Perriman,FA,WR,0.0,10,16,1.6,25,2.5,340,34.0,21.25,13.0,1.3,66,25.4,4,0.4,2,0.2,4,0.4,2,0.2,0.5,1.0,0.1,0,0.0,20,2.0,29,2.9,14.0,1.4,0,0.0,0.0,0.96,46.2,4.62,3.9,4.11,5.16,6,2,2,0,0,0.0,0.0,3.78,54.2,5.42,4.9,4.4,6.13,8,1,1,0,0,0.0,0.0,5.24,62.2,6.22,5.9,4.71,7.11,9,0,1,0,0,0.0,0.0,5.3
Jarius Wright,FA,WR,0.0,16,43,2.69,59,3.69,447,27.94,10.4,25.0,1.56,33,16.75,8,0.5,1,0.06,2,0.12,39,2.44,19.5,1.0,0.06,0,0.0,45,2.81,61,3.81,26.0,1.62,1,0.06,0.02,1.0,54.6,3.41,2.4,3.2,4.06,14,0,1,1,0,0.07,0.0,3.06,76.1,4.76,3.75,3.67,5.63,14,1,0,1,0,0.07,0.0,5.04,97.6,6.1,5.25,4.22,7.17,14,1,0,1,0,0.07,0.0,5.44
Michael Gallup,FA,WR,0.0,16,33,2.06,68,4.25,507,31.69,15.36,21.0,1.31,49,20.19,10,0.62,2,0.12,0,0.0,0,0.0,0.0,0.0,0.0,0,0.0,33,2.06,68,4.25,21.0,1.31,0,0.0,0.0,1.0,64.7,4.04,2.55,4.09,4.52,12,2,1,1,0,0.07,0.0,3.35,81.2,5.08,3.8,4.56,5.69,13,1,1,1,0,0.07,0.0,4.97,97.7,6.11,4.65,5.07,6.86,13,1,2,0,0,0.0,0.0,5.03
Taywan Taylor,FA,WR,0.0,13,37,2.85,56,4.31,466,35.85,12.59,19.0,1.46,55,17.31,3,0.23,1,0.08,0,0.0,0,0.0,0.0,0.0,0.0,0,0.0,37,2.85,56,4.31,19.0,1.46,1,0.08,0.03,1.0,50.6,3.89,2.4,3.57,4.5,10,1,2,0,0,0.0,0.0,3.19,69.1,5.32,3.4,4.22,6.07,10,2,1,0,0,0.0,0.0,4.95,87.6,6.74,4.4,4.99,7.6,9,2,2,0,0,0.0,0.0,5.23
Jakeem Grant Sr.,ATL,WR,1.0,10,21,2.1,34,3.4,268,26.8,12.76,13.0,1.3,52,16.6,2,0.2,2,0.2,1,0.1,5,0.5,5.0,0.0,0.0,0,0.0,22,2.2,35,3.5,13.0,1.3,0,0.0,0.0,0.96,39.3,3.93,3.2,5.48,4.08,9,0,0,0,1,0.11,0.11,3.44,49.8,4.98,4.2,5.7,5.28,9,0,0,0,1,0.11,0.11,4.94,60.3,6.03,5.2,6.01,6.49,9,0,0,1,0,0.11,0.0,5.0
Terrelle Pryor Sr.,FA,WR,0.0,8,16,2.0,30,3.75,252,31.5,15.75,11.0,1.38,44,17.75,5,0.62,2,0.25,1,0.12,-1,-0.12,-1.0,0.0,0.0,0,0.0,17,2.12,31,3.88,11.0,1.38,0,0.0,0.0,0.88,37.1,4.64,3.7,4.35,5.11,5,2,0,1,0,0.14,0.0,3.63,45.1,5.64,4.7,5.13,6.13,6,1,1,0,0,0.0,0.0,4.86,53.1,6.64,5.75,5.96,7.16,6,1,1,0,0,0.0,0.0,4.91
Keith Kirkwood,BAL,WR,3.0,8,13,1.62,21,2.62,209,26.12,16.08,10.0,1.25,42,19.12,4,0.5,2,0.25,0,0.0,0,0.0,0.0,0.0,0.0,0,0.0,13,1.62,21,2.62,10.0,1.25,0,0.0,0.0,0.88,32.9,4.11,3.75,2.72,5.09,7,1,0,0,0,0.0,0.0,3.36,39.4,4.92,4.9,2.76,6.25,7,1,0,0,0,0.0,0.0,4.8,45.9,5.74,6.15,2.88,7.42,8,0,0,0,0,0.0,0.0,5.03
Martavis Bryant,WAS,WR,2.0,8,19,2.38,27,3.38,266,33.25,14.0,10.0,1.25,47,19.12,6,0.75,0,0.0,3,0.38,23,2.88,7.67,1.0,0.12,0,0.0,22,2.75,30,3.75,11.0,1.38,1,0.12,0.05,0.88,26.9,3.36,3.2,2.22,4.38,7,1,0,0,0,0.0,0.0,3.01,36.4,4.55,4.7,2.59,5.87,8,0,0,0,0,0.0,0.0,4.76,45.9,5.74,6.0,3.03,7.33,8,0,0,0,0,0.0,0.0,5.04
Josh Reynolds,DEN,WR,2.0,16,29,1.81,53,3.31,402,25.12,13.86,23.0,1.44,33,13.0,6,0.38,5,0.31,2,0.12,8,0.5,4.0,1.0,0.06,0,0.0,31,1.94,55,3.44,24.0,1.5,0,0.0,0.0,1.0,71.0,4.44,1.9,6.09,4.49,13,0,0,1,2,0.23,0.14,3.39,85.5,5.34,2.65,6.89,5.4,12,1,0,2,1,0.23,0.07,4.71,100.0,6.25,3.4,7.74,6.31,12,1,0,3,0,0.23,0.0,4.53
Tre'Quan Smith,DET,WR,1.0,15,28,1.87,44,2.93,427,28.47,15.25,23.0,1.53,62,13.53,6,0.4,5,0.33,0,0.0,0,0.0,0.0,0.0,0.0,0,0.0,28,1.87,44,2.93,23.0,1.53,0,0.0,0.0,1.0,72.7,4.85,1.5,7.71,4.63,11,2,0,0,2,0.15,0.15,3.16,86.7,5.78,2.3,8.76,5.5,11,2,0,0,2,0.15,0.15,4.59,100.7,6.71,2.8,9.87,6.38,12,1,0,0,2,0.15,0.15,4.38
Jermaine Kearse,FA,WR,0.0,14,37,2.64,76,5.43,371,26.5,10.03,20.0,1.43,29,11.36,3,0.21,1,0.07,0,0.0,0,0.0,0.0,0.0,0.0,0,0.0,37,2.64,76,5.43,20.0,1.43,0,0.0,0.0,1.0,43.1,3.08,1.8,3.74,3.52,12,0,1,1,0,0.08,0.0,2.78,61.6,4.4,2.95,4.86,4.85,12,0,1,1,0,0.08,0.0,4.48,80.1,5.72,3.95,6.01,6.16,12,0,0,2,0,0.17,0.0,4.81
Keelan Cole Sr.,FA,WR,0.0,16,38,2.38,70,4.38,491,30.69,12.92,25.0,1.56,35,13.44,7,0.44,1,0.06,0,0.0,0,0.0,0.0,0.0,0.0,0,0.0,38,2.38,70,4.38,25.0,1.56,2,0.12,0.05,1.0,51.1,3.19,1.85,4.51,3.48,15,0,0,0,1,0.07,0.07,2.76,70.1,4.38,2.85,5.42,4.7,15,0,0,0,1,0.07,0.07,4.43,89.1,5.57,3.85,6.37,5.91,15,0,0,0,1,0.07,0.07,4.53
David Moore,CAR,WR,2.0,16,26,1.62,53,3.31,445,27.81,17.12,19.0,1.19,54,16.69,8,0.5,5,0.31,1,0.06,5,0.31,5.0,0.0,0.0,0,0.0,27,1.69,54,3.38,19.0,1.19,0,0.0,0.0,1.0,75.0,4.69,1.6,6.28,4.71,12,0,1,0,3,0.23,0.23,3.46,88.0,5.5,2.35,6.91,5.55,12,0,1,3,0,0.23,0.0,4.39,101.0,6.31,3.1,7.56,6.41,12,1,0,3,0,0.23,0.0,4.44
Brandon LaFell,FA,WR,0.0,6,12,2.0,16,2.67,135,22.5,11.25,9.0,1.5,24,11.83,1,0.17,2,0.33,0,0.0,0,0.0,0.0,0.0,0.0,0,0.0,12,2.0,16,2.67,9.0,1.5,0,0.0,0.0,0.78,25.5,4.25,3.35,4.36,4.68,4,1,1,0,0,0.0,0.0,2.72,31.5,5.25,5.1,4.89,5.78,4,1,1,0,0,0.0,0.0,4.37,37.5,6.25,6.85,5.51,6.88,5,1,0,0,0,0.0,0.0,4.51
Kelvin Benjamin,FA,WR,0.0,15,25,1.67,67,4.47,380,25.33,15.2,16.0,1.07,40,18.8,5,0.33,1,0.07,0,0.0,0,0.0,0.0,0.0,0.0,0,0.0,25,1.67,67,4.47,16.0,1.07,0,0.0,0.0,1.0,44.0,2.93,2.9,2.37,3.76,13,2,0,0,0,0.0,0.0,3.11,56.5,3.77,3.7,2.83,4.75,15,0,0,0,0,0.0,0.0,4.36,69.0,4.6,4.2,3.35,5.73,15,0,0,0,0,0.0,0.0,4.42
Chris Conley,SF,WR,2.0,16,32,2.0,52,3.25,334,20.88,10.44,18.0,1.12,27,13.69,4,0.25,5,0.31,0,0.0,0,0.0,0.0,0.0,0.0,0,0.0,32,2.0,52,3.25,18.0,1.12,2,0.12,0.06,1.0,59.4,3.71,2.0,4.85,3.98,13,2,0,0,1,0.07,0.07,2.9,75.4,4.71,2.85,5.58,5.02,14,1,0,0,1,0.07,0.07,4.22,91.4,5.71,3.6,6.34,6.07,14,1,0,0,1,0.07,0.07,4.38
DeVante Parker,FA,WR,0.0,11,24,2.18,47,4.27,309,28.09,12.88,14.0,1.27,46,13.91,3,0.27,1,0.09,0,0.0,0,0.0,0.0,0.0,0.0,0,0.0,24,2.18,47,4.27,14.0,1.27,0,0.0,0.0,1.0,36.9,3.35,1.3,4.5,3.66,9,0,1,1,0,0.1,0.0,2.55,48.9,4.45,2.3,5.41,4.77,9,0,1,1,0,0.1,0.0,4.03,60.9,5.54,3.3,6.36,5.87,9,0,1,1,0,0.1,0.0,4.23
Trey Quinn,FA,WR,0.0,3,9,3.0,10,3.33,75,25.0,8.33,5.0,1.67,15,8.33,0,0.0,1,0.33,1,0.33,0,0.0,0.0,0.0,0.0,0,0.0,10,3.33,11,3.67,5.0,1.67,0,0.0,0.0,0.56,13.5,4.5,4.9,4.31,4.96,2,1,0,0,0,0.0,0.0,2.41,18.0,6.0,6.9,5.6,6.38,2,1,0,0,0,0.0,0.0,4.0,22.5,7.5,8.9,6.91,7.8,2,0,1,0,0,0.0,0.0,3.93
Laquon Treadwell,IND,WR,1.0,15,35,2.33,53,3.53,302,20.13,8.63,16.0,1.07,22,10.4,1,0.07,1,0.07,0,0.0,0,0.0,0.0,0.0,0.0,0,0.0,35,2.33,53,3.53,16.0,1.07,0,0.0,0.0,1.0,36.2,2.41,1.8,2.13,3.18,14,1,0,0,0,0.0,0.0,2.34,53.7,3.58,3.1,2.47,4.67,14,1,0,0,0,0.0,0.0,4.0,71.2,4.75,4.6,2.91,6.13,15,0,0,0,0,0.0,0.0,4.64
Ryan Grant,FA,WR,0.0,14,35,2.5,52,3.71,334,23.86,9.54,18.0,1.29,23,11.5,3,0.21,1,0.07,0,0.0,0,0.0,0.0,0.0,0.0,0,0.0,35,2.5,52,3.71,18.0,1.29,0,0.0,0.0,1.0,39.4,2.81,1.55,2.93,3.42,13,0,1,0,0,0.0,0.0,2.36,56.9,4.06,2.55,3.85,4.75,12,2,0,0,0,0.0,0.0,3.93,74.4,5.31,3.55,4.86,6.03,10,3,1,0,0,0.0,0.0,4.2
Bennie Fowler III,FA,WR,0.0,10,16,1.6,27,2.7,199,19.9,12.44,12.0,1.2,26,13.3,3,0.3,1,0.1,0,0.0,0,0.0,0.0,0.0,0.0,0,0.0,16,1.6,27,2.7,12.0,1.2,0,0.0,0.0,0.96,25.9,2.59,2.2,2.05,3.44,10,0,0,0,0,0.0,0.0,2.44,33.9,3.39,3.2,2.37,4.47,10,0,0,0,0,0.0,0.0,3.82,41.9,4.19,3.95,2.78,5.47,10,0,0,0,0,0.0,0.0,3.9
Demarcus Robinson,LAR,WR,2.0,16,22,1.38,33,2.06,288,18.0,13.09,12.0,0.75,89,14.38,3,0.19,4,0.25,0,0.0,0,0.0,0.0,0.0,0.0,0,0.0,22,1.38,33,2.06,12.0,0.75,0,0.0,0.0,1.0,52.8,3.3,2.2,4.05,3.7,14,1,0,1,0,0.07,0.0,2.66,63.8,3.99,3.2,4.28,4.54,15,0,0,1,0,0.07,0.0,3.77,74.8,4.68,4.05,4.59,5.38,15,0,1,0,0,0.0,0.0,3.98
Cody Latimer,FA,WR,0.0,6,11,1.83,16,2.67,190,31.67,17.27,6.0,1.0,39,22.0,4,0.67,1,0.17,0,0.0,0,0.0,0.0,0.0,0.0,0,0.0,11,1.83,16,2.67,6.0,1.0,0,0.0,0.0,0.78,25.0,4.17,2.8,4.84,4.47,5,0,0,1,0,0.2,0.0,2.69,30.5,5.08,3.55,5.53,5.43,5,0,0,1,0,0.2,0.0,3.73,36.0,6.0,4.3,6.24,6.4,5,0,0,1,0,0.2,0.0,3.77
Maurice Harris,FA,WR,0.0,12,28,2.33,47,3.92,304,25.33,10.86,12.0,1.0,42,13.33,3,0.25,0,0.0,2,0.17,10,0.83,5.0,1.0,0.08,0,0.0,30,2.5,49,4.08,13.0,1.08,0,0.0,0.0,1.0,31.4,2.62,1.6,3.58,3.02,11,0,0,1,0,0.09,0.0,2.38,45.4,3.78,2.4,5.01,4.14,11,0,0,1,0,0.09,0.0,3.69,59.4,4.95,3.15,6.45,5.23,11,0,0,0,1,0.09,0.09,4.01
Marcell Ateman,FA,WR,0.0,7,15,2.14,31,4.43,154,22.0,10.27,7.0,1.0,32,14.14,2,0.29,1,0.14,0,0.0,0,0.0,0.0,0.0,0.0,0,0.0,15,2.14,31,4.43,7.0,1.0,0,0.0,0.0,0.84,21.4,3.06,2.0,2.73,3.78,6,1,0,0,0,0.0,0.0,2.31,28.9,4.13,3.1,3.15,5.07,7,0,0,0,0,0.0,0.0,3.61,36.4,5.2,4.6,3.66,6.34,7,0,0,0,0,0.0,0.0,4.03
Tavon Austin,FA,WR,0.0,7,8,1.14,13,1.86,140,20.0,17.5,5.0,0.71,64,18.0,2,0.29,2,0.29,6,0.86,55,7.86,9.17,2.0,0.29,0,0.0,14,2.0,19,2.71,7.0,1.0,0,0.0,0.0,0.84,31.5,4.5,1.9,5.54,4.66,5,1,0,1,0,0.17,0.0,2.61,35.5,5.07,2.4,5.94,5.32,5,1,0,1,0,0.17,0.0,3.5,39.5,5.64,2.9,6.36,5.99,6,0,0,1,0,0.17,0.0,3.39
Jordan Matthews,CAR,WR,3.0,14,20,1.43,28,2.0,300,21.43,15.0,14.0,1.0,56,13.14,3,0.21,2,0.14,0,0.0,0,0.0,0.0,0.0,0.0,0,0.0,20,1.43,28,2.0,14.0,1.0,0,0.0,0.0,1.0,42.0,3.0,1.7,3.71,3.44,12,0,2,0,0,0.0,0.0,2.25,52.0,3.71,2.7,4.07,4.28,12,0,2,0,0,0.0,0.0,3.49,62.0,4.43,3.7,4.5,5.12,12,2,0,0,0,0.0,0.0,3.73
Aldrick Robinson,FA,WR,0.0,14,17,1.21,35,2.5,231,16.5,13.59,12.0,0.86,40,11.64,2,0.14,5,0.36,0,0.0,0,0.0,0.0,0.0,0.0,0,0.0,17,1.21,35,2.5,12.0,0.86,0,0.0,0.0,1.0,53.1,3.79,1.5,4.99,4.04,10,1,2,1,0,0.08,0.0,2.57,61.6,4.4,2.0,5.33,4.74,10,2,1,1,0,0.08,0.0,3.48,70.1,5.01,2.5,5.73,5.45,12,1,0,1,0,0.08,0.0,3.54
Eli Rogers,FA,WR,0.0,3,12,4.0,14,4.67,79,26.33,6.58,5.0,1.67,17,8.33,0,0.0,0,0.0,1,0.33,-4,-1.33,-4.0,0.0,0.0,0,0.0,13,4.33,15,5.0,5.0,1.67,0,0.0,0.0,0.56,9.5,3.17,2.2,1.85,4.32,3,0,0,0,0,0.0,0.0,1.73,15.5,5.17,4.0,3.21,6.32,3,0,0,0,0,0.0,0.0,3.41,21.5,7.17,6.0,4.66,8.22,2,1,0,0,0,0.0,0.0,3.45
Phillip Dorsett II,DEN,WR,3.0,16,32,2.0,42,2.62,290,18.12,9.06,17.0,1.06,20,7.56,1,0.06,3,0.19,4,0.25,29,1.81,7.25,2.0,0.12,0,0.0,36,2.25,46,2.88,19.0,1.19,0,0.0,0.0,1.0,49.9,3.12,1.15,4.45,3.41,13,0,2,1,0,0.07,0.0,2.21,65.9,4.12,1.65,5.49,4.41,13,0,2,1,0,0.07,0.0,3.4,81.9,5.12,2.4,6.55,5.39,13,0,2,1,0,0.07,0.0,3.5
Torrey Smith,FA,WR,0.0,11,17,1.55,31,2.82,190,17.27,11.18,12.0,1.09,35,10.45,2,0.18,2,0.18,0,0.0,0,0.0,0.0,0.0,0.0,0,0.0,17,1.55,31,2.82,12.0,1.09,0,0.0,0.0,1.0,33.0,3.0,1.5,4.31,3.31,9,0,1,1,0,0.1,0.0,2.34,41.5,3.77,2.0,5.16,4.1,9,1,0,1,0,0.1,0.0,3.4,50.0,4.55,2.5,6.03,4.89,9,1,0,1,0,0.1,0.0,3.37
Equanimeous St. Brown,NO,WR,1.0,12,21,1.75,36,3.0,328,27.33,15.62,13.0,1.08,54,15.83,5,0.42,0,0.0,1,0.08,5,0.42,5.0,0.0,0.0,0,0.0,22,1.83,37,3.08,13.0,1.08,0,0.0,0.0,1.0,33.3,2.78,1.4,3.39,3.25,10,1,1,0,0,0.0,0.0,2.17,43.8,3.65,2.15,4.03,4.22,10,1,1,0,0,0.0,0.0,3.4,54.3,4.52,2.75,4.69,5.18,10,1,1,0,0,0.0,0.0,3.48
Tajae Sharpe,FA,WR,0.0,16,26,1.62,47,2.94,316,19.75,12.15,22.0,1.38,28,9.31,2,0.12,2,0.12,1,0.06,16,1.0,16.0,1.0,0.06,0,0.0,27,1.69,48,3.0,23.0,1.44,0,0.0,0.0,1.0,45.2,2.82,1.5,3.63,3.25,13,1,2,0,0,0.0,0.0,2.2,58.2,3.64,1.75,4.55,4.08,13,1,2,0,0,0.0,0.0,3.35,71.2,4.45,2.0,5.51,4.89,14,0,1,1,0,0.07,0.0,3.15
Ryan Switzer,FA,WR,0.0,16,36,2.25,44,2.75,253,15.81,7.03,15.0,0.94,24,8.69,1,0.06,1,0.06,6,0.38,21,1.31,3.5,1.0,0.06,0,0.0,42,2.62,50,3.12,16.0,1.0,0,0.0,0.0,1.0,33.4,2.09,1.5,2.18,2.73,15,1,0,0,0,0.0,0.0,2.0,51.4,3.21,2.3,2.95,4.01,15,1,0,0,0,0.0,0.0,3.34,69.4,4.34,3.05,3.82,5.23,15,1,0,0,0,0.0,0.0,3.62
Chad Williams,FA,WR,0.0,10,17,1.7,46,4.6,171,17.1,10.06,9.0,0.9,22,10.0,1,0.1,1,0.1,1,0.1,9,0.9,9.0,0.0,0.0,0,0.0,18,1.8,47,4.7,9.0,0.9,0,0.0,0.0,0.96,24.0,2.4,1.45,2.75,2.96,9,1,0,0,0,0.0,0.0,2.16,32.5,3.25,2.2,3.27,3.96,10,0,0,0,0,0.0,0.0,3.28,41.0,4.1,2.95,3.89,4.92,10,0,0,0,0,0.0,0.0,3.49
Zach Pascal,ARI,WR,2.0,16,27,1.69,46,2.88,268,16.75,9.93,15.0,0.94,28,9.25,1,0.06,2,0.12,2,0.12,10,0.62,5.0,1.0,0.06,0,0.0,29,1.81,48,3.0,16.0,1.0,0,0.0,0.0,1.0,39.8,2.49,1.15,4.05,2.79,14,0,1,1,0,0.07,0.0,1.97,53.3,3.33,1.65,4.98,3.65,14,0,0,2,0,0.14,0.0,3.11,66.8,4.18,2.15,5.95,4.5,14,0,0,2,0,0.14,0.0,3.15
Allen Hurns,FA,WR,0.0,16,20,1.25,35,2.19,295,18.44,14.75,11.0,0.69,49,13.06,6,0.38,2,0.12,0,0.0,0,0.0,0.0,0.0,0.0,0,0.0,20,1.25,35,2.19,11.0,0.69,0,0.0,0.0,1.0,41.5,2.59,1.45,2.79,3.19,14,2,0,0,0,0.0,0.0,2.08,51.5,3.22,1.95,3.21,3.94,15,1,0,0,0,0.0,0.0,2.92,61.5,3.84,2.45,3.69,4.67,15,1,0,0,0,0.0,0.0,3.07
Chris Moore,ARI,WR,3.0,16,19,1.19,25,1.56,196,12.25,10.32,8.0,0.5,30,10.62,3,0.19,1,0.06,5,0.31,17,1.06,3.4,1.0,0.06,0,0.0,24,1.5,30,1.88,9.0,0.56,0,0.0,0.0,1.0,27.3,1.71,1.9,1.47,2.46,16,0,0,0,0,0.0,0.0,1.93,36.8,2.3,2.65,1.57,3.36,16,0,0,0,0,0.0,0.0,2.87,46.3,2.89,3.15,1.74,4.25,16,0,0,0,0,0.0,0.0,3.15
Trent Taylor,SF,WR,3.0,14,26,1.86,40,2.86,215,15.36,8.27,11.0,0.79,23,8.93,1,0.07,1,0.07,0,0.0,0,0.0,0.0,0.0,0.0,0,0.0,26,1.86,40,2.86,11.0,0.79,0,0.0,0.0,1.0,29.5,2.11,1.15,3.07,2.53,13,0,0,1,0,0.08,0.0,1.86,42.5,3.04,1.65,3.95,3.52,13,0,0,1,0,0.08,0.0,2.86,55.5,3.96,2.15,4.86,4.5,13,0,0,1,0,0.08,0.0,3.05
Marcus Johnson,FA,WR,0.0,5,6,1.2,8,1.6,102,20.4,17.0,5.0,1.0,34,13.4,1,0.2,1,0.2,1,0.2,-2,-0.4,-2.0,0.0,0.0,0,0.0,7,1.4,9,1.8,5.0,1.0,0,0.0,0.0,0.72,16.0,3.2,2.4,4.66,3.46,4,0,1,0,0,0.0,0.0,1.82,19.0,3.8,3.4,5.03,4.15,4,0,1,0,0,0.0,0.0,2.81,22.0,4.4,4.4,5.43,4.86,4,1,0,0,0,0.0,0.0,2.8
Travis Benjamin,FA,WR,0.0,12,12,1.0,24,2.0,186,15.5,15.5,9.0,0.75,46,11.83,4,0.33,1,0.08,7,0.58,41,3.42,5.86,2.0,0.17,0,0.0,19,1.58,31,2.58,11.0,0.92,0,0.0,0.0,1.0,28.7,2.39,1.2,3.26,2.83,11,0,1,0,0,0.0,0.0,1.87,34.7,2.89,1.7,3.63,3.43,11,0,1,0,0,0.0,0.0,2.77,40.7,3.39,2.2,4.03,4.03,11,1,0,0,0,0.0,0.0,2.75
DaeSean Hamilton,FA,WR,0.0,14,30,2.14,46,3.29,243,17.36,8.1,16.0,1.14,24,7.29,1,0.07,2,0.14,0,0.0,0,0.0,0.0,0.0,0.0,0,0.0,30,2.14,46,3.29,16.0,1.14,0,0.0,0.0,1.0,36.3,2.59,0.2,3.79,2.95,12,0,2,0,0,0.0,0.0,1.59,51.3,3.66,0.45,5.13,3.99,12,0,2,0,0,0.0,0.0,2.67,66.3,4.74,0.7,6.5,5.0,11,1,1,1,0,0.08,0.0,2.71
Brandon Marshall,FA,WR,0.0,7,11,1.57,23,3.29,136,19.43,12.36,7.0,1.0,27,11.57,2,0.29,1,0.14,0,0.0,0,0.0,0.0,0.0,0.0,0,0.0,11,1.57,23,3.29,7.0,1.0,0,0.0,0.0,0.84,19.6,2.8,1.1,3.81,3.19,6,0,1,0,0,0.0,0.0,1.71,25.1,3.59,1.6,4.41,4.05,6,0,1,0,0,0.0,0.0,2.67,30.6,4.37,2.1,5.06,4.91,6,0,1,0,0,0.0,0.0,2.62
James Washington,FA,WR,0.0,14,16,1.14,38,2.71,217,15.5,13.56,11.0,0.79,47,9.86,3,0.21,1,0.07,0,0.0,0,0.0,0.0,0.0,0.0,0,0.0,16,1.14,38,2.71,11.0,0.79,0,0.0,0.0,1.0,27.7,1.98,1.05,2.71,2.45,13,1,0,0,0,0.0,0.0,1.67,35.7,2.55,1.8,3.14,3.14,14,0,0,0,0,0.0,0.0,2.64,43.7,3.12,2.55,3.61,3.81,14,0,0,0,0,0.0,0.0,2.82
Deontay Burnett,DAL,WR,2.0,5,10,2.0,15,3.0,143,28.6,14.3,7.0,1.4,29,12.6,3,0.6,0,0.0,0,0.0,0,0.0,0.0,0.0,0.0,0,0.0,10,2.0,15,3.0,7.0,1.4,0,0.0,0.0,0.72,14.3,2.86,0.9,3.55,3.31,4,1,0,0,0,0.0,0.0,1.43,19.3,3.86,1.4,4.72,4.29,4,1,0,0,0,0.0,0.0,2.56,24.3,4.86,1.9,5.89,5.26,4,1,0,0,0,0.0,0.0,2.28
Cameron Meredith,FA,WR,0.0,6,9,1.5,10,1.67,114,19.0,12.67,4.0,0.67,46,12.83,2,0.33,1,0.17,0,0.0,0,0.0,0.0,0.0,0.0,0,0.0,9,1.5,10,1.67,4.0,0.67,1,0.17,0.11,0.78,15.4,2.57,1.6,3.07,3.08,5,1,0,0,0,0.0,0.0,1.6,19.9,3.32,2.35,3.78,3.89,6,0,0,0,0,0.0,0.0,2.42,24.4,4.07,3.1,4.62,4.67,6,0,0,0,0,0.0,0.0,2.57
Tim Patrick,DEN,WR,4.0,16,23,1.44,41,2.56,315,19.69,13.7,15.0,0.94,26,10.31,6,0.38,1,0.06,3,0.19,17,1.06,5.67,2.0,0.12,0,0.0,26,1.62,44,2.75,17.0,1.06,1,0.06,0.04,1.0,37.2,2.32,0.3,3.4,2.72,14,0,2,0,0,0.0,0.0,1.48,48.7,3.04,0.55,4.28,3.47,14,1,1,0,0,0.0,0.0,2.41,60.2,3.76,0.8,5.23,4.19,14,1,1,0,0,0.0,0.0,2.27
Trent Sherfield Sr.,MIN,WR,3.0,13,19,1.46,28,2.15,210,16.15,11.05,11.0,0.85,21,7.08,1,0.08,1,0.08,0,0.0,0,0.0,0.0,0.0,0.0,0,0.0,19,1.46,28,2.15,11.0,0.85,0,0.0,0.0,1.0,27.0,2.08,0.6,3.0,2.51,11,2,0,0,0,0.0,0.0,1.46,36.5,2.81,1.1,3.95,3.26,11,2,0,0,0,0.0,0.0,2.38,46.0,3.54,1.6,4.92,4.0,11,2,0,0,0,0.0,0.0,2.46
Deonte Thompson,FA,WR,0.0,13,17,1.31,30,2.31,161,12.38,9.47,10.0,0.77,15,7.85,0,0.0,0,0.0,0,0.0,0,0.0,0.0,0.0,0.0,0,0.0,17,1.31,30,2.31,10.0,0.77,0,0.0,0.0,1.0,16.1,1.24,1.2,1.16,1.9,13,0,0,0,0,0.0,0.0,1.47,24.6,1.89,1.7,1.77,2.69,13,0,0,0,0,0.0,0.0,2.37,33.1,2.55,2.2,2.38,3.45,13,0,0,0,0,0.0,0.0,2.49
Jaron Brown,FA,WR,0.0,16,14,0.88,19,1.19,166,10.38,11.86,9.0,0.56,45,7.38,1,0.06,5,0.31,0,0.0,0,0.0,0.0,0.0,0.0,0,0.0,14,0.88,19,1.19,9.0,0.56,0,0.0,0.0,1.0,46.6,2.91,0.35,5.11,3.08,14,1,0,0,1,0.07,0.07,1.68,53.6,3.35,0.85,5.51,3.58,14,1,0,0,1,0.07,0.07,2.36,60.6,3.79,1.35,5.92,4.09,15,0,0,0,1,0.07,0.07,2.48
T.J. Jones,FA,WR,0.0,15,19,1.27,27,1.8,190,12.67,10.0,10.0,0.67,26,9.2,3,0.2,2,0.13,0,0.0,0,0.0,0.0,0.0,0.0,0,0.0,19,1.27,27,1.8,10.0,0.67,0,0.0,0.0,1.0,31.0,2.07,0.6,4.04,2.32,14,0,0,0,1,0.07,0.07,1.55,40.5,2.7,1.1,4.5,3.04,14,0,0,1,0,0.07,0.0,2.27,50.0,3.33,1.6,5.03,3.75,14,0,0,1,0,0.07,0.0,2.42
Jake Kumerow,FA,WR,0.0,5,8,1.6,11,2.2,103,20.6,12.88,4.0,0.8,49,14.4,1,0.2,1,0.2,0,0.0,0,0.0,0.0,0.0,0.0,0,0.0,8,1.6,11,2.2,4.0,0.8,0,0.0,0.0,0.72,16.3,3.26,1.1,5.38,3.4,4,0,0,1,0,0.25,0.0,1.69,20.3,4.06,1.6,5.86,4.27,4,0,1,0,0,0.0,0.0,2.25,24.3,4.86,2.1,6.37,5.16,4,0,1,0,0,0.0,0.0,2.25
Brandon Powell,MIN,WR,1.5,6,11,1.83,17,2.83,129,21.5,11.73,6.0,1.0,41,10.17,1,0.17,0,0.0,1,0.17,4,0.67,4.0,0.0,0.0,0,0.0,12,2.0,18,3.0,6.0,1.0,0,0.0,0.0,0.78,13.3,2.22,0.75,4.0,2.49,5,0,1,0,0,0.0,0.0,1.25,18.8,3.13,1.25,5.1,3.41,5,0,1,0,0,0.0,0.0,2.2,24.3,4.05,1.75,6.22,4.32,5,0,1,0,0,0.0,0.0,2.14
Michael Floyd,FA,WR,0.0,13,10,0.77,24,1.85,100,7.69,10.0,5.0,0.38,20,6.31,1,0.08,1,0.08,0,0.0,0,0.0,0.0,0.0,0.0,0,0.0,10,0.77,24,1.85,5.0,0.38,0,0.0,0.0,1.0,18.0,1.38,1.5,1.8,1.9,13,0,0,0,0,0.0,0.0,1.54,23.0,1.77,2.0,2.0,2.44,13,0,0,0,0,0.0,0.0,2.15,28.0,2.15,2.0,2.25,2.96,13,0,0,0,0,0.0,0.0,2.17
Ty Montgomery II,FA,WR,0.0,13,25,1.92,40,3.08,235,18.08,9.4,7.0,0.54,43,10.85,2,0.15,0,0.0,41,3.15,188,14.46,4.59,10.0,0.77,1,0.08,66,5.08,81,6.23,17.0,1.31,1,0.08,0.02,1.0,0.0,0.0,0.0,0.0,0.0,13,0,0,0,0,0.0,0.0,0.62,12.5,0.96,0.5,0.9,1.62,13,0,0,0,0,0.0,0.0,2.12,25.0,1.92,1.0,1.8,2.8,13,0,0,0,0,0.0,0.0,2.14
Russell Shepard,FA,WR,0.0,12,10,0.83,19,1.58,188,15.67,18.8,7.0,0.58,49,13.33,4,0.33,2,0.17,0,0.0,0,0.0,0.0,0.0,0.0,0,0.0,10,0.83,19,1.58,7.0,0.58,0,0.0,0.0,1.0,30.8,2.57,0.45,3.78,2.93,10,1,0,1,0,0.09,0.0,1.63,35.8,2.98,0.7,4.16,3.42,11,0,1,0,0,0.0,0.0,2.1,40.8,3.4,0.95,4.56,3.92,11,0,1,0,0,0.0,0.0,2.11
DeAndre Carter,CHI,WR,4.0,14,22,1.57,25,1.79,216,15.43,9.82,10.0,0.71,50,9.43,2,0.14,0,0.0,1,0.07,7,0.5,7.0,0.0,0.0,0,0.0,23,1.64,26,1.86,10.0,0.71,1,0.07,0.04,1.0,20.3,1.45,0.5,2.19,1.9,14,0,0,0,0,0.0,0.0,1.14,31.3,2.24,1.0,3.07,2.76,14,0,0,0,0,0.0,0.0,2.05,42.3,3.02,1.5,4.05,3.59,13,1,0,0,0,0.0,0.0,2.22
Andy Jones,FA,WR,0.0,8,11,1.38,24,3.0,80,10.0,7.27,6.0,0.75,15,5.12,0,0.0,1,0.12,0,0.0,0,0.0,0.0,0.0,0.0,0,0.0,11,1.38,24,3.0,6.0,0.75,0,0.0,0.0,0.88,14.0,1.75,0.45,2.67,2.18,8,0,0,0,0,0.0,0.0,1.19,19.5,2.44,0.95,3.46,2.93,8,0,0,0,0,0.0,0.0,2.01,25.0,3.12,1.45,4.33,3.65,8,0,0,0,0,0.0,0.0,2.07
Brandon Powell,MIN,WR,1.5,6,11,1.83,17,2.83,129,21.5,11.73,3.0,0.5,41,10.17,1,0.17,0,0.0,1,0.17,4,0.67,4.0,0.0,0.0,0,0.0,12,2.0,18,3.0,3.0,0.5,0,0.0,0.0,0.78,13.3,2.22,0.75,4.0,2.49,5,0,1,0,0,0.0,0.0,1.25,18.8,3.13,1.25,5.1,3.41,5,0,1,0,0,0.0,0.0,1.95,24.3,4.05,1.75,6.22,4.32,5,0,1,0,0,0.0,0.0,2.14
Cody Core,FA,WR,0.0,14,13,0.93,28,2.0,160,11.43,12.31,7.0,0.5,30,8.36,2,0.14,1,0.07,0,0.0,0,0.0,0.0,0.0,0.0,0,0.0,13,0.93,28,2.0,7.0,0.5,0,0.0,0.0,1.0,24.0,1.71,0.35,2.68,2.13,13,1,0,0,0,0.0,0.0,1.19,30.5,2.18,0.6,3.02,2.7,13,1,0,0,0,0.0,0.0,1.77,37.0,2.64,0.85,3.43,3.27,14,0,0,0,0,0.0,0.0,1.85
Andre Holmes,FA,WR,0.0,15,13,0.87,24,1.6,162,10.8,12.46,8.0,0.53,24,8.73,5,0.33,0,0.0,0,0.0,0,0.0,0.0,0.0,0.0,0,0.0,13,0.87,24,1.6,8.0,0.53,0,0.0,0.0,1.0,16.2,1.08,0.6,1.33,1.6,15,0,0,0,0,0.0,0.0,1.04,22.7,1.51,1.1,1.71,2.17,15,0,0,0,0,0.0,0.0,1.73,29.2,1.95,1.6,2.12,2.72,15,0,0,0,0,0.0,0.0,1.89
De'Anthony Thomas,FA,WR,0.0,5,3,0.6,5,1.0,29,5.8,9.67,3.0,0.6,15,5.8,0,0.0,1,0.2,1,0.2,6,1.2,6.0,0.0,0.0,0,0.0,4,0.8,6,1.2,3.0,0.6,0,0.0,0.0,0.72,9.5,1.9,1.3,2.51,2.4,5,0,0,0,0,0.0,0.0,1.15,11.0,2.2,1.8,2.71,2.81,5,0,0,0,0,0.0,0.0,1.72,12.5,2.5,2.3,2.92,3.22,5,0,0,0,0,0.0,0.0,1.68
Chad Beebe,FA,WR,0.0,3,4,1.33,4,1.33,39,13.0,9.75,3.0,1.0,18,10.33,0,0.0,0,0.0,0,0.0,0,0.0,0.0,0.0,0.0,0,0.0,4,1.33,4,1.33,3.0,1.0,0,0.0,0.0,0.56,3.9,1.3,1.8,1.14,2.0,3,0,0,0,0,0.0,0.0,0.92,5.9,1.97,2.3,1.82,2.77,3,0,0,0,0,0.0,0.0,1.71,7.9,2.63,2.8,2.55,3.51,3,0,0,0,0,0.0,0.0,1.48
Josh Bellamy,FA,WR,0.0,16,14,0.88,25,1.56,117,7.31,8.36,8.0,0.5,20,5.5,1,0.06,1,0.06,0,0.0,0,0.0,0.0,0.0,0.0,0,0.0,14,0.88,25,1.56,8.0,0.5,0,0.0,0.0,1.0,19.7,1.23,0.4,2.13,1.62,15,1,0,0,0,0.0,0.0,0.96,26.7,1.67,0.9,2.43,2.19,16,0,0,0,0,0.0,0.0,1.64,33.7,2.11,1.4,2.8,2.74,16,0,0,0,0,0.0,0.0,1.81
Jalen Tolliver,FA,WR,0.0,3,3,1.0,6,2.0,37,12.33,12.33,3.0,1.0,15,9.0,0,0.0,0,0.0,0,0.0,0,0.0,0.0,0.0,0.0,0,0.0,3,1.0,6,2.0,3.0,1.0,0,0.0,0.0,0.56,3.7,1.23,1.5,1.12,1.9,3,0,0,0,0,0.0,0.0,0.87,5.2,1.73,2.0,1.62,2.52,3,0,0,0,0,0.0,0.0,1.62,6.7,2.23,2.5,2.11,3.12,3,0,0,0,0,0.0,0.0,1.37
Alex Erickson,FA,WR,0.0,16,20,1.25,29,1.81,167,10.44,8.35,7.0,0.44,28,5.19,1,0.06,0,0.0,3,0.19,22,1.38,7.33,1.0,0.06,0,0.0,23,1.44,32,2.0,8.0,0.5,1,0.06,0.04,1.0,16.9,1.06,0.25,1.89,1.43,16,0,0,0,0,0.0,0.0,0.87,26.9,1.68,0.7,2.63,2.16,15,1,0,0,0,0.0,0.0,1.59,36.9,2.31,1.15,3.41,2.86,15,1,0,0,0,0.0,0.0,1.8
DJ Chark Jr.,LAC,WR,1.0,11,14,1.27,32,2.91,174,15.82,12.43,6.0,0.55,38,9.18,2,0.18,0,0.0,0,0.0,0,0.0,0.0,0.0,0.0,0,0.0,14,1.27,32,2.91,6.0,0.55,1,0.09,0.07,1.0,15.4,1.4,0.0,2.33,1.8,11,0,0,0,0,0.0,0.0,1.01,22.4,2.04,0.0,2.93,2.55,11,0,0,0,0,0.0,0.0,1.58,29.4,2.67,0.3,3.6,3.27,11,0,0,0,0,0.0,0.0,1.72
Corey Coleman,FA,WR,0.0,8,5,0.62,8,1.0,71,8.88,14.2,5.0,0.62,30,7.25,1,0.12,0,0.0,1,0.12,5,0.62,5.0,0.0,0.0,0,0.0,6,0.75,9,1.12,5.0,0.62,0,0.0,0.0,0.88,7.6,0.95,0.65,1.42,1.38,8,0,0,0,0,0.0,0.0,0.82,10.1,1.26,0.9,1.76,1.79,8,0,0,0,0,0.0,0.0,1.36,12.6,1.58,1.15,2.12,2.2,8,0,0,0,0,0.0,0.0,1.28
Justin Hardy,FA,WR,0.0,16,14,0.88,22,1.38,133,8.31,9.5,8.0,0.5,19,5.38,0,0.0,2,0.12,0,0.0,0,0.0,0.0,0.0,0.0,0,0.0,14,0.88,22,1.38,8.0,0.5,0,0.0,0.0,1.0,25.3,1.58,0.0,3.03,1.91,14,2,0,0,0,0.0,0.0,0.9,32.3,2.02,0.0,3.57,2.4,14,2,0,0,0,0.0,0.0,1.35,39.3,2.46,0.0,4.13,2.9,14,2,0,0,0,0.0,0.0,1.3
Vyncint Smith,FA,WR,0.0,7,5,0.71,10,1.43,91,13.0,18.2,3.0,0.43,35,10.43,2,0.29,1,0.14,0,0.0,0,0.0,0.0,0.0,0.0,0,0.0,5,0.71,10,1.43,3.0,0.43,0,0.0,0.0,0.84,15.1,2.16,0.0,3.5,2.51,6,0,1,0,0,0.0,0.0,0.96,17.6,2.51,0.0,3.77,2.95,6,1,0,0,0,0.0,0.0,1.32,20.1,2.87,0.0,4.1,3.4,7,0,0,0,0,0.0,0.0,1.26
Bobo Wilson,FA,WR,0.0,5,4,0.8,5,1.0,52,10.4,13.0,2.0,0.4,25,9.8,1,0.2,0,0.0,0,0.0,0,0.0,0.0,0.0,0.0,0,0.0,4,0.8,5,1.0,2.0,0.4,0,0.0,0.0,0.72,5.2,1.04,0.8,1.19,1.58,5,0,0,0,0,0.0,0.0,0.76,7.2,1.44,1.3,1.59,2.1,5,0,0,0,0,0.0,0.0,1.25,9.2,1.84,1.8,2.01,2.6,5,0,0,0,0,0.0,0.0,1.34
Cameron Batson,FA,WR,0.0,11,8,0.73,11,1.0,82,7.45,10.25,5.0,0.45,26,5.73,1,0.09,0,0.0,1,0.09,1,0.09,1.0,1.0,0.09,0,0.0,9,0.82,12,1.09,6.0,0.55,0,0.0,0.0,1.0,8.3,0.75,0.0,1.17,1.15,11,0,0,0,0,0.0,0.0,0.57,12.3,1.12,0.5,1.52,1.65,11,0,0,0,0,0.0,0.0,1.24,16.3,1.48,1.0,1.89,2.13,11,0,0,0,0,0.0,0.0,1.36
Austin Carr,FA,WR,0.0,14,9,0.64,14,1.0,97,6.93,10.78,5.0,0.36,25,5.21,1,0.07,2,0.14,0,0.0,0,0.0,0.0,0.0,0.0,0,0.0,9,0.64,14,1.0,5.0,0.36,0,0.0,0.0,1.0,21.7,1.55,0.0,2.4,1.98,13,1,0,0,0,0.0,0.0,0.89,26.2,1.87,0.0,2.64,2.4,14,0,0,0,0,0.0,0.0,1.24,30.7,2.19,0.0,2.92,2.83,14,0,0,0,0,0.0,0.0,1.23
Brice Butler,FA,WR,0.0,8,6,0.75,10,1.25,60,7.5,10.0,4.0,0.5,23,6.12,1,0.12,1,0.12,0,0.0,0,0.0,0.0,0.0,0.0,0,0.0,6,0.75,10,1.25,4.0,0.5,0,0.0,0.0,0.88,12.0,1.5,0.0,2.89,1.83,7,1,0,0,0,0.0,0.0,0.76,15.0,1.88,0.0,3.22,2.29,8,0,0,0,0,0.0,0.0,1.17,18.0,2.25,0.0,3.65,2.74,8,0,0,0,0,0.0,0.0,1.08
Damion Ratley,FA,WR,0.0,13,13,1.0,20,1.54,144,11.08,11.08,5.0,0.38,27,5.23,3,0.23,0,0.0,0,0.0,0,0.0,0.0,0.0,0.0,0,0.0,13,1.0,20,1.54,5.0,0.38,0,0.0,0.0,1.0,14.4,1.11,0.0,2.3,1.43,12,1,0,0,0,0.0,0.0,0.73,20.9,1.61,0.0,3.17,1.97,12,0,1,0,0,0.0,0.0,1.14,27.4,2.11,0.0,4.04,2.5,12,0,1,0,0,0.0,0.0,1.16
Marvin Hall,FA,WR,0.0,16,10,0.62,19,1.19,149,9.31,14.9,5.0,0.31,47,7.75,2,0.12,1,0.06,2,0.12,0,0.0,0.0,0.0,0.0,0,0.0,12,0.75,21,1.31,5.0,0.31,0,0.0,0.0,1.0,20.9,1.31,0.1,3.08,1.57,15,0,0,1,0,0.07,0.0,0.89,25.9,1.62,0.15,3.47,1.94,15,0,1,0,0,0.0,0.0,1.12,30.9,1.93,0.15,3.86,2.32,15,0,1,0,0,0.0,0.0,1.12
Noah Brown,HOU,WR,3.0,8,5,0.62,8,1.0,54,6.75,10.8,2.0,0.25,22,6.75,1,0.12,0,0.0,0,0.0,0,0.0,0.0,0.0,0.0,0,0.0,5,0.62,8,1.0,2.0,0.25,0,0.0,0.0,0.88,5.4,0.68,0.45,0.79,1.14,8,0,0,0,0,0.0,0.0,0.65,7.9,0.99,0.95,0.99,1.62,8,0,0,0,0,0.0,0.0,1.12,10.4,1.3,1.45,1.22,2.09,8,0,0,0,0,0.0,0.0,1.34
Tommylee Lewis,FA,WR,0.0,7,3,0.43,3,0.43,60,8.57,20.0,3.0,0.43,28,8.57,2,0.29,1,0.14,2,0.29,10,1.43,5.0,1.0,0.14,0,0.0,5,0.71,5,0.71,4.0,0.57,1,0.14,0.2,0.84,11.0,1.57,0.0,3.41,1.84,6,1,0,0,0,0.0,0.0,0.68,12.5,1.79,0.0,3.61,2.12,6,1,0,0,0,0.0,0.0,1.06,14.0,2.0,0.0,3.82,2.41,7,0,0,0,0,0.0,0.0,0.87
Richie James Jr.,FA,WR,0.0,13,9,0.69,14,1.08,130,10.0,14.44,4.0,0.31,53,8.08,2,0.15,1,0.08,0,0.0,0,0.0,0.0,0.0,0.0,0,0.0,9,0.69,14,1.08,4.0,0.31,1,0.08,0.11,1.0,17.0,1.31,0.0,3.03,1.58,12,0,1,0,0,0.0,0.0,0.74,21.5,1.65,0.0,3.51,1.98,12,1,0,0,0,0.0,0.0,1.05,26.0,2.0,0.0,4.0,2.38,12,1,0,0,0,0.0,0.0,1.06
Leonte Carroo,FA,WR,0.0,9,2,0.22,4,0.44,94,10.44,47.0,2.0,0.22,74,10.44,2,0.22,1,0.11,1,0.11,14,1.56,14.0,1.0,0.11,0,0.0,3,0.33,5,0.56,3.0,0.33,0,0.0,0.0,0.93,16.8,1.87,0.0,4.47,2.04,8,0,0,1,0,0.12,0.0,0.97,17.8,1.98,0.0,4.65,2.2,8,0,1,0,0,0.0,0.0,1.04,18.8,2.09,0.0,4.84,2.37,8,0,1,0,0,0.0,0.0,0.93
Rashad Greene,FA,WR,0.0,8,6,0.75,8,1.0,60,7.5,10.0,3.0,0.38,12,6.25,0,0.0,0,0.0,0,0.0,0,0.0,0.0,0.0,0.0,0,0.0,6,0.75,8,1.0,3.0,0.38,1,0.12,0.17,0.88,4.0,0.5,0.4,0.93,0.81,8,0,0,0,0,0.0,0.0,0.52,7.0,0.88,0.65,1.21,1.37,8,0,0,0,0,0.0,0.0,0.99,10.0,1.25,0.95,1.51,1.9,8,0,0,0,0,0.0,0.0,1.1
Tommylee Lewis,FA,WR,0.0,7,3,0.43,3,0.43,60,8.57,20.0,1.0,0.14,28,8.57,2,0.29,1,0.14,2,0.29,10,1.43,5.0,1.0,0.14,0,0.0,5,0.71,5,0.71,2.0,0.29,1,0.14,0.2,0.84,11.0,1.57,0.0,3.41,1.84,6,1,0,0,0,0.0,0.0,0.68,12.5,1.79,0.0,3.61,2.12,6,1,0,0,0,0.0,0.0,0.91,14.0,2.0,0.0,3.82,2.41,7,0,0,0,0,0.0,0.0,0.87
Kamar Aiken,FA,WR,0.0,5,6,1.2,7,1.4,53,10.6,8.83,2.0,0.4,18,6.4,0,0.0,0,0.0,0,0.0,0,0.0,0.0,0.0,0.0,0,0.0,6,1.2,7,1.4,2.0,0.4,0,0.0,0.0,0.72,5.3,1.06,0.0,1.7,1.48,5,0,0,0,0,0.0,0.0,0.53,8.3,1.66,0.0,2.77,2.11,5,0,0,0,0,0.0,0.0,0.91,11.3,2.26,0.0,3.85,2.72,5,0,0,0,0,0.0,0.0,0.88
Andre Roberts,FA,WR,0.0,16,10,0.62,18,1.12,79,4.94,7.9,4.0,0.25,20,3.88,1,0.06,1,0.06,2,0.12,20,1.25,10.0,1.0,0.06,0,0.0,12,0.75,20,1.25,5.0,0.31,1,0.06,0.08,1.0,13.9,0.87,0.0,2.16,1.14,15,1,0,0,0,0.0,0.0,0.58,18.9,1.18,0.0,2.64,1.52,16,0,0,0,0,0.0,0.0,0.89,23.9,1.49,0.0,3.14,1.89,16,0,0,0,0,0.0,0.0,0.88
Kevin White,FA,WR,0.0,9,4,0.44,8,0.89,92,10.22,23.0,3.0,0.33,54,9.11,2,0.22,0,0.0,0,0.0,0,0.0,0.0,0.0,0.0,0,0.0,4,0.44,8,0.89,3.0,0.33,0,0.0,0.0,0.93,9.2,1.02,0.0,2.14,1.34,9,0,0,0,0,0.0,0.0,0.58,11.2,1.24,0.0,2.48,1.62,9,0,0,0,0,0.0,0.0,0.85,13.2,1.47,0.0,2.83,1.91,9,0,0,0,0,0.0,0.0,0.79
Terrance Williams,FA,WR,0.0,3,2,0.67,3,1.0,18,6.0,9.0,1.0,0.33,12,6.0,0,0.0,0,0.0,0,0.0,0,0.0,0.0,0.0,0.0,0,0.0,2,0.67,3,1.0,1.0,0.33,0,0.0,0.0,0.56,1.8,0.6,0.6,0.6,1.08,3,0,0,0,0,0.0,0.0,0.43,2.8,0.93,1.1,0.86,1.59,3,0,0,0,0,0.0,0.0,0.82,3.8,1.27,1.6,1.14,2.07,3,0,0,0,0,0.0,0.0,0.87
Derrick Willies,FA,WR,0.0,5,3,0.6,5,1.0,61,12.2,20.33,2.0,0.4,39,7.8,1,0.2,0,0.0,0,0.0,0,0.0,0.0,0.0,0.0,0,0.0,3,0.6,5,1.0,2.0,0.4,0,0.0,0.0,0.72,6.1,1.22,0.0,2.73,1.51,5,0,0,0,0,0.0,0.0,0.51,7.6,1.52,0.0,3.4,1.83,5,0,0,0,0,0.0,0.0,0.8,9.1,1.82,0.0,4.07,2.16,5,0,0,0,0,0.0,0.0,0.69
Javon Wims,FA,WR,0.0,4,4,1.0,5,1.25,32,8.0,8.0,2.0,0.5,16,4.0,0,0.0,0,0.0,0,0.0,0,0.0,0.0,0.0,0.0,0,0.0,4,1.0,5,1.25,2.0,0.5,0,0.0,0.0,0.65,3.2,0.8,0.0,1.6,1.13,4,0,0,0,0,0.0,0.0,0.37,5.2,1.3,0.0,2.6,1.68,4,0,0,0,0,0.0,0.0,0.77,7.2,1.8,0.0,3.6,2.2,4,0,0,0,0,0.0,0.0,0.65
Darius Jennings,FA,WR,0.0,16,11,0.69,15,0.94,101,6.31,9.18,2.0,0.12,36,4.75,1,0.06,0,0.0,1,0.06,2,0.12,2.0,0.0,0.0,0,0.0,12,0.75,16,1.0,2.0,0.12,0,0.0,0.0,1.0,11.1,0.69,0.0,1.14,1.07,16,0,0,0,0,0.0,0.0,0.53,16.6,1.04,0.0,1.56,1.52,16,0,0,0,0,0.0,0.0,0.77,22.1,1.38,0.0,2.02,1.95,16,0,0,0,0,0.0,0.0,0.88
J.J. Nelson,FA,WR,0.0,14,7,0.5,19,1.36,64,4.57,9.14,4.0,0.29,17,2.5,0,0.0,0,0.0,4,0.29,0,0.0,0.0,1.0,0.07,0,0.0,11,0.79,23,1.64,5.0,0.36,0,0.0,0.0,1.0,6.4,0.46,0.0,1.12,0.71,14,0,0,0,0,0.0,0.0,0.45,9.9,0.71,0.0,1.56,1.04,14,0,0,0,0,0.0,0.0,0.76,13.4,0.96,0.0,2.02,1.35,14,0,0,0,0,0.0,0.0,0.71
Jawill Davis,FA,WR,0.0,7,4,0.57,8,1.14,40,5.71,10.0,3.0,0.43,22,4.71,1,0.14,0,0.0,0,0.0,0,0.0,0.0,0.0,0.0,0,0.0,4,0.57,8,1.14,3.0,0.43,0,0.0,0.0,0.84,4.0,0.57,0.0,1.06,0.9,7,0,0,0,0,0.0,0.0,0.4,6.0,0.86,0.0,1.52,1.26,7,0,0,0,0,0.0,0.0,0.73,8.0,1.14,0.0,1.99,1.62,7,0,0,0,0,0.0,0.0,0.64
Justin Hunter,FA,WR,0.0,5,3,0.6,13,2.6,21,4.2,7.0,2.0,0.4,12,3.6,0,0.0,0,0.0,0,0.0,0,0.0,0.0,0.0,0.0,0,0.0,3,0.6,13,2.6,2.0,0.4,0,0.0,0.0,0.72,2.1,0.42,0.0,0.66,0.74,5,0,0,0,0,0.0,0.0,0.4,3.6,0.72,0.0,1.1,1.15,5,0,0,0,0,0.0,0.0,0.72,5.1,1.02,0.0,1.55,1.54,5,0,0,0,0,0.0,0.0,0.63
Auden Tate,FA,WR,0.0,7,4,0.57,12,1.71,35,5.0,8.75,2.0,0.29,15,4.43,0,0.0,0,0.0,0,0.0,0,0.0,0.0,0.0,0.0,0,0.0,4,0.57,12,1.71,2.0,0.29,0,0.0,0.0,0.84,3.5,0.5,0.0,0.71,0.87,7,0,0,0,0,0.0,0.0,0.43,5.5,0.79,0.0,1.07,1.26,7,0,0,0,0,0.0,0.0,0.71,7.5,1.07,0.0,1.46,1.64,7,0,0,0,0,0.0,0.0,0.69
Rishard Matthews,FA,WR,0.0,8,5,0.62,9,1.12,24,3.0,4.8,1.0,0.12,7,2.5,0,0.0,0,0.0,0,0.0,0,0.0,0.0,0.0,0.0,0,0.0,5,0.62,9,1.12,1.0,0.12,0,0.0,0.0,0.88,2.4,0.3,0.15,0.35,0.62,8,0,0,0,0,0.0,0.0,0.37,4.9,0.61,0.4,0.71,1.09,8,0,0,0,0,0.0,0.0,0.69,7.4,0.92,0.65,1.08,1.53,8,0,0,0,0,0.0,0.0,0.87
Cam Phillips,FA,WR,0.0,2,1,0.5,1,0.5,9,4.5,9.0,1.0,0.5,9,4.5,0,0.0,0,0.0,0,0.0,0,0.0,0.0,0.0,0.0,0,0.0,1,0.5,1,0.5,1.0,0.5,0,0.0,0.0,0.44,0.9,0.45,0.45,0.64,0.8,2,0,0,0,0,0.0,0.0,0.24,1.4,0.7,0.7,0.99,1.15,2,0,0,0,0,0.0,0.0,0.6,1.9,0.95,0.95,1.34,1.49,2,0,0,0,0,0.0,0.0,0.45
Darvin Kidsy,FA,WR,0.0,2,1,0.5,2,1.0,8,4.0,8.0,1.0,0.5,8,4.0,0,0.0,0,0.0,0,0.0,0,0.0,0.0,0.0,0.0,0,0.0,1,0.5,2,1.0,1.0,0.5,0,0.0,0.0,0.44,0.8,0.4,0.4,0.57,0.73,2,0,0,0,0,0.0,0.0,0.24,1.3,0.65,0.65,0.92,1.09,2,0,0,0,0,0.0,0.0,0.6,1.8,0.9,0.9,1.27,1.43,2,0,0,0,0,0.0,0.0,0.46
Ray-Ray McCloud III,ATL,WR,2.0,10,5,0.5,6,0.6,36,3.6,7.2,2.0,0.2,16,3.6,0,0.0,0,0.0,2,0.2,4,0.4,2.0,0.0,0.0,0,0.0,7,0.7,8,0.8,2.0,0.2,1,0.1,0.14,0.96,2.0,0.2,0.2,0.86,0.33,10,0,0,0,0,0.0,0.0,0.28,4.5,0.45,0.35,0.92,0.75,10,0,0,0,0,0.0,0.0,0.6,7.0,0.7,0.35,1.04,1.17,10,0,0,0,0,0.0,0.0,0.66
Russell Gage,BAL,WR,4.0,15,6,0.4,10,0.67,63,4.2,10.5,2.0,0.13,22,3.0,1,0.07,0,0.0,0,0.0,0,0.0,0.0,0.0,0.0,0,0.0,6,0.4,10,0.67,2.0,0.13,0,0.0,0.0,1.0,6.3,0.42,0.0,0.91,0.68,15,0,0,0,0,0.0,0.0,0.34,9.3,0.62,0.0,1.25,0.96,15,0,0,0,0,0.0,0.0,0.52,12.3,0.82,0.0,1.6,1.23,15,0,0,0,0,0.0,0.0,0.56
Dwayne Harris,FA,WR,0.0,15,6,0.4,6,0.4,40,2.67,6.67,1.0,0.07,13,2.4,0,0.0,0,0.0,2,0.13,12,0.8,6.0,1.0,0.07,0,0.0,8,0.53,8,0.53,2.0,0.13,0,0.0,0.0,1.0,5.2,0.35,0.0,0.54,0.64,15,0,0,0,0,0.0,0.0,0.31,8.2,0.55,0.0,0.78,0.95,15,0,0,0,0,0.0,0.0,0.5,11.2,0.75,0.0,1.06,1.24,15,0,0,0,0,0.0,0.0,0.55
Jeremy Kerley,FA,WR,0.0,1,2,2.0,4,4.0,7,7.0,3.5,1.0,1.0,4,4.0,0,0.0,0,0.0,0,0.0,0,0.0,0.0,0.0,0.0,0,0.0,2,2.0,4,4.0,1.0,1.0,0,0.0,0.0,0.28,0.7,0.7,0.7,0.0,0.0,1,0,0,0,0,0.0,0.0,0.0,1.7,1.7,1.7,0.0,0.0,1,0,0,0,0,0.0,0.0,0.5,2.7,2.7,2.7,0.0,0.0,1,0,0,0,0,0.0,0.0,0.0
Brian Quick,FA,WR,0.0,6,3,0.5,3,0.5,18,3.0,6.0,2.0,0.33,6,2.0,0,0.0,0,0.0,0,0.0,0,0.0,0.0,0.0,0.0,0,0.0,3,0.5,3,0.5,2.0,0.33,0,0.0,0.0,0.78,1.8,0.3,0.0,0.5,0.57,6,0,0,0,0,0.0,0.0,0.22,3.3,0.55,0.0,0.92,0.92,6,0,0,0,0,0.0,0.0,0.49,4.8,0.8,0.0,1.34,1.25,6,0,0,0,0,0.0,0.0,0.43
Gehrig Dieter,FA,WR,0.0,4,1,0.25,3,0.75,22,5.5,22.0,1.0,0.25,22,5.5,1,0.25,0,0.0,0,0.0,0,0.0,0.0,0.0,0.0,0,0.0,1,0.25,3,0.75,1.0,0.25,0,0.0,0.0,0.65,2.2,0.55,0.0,1.1,0.85,4,0,0,0,0,0.0,0.0,0.27,2.7,0.68,0.0,1.35,1.03,4,0,0,0,0,0.0,0.0,0.44,3.2,0.8,0.0,1.6,1.2,4,0,0,0,0,0.0,0.0,0.36
Tim White,FA,WR,0.0,3,1,0.33,1,0.33,14,4.67,14.0,1.0,0.33,14,4.67,0,0.0,0,0.0,0,0.0,0,0.0,0.0,0.0,0.0,0,0.0,1,0.33,1,0.33,1.0,0.33,0,0.0,0.0,0.56,1.4,0.47,0.0,0.81,0.78,3,0,0,0,0,0.0,0.0,0.19,1.9,0.63,0.0,1.1,1.01,3,0,0,0,0,0.0,0.0,0.41,2.4,0.8,0.0,1.39,1.24,3,0,0,0,0,0.0,0.0,0.3
Malik Turner,SF,WR,4.0,6,2,0.33,3,0.5,20,3.33,10.0,1.0,0.17,19,3.33,0,0.0,0,0.0,0,0.0,0,0.0,0.0,0.0,0.0,0,0.0,2,0.33,3,0.5,1.0,0.17,0,0.0,0.0,0.78,2.0,0.33,0.0,0.77,0.57,6,0,0,0,0,0.0,0.0,0.22,3.0,0.5,0.0,0.96,0.83,6,0,0,0,0,0.0,0.0,0.38,4.0,0.67,0.0,1.18,1.08,6,0,0,0,0,0.0,0.0,0.38
Nick Williams,FA,WR,0.0,4,2,0.5,5,1.25,17,4.25,8.5,1.0,0.25,11,2.75,0,0.0,0,0.0,0,0.0,0,0.0,0.0,0.0,0.0,0,0.0,2,0.5,5,1.25,1.0,0.25,0,0.0,0.0,0.65,0.0,0.0,0.0,0.0,0.0,4,0,0,0,0,0.0,0.0,0.08,1.0,0.25,0.0,0.5,0.49,4,0,0,0,0,0.0,0.0,0.33,2.0,0.5,0.0,1.0,0.84,4,0,0,0,0,0.0,0.0,0.3
Charone Peake,FA,WR,0.0,13,2,0.15,3,0.23,25,1.92,12.5,2.0,0.15,14,1.92,0,0.0,0,0.0,0,0.0,0,0.0,0.0,0.0,0.0,0,0.0,2,0.15,3,0.23,2.0,0.15,0,0.0,0.0,1.0,2.5,0.19,0.0,0.47,0.37,13,0,0,0,0,0.0,0.0,0.17,3.5,0.27,0.0,0.66,0.49,13,0,0,0,0,0.0,0.0,0.3,4.5,0.35,0.0,0.85,0.61,13,0,0,0,0,0.0,0.0,0.27
River Cracraft,MIA,WR,4.0,8,1,0.12,2,0.25,44,5.5,44.0,1.0,0.12,44,5.5,1,0.12,0,0.0,0,0.0,0,0.0,0.0,0.0,0.0,0,0.0,1,0.12,2,0.25,1.0,0.12,1,0.12,1.0,0.88,2.4,0.3,0.0,0.85,0.5,8,0,0,0,0,0.0,0.0,0.2,2.9,0.36,0.0,1.03,0.59,8,0,0,0,0,0.0,0.0,0.29,3.4,0.42,0.0,1.2,0.68,8,0,0,0,0,0.0,0.0,0.26
Victor Bolden Jr.,FA,WR,0.0,6,1,0.17,4,0.67,10,1.67,10.0,1.0,0.17,10,1.67,0,0.0,0,0.0,0,0.0,0,0.0,0.0,0.0,0.0,0,0.0,1,0.17,4,0.67,1.0,0.17,0,0.0,0.0,0.78,1.0,0.17,0.0,0.41,0.33,6,0,0,0,0,0.0,0.0,0.16,1.5,0.25,0.0,0.61,0.46,6,0,0,0,0,0.0,0.0,0.28,2.0,0.33,0.0,0.82,0.59,6,0,0,0,0,0.0,0.0,0.24
Shelton Gibson,FA,WR,0.0,15,1,0.07,3,0.2,48,3.2,48.0,1.0,0.07,48,3.2,1,0.07,0,0.0,0,0.0,0,0.0,0.0,0.0,0.0,0,0.0,1,0.07,3,0.2,1.0,0.07,0,0.0,0.0,1.0,4.8,0.32,0.0,1.24,0.48,15,0,0,0,0,0.0,0.0,0.21,5.3,0.35,0.0,1.37,0.53,15,0,0,0,0,0.0,0.0,0.27,5.8,0.39,0.0,1.5,0.59,15,0,0,0,0,0.0,0.0,0.26
Jamal Agnew,FA,WR,0.0,6,0,0.0,0,0.0,0,0.0,0.0,0.0,0.0,0,0.0,0,0.0,0,0.0,1,0.17,17,2.83,17.0,1.0,0.17,0,0.0,1,0.17,1,0.17,1.0,0.17,0,0.0,0.0,0.78,1.7,0.28,0.0,0.69,0.49,6,0,0,0,0,0.0,0.0,0.17,1.7,0.28,0.0,0.69,0.51,6,0,0,0,0,0.0,0.0,0.26,1.7,0.28,0.0,0.69,0.52,6,0,0,0,0,0.0,0.0,0.18
Josh Malone,FA,WR,0.0,9,1,0.11,5,0.56,12,1.33,12.0,1.0,0.11,12,1.33,0,0.0,0,0.0,0,0.0,0,0.0,0.0,0.0,0.0,0,0.0,1,0.11,5,0.56,1.0,0.11,0,0.0,0.0,0.93,1.2,0.13,0.0,0.4,0.27,9,0,0,0,0,0.0,0.0,0.15,1.7,0.19,0.0,0.57,0.36,9,0,0,0,0,0.0,0.0,0.24,2.2,0.24,0.0,0.73,0.45,9,0,0,0,0,0.0,0.0,0.22
Keon Hatcher,FA,WR,0.0,3,1,0.33,2,0.67,8,2.67,8.0,0.0,0.0,8,2.67,0,0.0,0,0.0,0,0.0,0,0.0,0.0,0.0,0.0,0,0.0,1,0.33,2,0.67,0.0,0.0,0,0.0,0.0,0.56,0.8,0.27,0.0,0.46,0.51,3,0,0,0,0,0.0,0.0,0.15,1.3,0.43,0.0,0.75,0.76,3,0,0,0,0,0.0,0.0,0.21,1.8,0.6,0.0,1.04,1.0,3,0,0,0,0,0.0,0.0,0.26
KhaDarel Hodge,ATL,WR,3.0,14,2,0.14,3,0.21,17,1.21,8.5,1.0,0.07,14,1.21,0,0.0,0,0.0,0,0.0,0,0.0,0.0,0.0,0.0,0,0.0,2,0.14,3,0.21,1.0,0.07,0,0.0,0.0,1.0,1.7,0.12,0.0,0.38,0.25,14,0,0,0,0,0.0,0.0,0.12,2.7,0.19,0.0,0.54,0.37,14,0,0,0,0,0.0,0.0,0.2,3.7,0.26,0.0,0.71,0.49,14,0,0,0,0,0.0,0.0,0.22
Damiere Byrd,BUF,WR,3.0,8,1,0.12,2,0.25,8,1.0,8.0,1.0,0.12,8,1.0,0,0.0,0,0.0,0,0.0,0,0.0,0.0,0.0,0.0,0,0.0,1,0.12,2,0.25,1.0,0.12,0,0.0,0.0,0.88,0.8,0.1,0.0,0.28,0.22,8,0,0,0,0,0.0,0.0,0.1,1.3,0.16,0.0,0.46,0.32,8,0,0,0,0,0.0,0.0,0.2,1.8,0.22,0.0,0.64,0.42,8,0,0,0,0,0.0,0.0,0.17
Brandon Zylstra,FA,WR,0.0,16,1,0.06,2,0.12,23,1.44,23.0,1.0,0.06,23,1.44,1,0.06,0,0.0,0,0.0,0,0.0,0.0,0.0,0.0,0,0.0,1,0.06,2,0.12,1.0,0.06,0,0.0,0.0,1.0,2.3,0.14,0.0,0.57,0.26,16,0,0,0,0,0.0,0.0,0.12,2.8,0.18,0.0,0.7,0.31,16,0,0,0,0,0.0,0.0,0.17,3.3,0.21,0.0,0.82,0.36,16,0,0,0,0,0.0,0.0,0.16
Sammie Coates,FA,WR,0.0,12,1,0.08,2,0.17,12,1.0,12.0,1.0,0.08,12,1.0,0,0.0,0,0.0,0,0.0,0,0.0,0.0,0.0,0.0,0,0.0,1,0.08,2,0.17,1.0,0.08,0,0.0,0.0,1.0,1.2,0.1,0.0,0.35,0.21,12,0,0,0,0,0.0,0.0,0.1,1.7,0.14,0.0,0.49,0.28,12,0,0,0,0,0.0,0.0,0.17,2.2,0.18,0.0,0.64,0.35,12,0,0,0,0,0.0,0.0,0.16
Jehu Chesson,FA,WR,0.0,12,1,0.08,2,0.17,7,0.58,7.0,1.0,0.08,7,0.58,0,0.0,0,0.0,1,0.08,-4,-0.33,-4.0,0.0,0.0,0,0.0,2,0.17,3,0.25,1.0,0.08,0,0.0,0.0,1.0,0.3,0.02,0.0,0.24,0.06,12,0,0,0,0,0.0,0.0,0.05,0.8,0.07,0.0,0.37,0.14,12,0,0,0,0,0.0,0.0,0.12,1.3,0.11,0.0,0.51,0.22,12,0,0,0,0,0.0,0.0,0.11
Justin Hardee Sr.,CLE,WR,2.0,16,1,0.06,1,0.06,10,0.62,10.0,1.0,0.06,10,0.62,0,0.0,0,0.0,0,0.0,0,0.0,0.0,0.0,0.0,0,0.0,1,0.06,1,0.06,1.0,0.06,0,0.0,0.0,1.0,1.0,0.06,0.0,0.25,0.14,16,0,0,0,0,0.0,0.0,0.06,1.5,0.09,0.0,0.38,0.2,16,0,0,0,0,0.0,0.0,0.12,2.0,0.12,0.0,0.5,0.25,16,0,0,0,0,0.0,0.0,0.11
Justin Watson,KC,WR,1.0,12,1,0.08,3,0.25,5,0.42,5.0,0.0,0.0,5,0.42,0,0.0,0,0.0,0,0.0,0,0.0,0.0,0.0,0.0,0,0.0,1,0.08,3,0.25,0.0,0.0,0,0.0,0.0,1.0,0.5,0.04,0.0,0.14,0.11,12,0,0,0,0,0.0,0.0,0.07,1.0,0.08,0.0,0.29,0.19,12,0,0,0,0,0.0,0.0,0.1,1.5,0.12,0.0,0.43,0.26,12,0,0,0,0,0.0,0.0,0.13
J'Mon Moore,FA,WR,0.0,12,2,0.17,3,0.25,15,1.25,7.5,1.0,0.08,10,1.25,0,0.0,0,0.0,0,0.0,0,0.0,0.0,0.0,0.0,0,0.0,2,0.17,3,0.25,1.0,0.08,1,0.08,0.5,1.0,-0.5,-0.04,0.0,0.69,-0.07,12,0,0,0,0,0.0,0.0,-0.0,0.5,0.04,0.0,0.81,0.07,12,0,0,0,0,0.0,0.0,0.1,1.5,0.12,0.0,0.96,0.21,12,0,0,0,0,0.0,0.0,0.11
Darrius Heyward-Bey,FA,WR,0.0,14,1,0.07,2,0.14,9,0.64,9.0,1.0,0.07,9,0.64,0,0.0,0,0.0,1,0.07,-7,-0.5,-7.0,-0.0,-0.0,0,0.0,2,0.14,3,0.21,1.0,0.07,0,0.0,0.0,1.0,0.2,0.01,0.0,0.32,0.03,14,0,0,0,0,0.0,0.0,0.03,0.7,0.05,0.0,0.43,0.1,14,0,0,0,0,0.0,0.0,0.1,1.2,0.09,0.0,0.55,0.17,14,0,0,0,0,0.0,0.0,0.09
Marcus Kemp,FA,WR,0.0,16,1,0.06,2,0.12,7,0.44,7.0,0.0,0.0,7,0.44,0,0.0,0,0.0,0,0.0,0,0.0,0.0,0.0,0.0,0,0.0,1,0.06,2,0.12,0.0,0.0,0,0.0,0.0,1.0,0.7,0.04,0.0,0.18,0.11,16,0,0,0,0,0.0,0.0,0.06,1.2,0.08,0.0,0.3,0.17,16,0,0,0,0,0.0,0.0,0.08,1.7,0.11,0.0,0.42,0.22,16,0,0,0,0,0.0,0.0,0.1
Mike Wallace,FA,WR,0.0,2,0,0.0,3,1.5,0,0.0,0.0,0.0,0.0,0,0.0,0,0.0,0,0.0,0,0.0,0,0.0,0.0,0.0,0.0,0,0.0,0,0.0,3,1.5,0.0,0.0,0,0.0,0.0,0.44,0.0,0.0,0.0,0.0,0.0,2,0,0,0,0,0.0,0.0,0.07,0.0,0.0,0.0,0.0,0.0,2,0,0,0,0,0.0,0.0,0.07,0.0,0.0,0.0,0.0,0.0,2,0,0,0,0,0.0,0.0,0.07
Freddie Martino,FA,WR,0.0,4,0,0.0,1,0.25,0,0.0,0.0,0.0,0.0,0,0.0,0,0.0,0,0.0,0,0.0,0,0.0,0.0,0.0,0.0,0,0.0,0,0.0,1,0.25,0.0,0.0,0,0.0,0.0,0.65,0.0,0.0,0.0,0.0,0.0,4,0,0,0,0,0.0,0.0,0.02,0.0,0.0,0.0,0.0,0.0,4,0,0,0,0,0.0,0.0,0.02,0.0,0.0,0.0,0.0,0.0,4,0,0,0,0,0.0,0.0,0.02
Stacy Coley,FA,WR,0.0,3,0,0.0,1,0.33,0,0.0,0.0,0.0,0.0,0,0.0,0,0.0,0,0.0,0,0.0,0,0.0,0.0,0.0,0.0,0,0.0,0,0.0,1,0.33,0.0,0.0,0,0.0,0.0,0.56,0.0,0.0,0.0,0.0,0.0,3,0,0,0,0,0.0,0.0,0.02,0.0,0.0,0.0,0.0,0.0,3,0,0,0,0,0.0,0.0,0.02,0.0,0.0,0.0,0.0,0.0,3,0,0,0,0,0.0,0.0,0.02
Pharoh Cooper,FA,WR,0.0,7,0,0.0,1,0.14,0,0.0,0.0,0.0,0.0,0,0.0,0,0.0,0,0.0,0,0.0,0,0.0,0.0,0.0,0.0,0,0.0,0,0.0,1,0.14,0.0,0.0,0,0.0,0.0,0.84,0.0,0.0,0.0,0.0,0.0,7,0,0,0,0,0.0,0.0,0.01,0.0,0.0,0.0,0.0,0.0,7,0,0,0,0,0.0,0.0,0.01,0.0,0.0,0.0,0.0,0.0,7,0,0,0,0,0.0,0.0,0.01
Geremy Davis,FA,WR,0.0,14,0,0.0,1,0.07,0,0.0,0.0,0.0,0.0,0,0.0,0,0.0,0,0.0,0,0.0,0,0.0,0.0,0.0,0.0,0,0.0,0,0.0,1,0.07,0.0,0.0,0,0.0,0.0,1.0,0.0,0.0,0.0,0.0,0.0,14,0,0,0,0,0.0,0.0,0.01,0.0,0.0,0.0,0.0,0.0,14,0,0,0,0,0.0,0.0,0.01,0.0,0.0,0.0,0.0,0.0,14,0,0,0,0,0.0,0.0,0.01
Chris Lacy,FA,WR,0.0,1,0,0.0,1,1.0,0,0.0,0.0,0.0,0.0,0,0.0,0,0.0,0,0.0,0,0.0,0,0.0,0.0,0.0,0.0,0,0.0,0,0.0,1,1.0,0.0,0.0,0,0.0,0.0,0.28,0.0,0.0,0.0,0.0,0.0,1,0,0,0,0,0.0,0.0,0.0,0.0,0.0,0.0,0.0,0.0,1,0,0,0,0,0.0,0.0,0.0,0.0,0.0,0.0,0.0,0.0,1,0,0,0,0,0.0,0.0,0.0
Brendan Langley,FA,WR,0.0,5,0,0.0,0,0.0,0,0.0,0.0,0.0,0.0,0,0.0,0,0.0,0,0.0,0,0.0,0,0.0,0.0,0.0,0.0,0,0.0,0,0.0,0,0.0,0.0,0.0,0,0.0,0.0,0.72,0.0,0.0,0.0,0.0,0.0,5,0,0,0,0,0.0,0.0,0.0,0.0,0.0,0.0,0.0,0.0,5,0,0,0,0,0.0,0.0,0.0,0.0,0.0,0.0,0.0,0.0,5,0,0,0,0,0.0,0.0,0.0
Riley McCarron,FA,WR,0.0,1,0,0.0,1,1.0,0,0.0,0.0,0.0,0.0,0,0.0,0,0.0,0,0.0,0,0.0,0,0.0,0.0,0.0,0.0,0,0.0,0,0.0,1,1.0,0.0,0.0,1,1.0,0.0,0.28,-2.0,-2.0,-2.0,0.0,0.0,1,0,0,0,0,0.0,0.0,0.0,-2.0,-2.0,-2.0,0.0,0.0,1,0,0,0,0,0.0,0.0,0.0,-2.0,-2.0,-2.0,0.0,0.0,1,0,0,0,0,0.0,0.0,0.0
Jaydon Mickens,FA,WR,0.0,6,0,0.0,0,0.0,0,0.0,0.0,0.0,0.0,0,0.0,0,0.0,0,0.0,0,0.0,0,0.0,0.0,0.0,0.0,0,0.0,0,0.0,0,0.0,0.0,0.0,0,0.0,0.0,0.78,0.0,0.0,0.0,0.0,0.0,6,0,0,0,0,0.0,0.0,0.0,0.0,0.0,0.0,0.0,0.0,6,0,0,0,0,0.0,0.0,0.0,0.0,0.0,0.0,0.0,0.0,6,0,0,0,0,0.0,0.0,0.0
Isaiah Ford,FA,WR,0.0,1,0,0.0,1,1.0,0,0.0,0.0,0.0,0.0,0,0.0,0,0.0,0,0.0,0,0.0,0,0.0,0.0,0.0,0.0,0,0.0,0,0.0,1,1.0,0.0,0.0,0,0.0,0.0,0.28,0.0,0.0,0.0,0.0,0.0,1,0,0,0,0,0.0,0.0,0.0,0.0,0.0,0.0,0.0,0.0,1,0,0,0,0,0.0,0.0,0.0,0.0,0.0,0.0,0.0,0.0,1,0,0,0,0,0.0,0.0,0.0
Janarion Grant,FA,WR,0.0,2,0,0.0,0,0.0,0,0.0,0.0,0.0,0.0,0,0.0,0,0.0,0,0.0,0,0.0,0,0.0,0.0,0.0,0.0,0,0.0,0,0.0,0,0.0,0.0,0.0,0,0.0,0.0,0.44,0.0,0.0,0.0,0.0,0.0,2,0,0,0,0,0.0,0.0,0.0,0.0,0.0,0.0,0.0,0.0,2,0,0,0,0,0.0,0.0,0.0,0.0,0.0,0.0,0.0,0.0,2,0,0,0,0,0.0,0.0,0.0
Duron Carter,FA,WR,0.0,1,0,0.0,0,0.0,0,0.0,0.0,0.0,0.0,0,0.0,0,0.0,0,0.0,0,0.0,0,0.0,0.0,0.0,0.0,0,0.0,0,0.0,0,0.0,0.0,0.0,0,0.0,0.0,0.28,0.0,0.0,0.0,0.0,0.0,1,0,0,0,0,0.0,0.0,0.0,0.0,0.0,0.0,0.0,0.0,1,0,0,0,0,0.0,0.0,0.0,0.0,0.0,0.0,0.0,0.0,1,0,0,0,0,0.0,0.0,0.0
Da'Mari Scott,FA,WR,0.0,3,0,0.0,0,0.0,0,0.0,0.0,0.0,0.0,0,0.0,0,0.0,0,0.0,0,0.0,0,0.0,0.0,0.0,0.0,0,0.0,0,0.0,0,0.0,0.0,0.0,0,0.0,0.0,0.56,0.0,0.0,0.0,0.0,0.0,3,0,0,0,0,0.0,0.0,0.0,0.0,0.0,0.0,0.0,0.0,3,0,0,0,0,0.0,0.0,0.0,0.0,0.0,0.0,0.0,0.0,3,0,0,0,0,0.0,0.0,0.0
Daurice Fountain,DET,WR,2.0,1,0,0.0,0,0.0,0,0.0,0.0,0.0,0.0,0,0.0,0,0.0,0,0.0,0,0.0,0,0.0,0.0,0.0,0.0,0,0.0,0,0.0,0,0.0,0.0,0.0,0,0.0,0.0,0.28,0.0,0.0,0.0,0.0,0.0,1,0,0,0,0,0.0,0.0,0.0,0.0,0.0,0.0,0.0,0.0,1,0,0,0,0,0.0,0.0,0.0,0.0,0.0,0.0,0.0,0.0,1,0,0,0,0,0.0,0.0,0.0
Deante Burton,FA,WR,0.0,3,0,0.0,0,0.0,0,0.0,0.0,0.0,0.0,0,0.0,0,0.0,0,0.0,0,0.0,0,0.0,0.0,0.0,0.0,0,0.0,0,0.0,0,0.0,0.0,0.0,0,0.0,0.0,0.56,0.0,0.0,0.0,0.0,0.0,3,0,0,0,0,0.0,0.0,0.0,0.0,0.0,0.0,0.0,0.0,3,0,0,0,0,0.0,0.0,0.0,0.0,0.0,0.0,0.0,0.0,3,0,0,0,0,0.0,0.0,0.0
Cam Sims,FA,WR,0.0,1,0,0.0,0,0.0,0,0.0,0.0,0.0,0.0,0,0.0,0,0.0,0,0.0,0,0.0,0,0.0,0.0,0.0,0.0,0,0.0,0,0.0,0,0.0,0.0,0.0,0,0.0,0.0,0.28,0.0,0.0,0.0,0.0,0.0,1,0,0,0,0,0.0,0.0,0.0,0.0,0.0,0.0,0.0,0.0,1,0,0,0,0,0.0,0.0,0.0,0.0,0.0,0.0,0.0,0.0,1,0,0,0,0,0.0,0.0,0.0
Bradley Marquez,FA,WR,0.0,1,0,0.0,0,0.0,0,0.0,0.0,0.0,0.0,0,0.0,0,0.0,0,0.0,0,0.0,0,0.0,0.0,0.0,0.0,0,0.0,0,0.0,0,0.0,0.0,0.0,0,0.0,0.0,0.28,0.0,0.0,0.0,0.0,0.0,1,0,0,0,0,0.0,0.0,0.0,0.0,0.0,0.0,0.0,0.0,1,0,0,0,0,0.0,0.0,0.0,0.0,0.0,0.0,0.0,0.0,1,0,0,0,0,0.0,0.0,0.0
Alonzo Russell,FA,WR,0.0,1,0,0.0,0,0.0,0,0.0,0.0,0.0,0.0,0,0.0,0,0.0,0,0.0,0,0.0,0,0.0,0.0,0.0,0.0,0,0.0,0,0.0,0,0.0,0.0,0.0,0,0.0,0.0,0.28,0.0,0.0,0.0,0.0,0.0,1,0,0,0,0,0.0,0.0,0.0,0.0,0.0,0.0,0.0,0.0,1,0,0,0,0,0.0,0.0,0.0,0.0,0.0,0.0,0.0,0.0,1,0,0,0,0,0.0,0.0,0.0
Allen Lazard,NYJ,WR,2.0,1,1,1.0,1,1.0,7,7.0,7.0,0.0,0.0,7,7.0,0,0.0,0,0.0,0,0.0,0,0.0,0.0,0.0,0.0,0,0.0,1,1.0,1,1.0,0.0,0.0,0,0.0,0.0,0.28,0.7,0.7,0.7,0.0,0.0,1,0,0,0,0,0.0,0.0,0.0,1.2,1.2,1.2,0.0,0.0,1,0,0,0,0,0.0,0.0,0.0,1.7,1.7,1.7,0.0,0.0,1,0,0,0,0,0.0,0.0,0.0
Brandon Tate,FA,WR,0.0,1,0,0.0,0,0.0,0,0.0,0.0,0.0,0.0,0,0.0,0,0.0,0,0.0,0,0.0,0,0.0,0.0,0.0,0.0,0,0.0,0,0.0,0,0.0,0.0,0.0,0,0.0,0.0,0.28,0.0,0.0,0.0,0.0,0.0,1,0,0,0,0,0.0,0.0,0.0,0.0,0.0,0.0,0.0,0.0,1,0,0,0,0,0.0,0.0,0.0,0.0,0.0,0.0,0.0,0.0,1,0,0,0,0,0.0,0.0,0.0
Johnny Holton,FA,WR,0.0,1,0,0.0,1,1.0,0,0.0,0.0,0.0,0.0,0,0.0,0,0.0,0,0.0,0,0.0,0,0.0,0.0,0.0,0.0,0,0.0,0,0.0,1,1.0,0.0,0.0,0,0.0,0.0,0.28,0.0,0.0,0.0,0.0,0.0,1,0,0,0,0,0.0,0.0,0.0,0.0,0.0,0.0,0.0,0.0,1,0,0,0,0,0.0,0.0,0.0,0.0,0.0,0.0,0.0,0.0,1,0,0,0,0,0.0,0.0,0.0
Keenan Reynolds,FA,WR,0.0,2,0,0.0,0,0.0,0,0.0,0.0,0.0,0.0,0,0.0,0,0.0,0,0.0,0,0.0,0,0.0,0.0,0.0,0.0,0,0.0,0,0.0,0,0.0,0.0,0.0,0,0.0,0.0,0.44,0.0,0.0,0.0,0.0,0.0,2,0,0,0,0,0.0,0.0,0.0,0.0,0.0,0.0,0.0,0.0,2,0,0,0,0,0.0,0.0,0.0,0.0,0.0,0.0,0.0,0.0,2,0,0,0,0,0.0,0.0,0.0
Matthew Slater,FA,WR,0.0,16,0,0.0,0,0.0,0,0.0,0.0,0.0,0.0,0,0.0,0,0.0,0,0.0,0,0.0,0,0.0,0.0,0.0,0.0,0,0.0,0,0.0,0,0.0,0.0,0.0,0,0.0,0.0,1.0,0.0,0.0,0.0,0.0,0.0,16,0,0,0,0,0.0,0.0,0.0,0.0,0.0,0.0,0.0,0.0,16,0,0,0,0,0.0,0.0,0.0,0.0,0.0,0.0,0.0,0.0,16,0,0,0,0,0.0,0.0,0.0
Tanner McEvoy,FA,WR,0.0,2,0,0.0,0,0.0,0,0.0,0.0,0.0,0.0,0,0.0,0,0.0,0,0.0,0,0.0,0,0.0,0.0,0.0,0.0,0,0.0,0,0.0,0,0.0,0.0,0.0,0,0.0,0.0,0.44,0.0,0.0,0.0,0.0,0.0,2,0,0,0,0,0.0,0.0,0.0,0.0,0.0,0.0,0.0,0.0,2,0,0,0,0,0.0,0.0,0.0,0.0,0.0,0.0,0.0,0.0,2,0,0,0,0,0.0,0.0,0.0
Steven Mitchell Jr.,FA,WR,0.0,1,0,0.0,0,0.0,0,0.0,0.0,0.0,0.0,0,0.0,0,0.0,0,0.0,0,0.0,0,0.0,0.0,0.0,0.0,0,0.0,0,0.0,0,0.0,0.0,0.0,0,0.0,0.0,0.28,0.0,0.0,0.0,0.0,0.0,1,0,0,0,0,0.0,0.0,0.0,0.0,0.0,0.0,0.0,0.0,1,0,0,0,0,0.0,0.0,0.0,0.0,0.0,0.0,0.0,0.0,1,0,0,0,0,0.0,0.0,0.0
Mose Frazier,FA,WR,0.0,1,0,0.0,0,0.0,0,0.0,0.0,0.0,0.0,0,0.0,0,0.0,0,0.0,0,0.0,0,0.0,0.0,0.0,0.0,0,0.0,0,0.0,0,0.0,0.0,0.0,0,0.0,0.0,0.28,0.0,0.0,0.0,0.0,0.0,1,0,0,0,0,0.0,0.0,0.0,0.0,0.0,0.0,0.0,0.0,1,0,0,0,0,0.0,0.0,0.0,0.0,0.0,0.0,0.0,0.0,1,0,0,0,0,0.0,0.0,0.0
Mike Thomas,FA,WR,0.0,1,0,0.0,0,0.0,0,0.0,0.0,0.0,0.0,0,0.0,0,0.0,0,0.0,0,0.0,0,0.0,0.0,0.0,0.0,0,0.0,0,0.0,0,0.0,0.0,0.0,0,0.0,0.0,0.28,0.0,0.0,0.0,0.0,0.0,1,0,0,0,0,0.0,0.0,0.0,0.0,0.0,0.0,0.0,0.0,1,0,0,0,0,0.0,0.0,0.0,0.0,0.0,0.0,0.0,0.0,1,0,0,0,0,0.0,0.0,0.0
Malachi Dupre,FA,WR,0.0,1,0,0.0,0,0.0,0,0.0,0.0,0.0,0.0,0,0.0,0,0.0,0,0.0,0,0.0,0,0.0,0.0,0.0,0.0,0,0.0,0,0.0,0,0.0,0.0,0.0,0,0.0,0.0,0.28,0.0,0.0,0.0,0.0,0.0,1,0,0,0,0,0.0,0.0,0.0,0.0,0.0,0.0,0.0,0.0,1,0,0,0,0,0.0,0.0,0.0,0.0,0.0,0.0,0.0,0.0,1,0,0,0,0,0.0,0.0,0.0
Lance Lenoir Jr.,FA,WR,0.0,7,0,0.0,0,0.0,0,0.0,0.0,0.0,0.0,0,0.0,0,0.0,0,0.0,0,0.0,0,0.0,0.0,0.0,0.0,0,0.0,0,0.0,0,0.0,0.0,0.0,0,0.0,0.0,0.84,0.0,0.0,0.0,0.0,0.0,7,0,0,0,0,0.0,0.0,0.0,0.0,0.0,0.0,0.0,0.0,7,0,0,0,0,0.0,0.0,0.0,0.0,0.0,0.0,0.0,0.0,7,0,0,0,0,0.0,0.0,0.0
Markus Wheaton,FA,WR,0.0,1,0,0.0,0,0.0,0,0.0,0.0,0.0,0.0,0,0.0,0,0.0,0,0.0,0,0.0,0,0.0,0.0,0.0,0.0,0,0.0,0,0.0,0,0.0,0.0,0.0,0,0.0,0.0,0.28,0.0,0.0,0.0,0.0,0.0,1,0,0,0,0,0.0,0.0,0.0,0.0,0.0,0.0,0.0,0.0,1,0,0,0,0,0.0,0.0,0.0,0.0,0.0,0.0,0.0,0.0,1,0,0,0,0,0.0,0.0,0.0
Rico Gafford,FA,WR,0.0,1,0,0.0,0,0.0,0,0.0,0.0,0.0,0.0,0,0.0,0,0.0,0,0.0,0,0.0,0,0.0,0.0,0.0,0.0,0,0.0,0,0.0,0,0.0,0.0,0.0,0,0.0,0.0,0.28,0.0,0.0,0.0,0.0,0.0,1,0,0,0,0,0.0,0.0,0.0,0.0,0.0,0.0,0.0,0.0,1,0,0,0,0,0.0,0.0,0.0,0.0,0.0,0.0,0.0,0.0,1,0,0,0,0,0.0,0.0,0.0
Trevor Davis,FA,WR,0.0,2,0,0.0,0,0.0,0,0.0,0.0,0.0,0.0,0,0.0,0,0.0,0,0.0,0,0.0,0,0.0,0.0,0.0,0.0,0,0.0,0,0.0,0,0.0,0.0,0.0,0,0.0,0.0,0.44,0.0,0.0,0.0,0.0,0.0,2,0,0,0,0,0.0,0.0,0.0,0.0,0.0,0.0,0.0,0.0,2,0,0,0,0,0.0,0.0,0.0,0.0,0.0,0.0,0.0,0.0,2,0,0,0,0,0.0,0.0,0.0
Quadree Henderson,FA,WR,0.0,5,0,0.0,0,0.0,0,0.0,0.0,0.0,0.0,0,0.0,0,0.0,0,0.0,0,0.0,0,0.0,0.0,0.0,0.0,0,0.0,0,0.0,0,0.0,0.0,0.0,0,0.0,0.0,0.72,0.0,0.0,0.0,0.0,0.0,5,0,0,0,0,0.0,0.0,0.0,0.0,0.0,0.0,0.0,0.0,5,0,0,0,0,0.0,0.0,0.0,0.0,0.0,0.0,0.0,0.0,5,0,0,0,0,0.0,0.0,0.0
Saeed Blacknall,FA,WR,0.0,1,0,0.0,0,0.0,0,0.0,0.0,0.0,0.0,0,0.0,0,0.0,0,0.0,0,0.0,0,0.0,0.0,0.0,0.0,0,0.0,0,0.0,0,0.0,0.0,0.0,0,0.0,0.0,0.28,0.0,0.0,0.0,0.0,0.0,1,0,0,0,0,0.0,0.0,0.0,0.0,0.0,0.0,0.0,0.0,1,0,0,0,0,0.0,0.0,0.0,0.0,0.0,0.0,0.0,0.0,1,0,0,0,0,0.0,0.0,0.0
Steven Dunbar Jr.,FA,WR,0.0,1,0,0.0,0,0.0,0,0.0,0.0,0.0,0.0,0,0.0,0,0.0,0,0.0,0,0.0,0,0.0,0.0,0.0,0.0,0,0.0,0,0.0,0,0.0,0.0,0.0,0,0.0,0.0,0.28,0.0,0.0,0.0,0.0,0.0,1,0,0,0,0,0.0,0.0,0.0,0.0,0.0,0.0,0.0,0.0,1,0,0,0,0,0.0,0.0,0.0,0.0,0.0,0.0,0.0,0.0,1,0,0,0,0,0.0,0.0,0.0
J.J. Jones,FA,WR,0.0,4,1,0.25,1,0.25,3,0.75,3.0,0.0,0.0,3,0.75,0,0.0,0,0.0,1,0.25,0,0.0,0.0,0.0,0.0,0,0.0,2,0.5,2,0.5,0.0,0.0,1,0.25,0.5,0.65,-1.7,-0.42,0.0,1.06,-0.67,4,0,0,0,0,0.0,0.0,-0.14,-1.2,-0.3,0.0,1.19,-0.47,4,0,0,0,0,0.0,0.0,-0.09,-0.7,-0.18,0.0,1.36,-0.27,4,0,0,0,0,0.0,0.0,-0.04
JoJo Natson,FA,WR,0.0,13,0,0.0,0,0.0,0,0.0,0.0,0.0,0.0,0,0.0,0,0.0,0,0.0,0,0.0,0,0.0,0.0,0.0,0.0,0,0.0,0,0.0,0,0.0,0.0,0.0,1,0.08,0.0,1.0,-2.0,-0.15,0.0,0.55,-0.28,13,0,0,0,0,0.0,0.0,-0.11,-2.0,-0.15,0.0,0.55,-0.29,13,0,0,0,0,0.0,0.0,-0.12,-2.0,-0.15,0.0,0.55,-0.3,13,0,0,0,0,0.0,0.0,-0.12
Rod Streater,FA,WR,0.0,3,0,0.0,0,0.0,0,0.0,0.0,0.0,0.0,0,0.0,0,0.0,0,0.0,1,0.33,-11,-3.67,-11.0,-0.0,-0.0,0,0.0,1,0.33,1,0.33,0.0,0.0,0,0.0,0.0,0.56,-1.1,-0.37,0.0,0.64,-0.65,3,0,0,0,0,0.0,0.0,-0.13,-1.1,-0.37,0.0,0.64,-0.67,3,0,0,0,0,0.0,0.0,-0.13,-1.1,-0.37,0.0,0.64,-0.69,3,0,0,0,0,0.0,0.0,-0.14
Kaelin Clay,FA,WR,0.0,2,0,0.0,0,0.0,0,0.0,0.0,0.0,0.0,0,0.0,0,0.0,0,0.0,0,0.0,0,0.0,0.0,0.0,0.0,0,0.0,0,0.0,0,0.0,0.0,0.0,1,0.5,0.0,0.44,-2.0,-1.0,-1.0,1.41,-1.46,2,0,0,0,0,0.0,0.0,-0.43,-2.0,-1.0,-1.0,1.41,-1.5,2,0,0,0,0,0.0,0.0,-0.44,-2.0,-1.0,-1.0,1.41,-1.55,2,0,0,0,0,0.0,0.0,-0.45
