Player,TEAM,POS,DPCHT,G,rec_REC,rec_REC_mean,rec_TGT,rec_TGT_mean,rec_YDS,rec_YDS_mean,rec_Y/R,rec_FD,rec_FD_mean,rec_LG,rec_LG_mean,rec_20,rec_20_mean,rec_TD,rec_TD_mean,rush_ATT,rush_ATT_mean,rush_YDS,rush_YDS_mean,rush_Y/A,rush_FD,rush_FD_mean,rush_TD,rush_TD_mean,TOU,TOU_mean,OPP,OPP_mean,FD,FD_mean,FL,FL_mean,FL/T,INJCOR,FPTS,FPTS_mean,FPTS_median,FPTS_std,FPTS_adj,FPTS_bad,FPTS_poor,FPTS_okay,FPTS_good,FPTS_great,FPTS_QSRat,FPTS_GSRat,FPTS_Score,HALF,HALF_mean,HALF_median,HALF_std,HALF_adj,HALF_bad,HALF_poor,HALF_okay,HALF_good,HALF_great,HALF_QSRat,HALF_GSRat,HALF_Score,PPR,PPR_mean,PPR_median,PPR_std,PPR_adj,PPR_bad,PPR_poor,PPR_okay,PPR_good,PPR_great,PPR_QSRat,PPR_GSRat,PPR_Score,YOE,proj_HALF_mean,proj_HALF,proj_RANK
Travis Kelce,KC,TE,1.0,15.77,95.38,6.06,136.69,8.69,1200.15,76.37,12.55,66.92,4.26,61.77,24.13,15.31,0.98,9.15,0.58,1.46,0.09,2.38,0.15,1.35,0.77,0.05,0.77,0.05,96.85,6.16,138.15,8.77,67.69,4.31,1.0,0.06,0.01,1.0,178.3,11.35,11.36,6.76,10.16,3.08,0.15,1.31,3.38,7.85,2.62,1.22,12.38,225.99,14.37,15.02,7.52,12.95,3.08,0.08,0.46,2.85,9.31,3.75,1.59,17.73,273.68,17.4,18.62,8.33,15.78,3.08,0.0,0.54,2.69,9.46,3.75,1.86,18.23,3,13.63,231.63,1.0
Mark Andrews,BAL,TE,1.0,16.15,92.38,5.64,133.77,8.18,1169.54,71.35,12.62,63.85,3.89,42.69,24.95,17.38,1.06,8.62,0.53,0.69,0.04,0.0,0.0,0.0,0.0,0.0,0.0,0.0,93.08,5.68,134.46,8.23,63.85,3.89,0.08,0.01,0.0,1.0,171.26,10.49,8.44,7.28,9.11,2.38,3.15,1.92,1.54,7.15,1.21,0.8,9.8,217.45,13.3,11.8,8.19,11.61,3.15,1.46,1.62,2.85,7.08,1.61,0.78,14.33,263.65,16.13,15.07,9.16,14.14,3.15,1.38,0.77,3.08,7.77,2.08,0.94,15.06,3,11.57,196.61,2.0
George Kittle,SF,TE,1.0,12.62,66.77,5.36,87.85,7.05,857.31,69.07,12.88,40.54,3.29,48.08,24.33,12.08,0.96,5.0,0.38,2.92,0.23,19.46,1.6,6.92,1.0,0.08,0.0,0.0,69.69,5.6,90.77,7.29,41.54,3.37,0.69,0.05,0.01,0.97,116.29,9.26,8.09,7.96,7.91,4.77,0.69,0.92,2.54,3.69,0.97,0.41,8.38,149.68,11.94,10.49,9.35,10.14,4.77,0.54,0.38,2.46,4.46,1.2,0.54,12.13,183.06,14.62,12.79,10.82,12.36,4.54,0.54,0.31,2.77,4.46,1.34,0.54,12.3,3,9.96,169.4,4.0
Darren Waller,FA,TE,0.0,12.54,69.69,5.44,106.85,8.5,824.46,64.6,11.93,41.46,3.2,37.38,23.3,13.77,1.12,3.69,0.27,0.15,0.01,0.38,0.02,0.19,0.08,0.0,0.0,0.0,69.85,5.45,107.0,8.51,41.54,3.21,0.54,0.03,0.01,1.0,104.02,8.05,6.79,5.4,7.54,3.46,2.38,1.69,1.08,3.92,0.66,0.46,7.84,138.87,10.77,9.35,6.49,9.96,3.85,1.15,1.77,2.31,3.46,0.95,0.4,11.53,173.72,13.48,12.14,7.62,12.39,3.23,0.92,2.38,1.54,4.46,1.0,0.59,12.22,3,8.74,148.66,6.0
Rob Gronkowski,FA,TE,0.0,12.08,48.46,3.82,78.69,6.18,699.0,55.25,13.29,30.23,2.38,40.15,21.2,13.38,1.06,5.77,0.45,0.0,0.0,0.0,0.0,0.0,0.0,0.0,0.0,0.0,48.46,3.82,78.69,6.18,30.23,2.38,0.0,0.0,0.0,0.94,104.52,8.21,7.59,5.86,7.38,3.77,1.38,1.38,0.46,5.08,0.83,0.77,8.24,128.75,10.12,10.23,6.66,9.11,3.77,1.38,0.69,1.15,5.08,1.11,0.77,11.36,152.98,12.03,12.72,7.53,10.85,4.0,0.92,0.92,1.15,5.08,1.11,0.77,11.86,3,9.16,155.79,5.0
T.J. Hockenson,MIN,TE,1.0,12.92,60.15,4.69,86.0,6.68,598.69,46.41,9.99,32.85,2.55,37.62,18.34,7.38,0.59,4.31,0.33,0.23,0.01,0.0,0.0,0.0,0.0,0.0,0.0,0.0,60.38,4.7,86.23,6.7,32.85,2.55,0.23,0.01,0.0,1.0,87.1,6.73,6.16,4.85,6.52,4.31,2.0,1.38,3.31,1.92,0.69,0.18,6.72,117.18,9.08,9.11,5.8,8.69,4.31,1.08,1.92,2.77,2.85,0.84,0.29,10.28,147.25,11.43,11.15,6.88,10.82,3.54,1.15,2.38,3.0,2.85,0.88,0.29,10.72,3,7.77,132.02,9.0
Dallas Goedert,PHI,TE,1.0,14.08,53.85,3.84,74.31,5.32,742.23,52.41,13.69,38.08,2.7,42.77,21.33,11.92,0.83,3.85,0.27,0.0,0.0,0.0,0.0,0.0,0.0,0.0,0.0,0.0,53.85,3.84,74.31,5.32,38.08,2.7,0.15,0.01,0.0,1.0,98.38,6.95,5.89,5.48,6.5,6.15,0.23,3.31,1.54,2.85,0.45,0.27,6.36,125.3,8.87,8.0,6.27,8.29,6.15,0.85,1.31,2.92,2.85,0.72,0.27,9.49,152.22,10.8,10.33,7.12,10.1,5.62,1.31,1.31,3.0,2.85,0.72,0.27,9.81,3,7.94,134.95,8.0
Hunter Henry,NE,TE,1.0,15.23,52.69,3.5,79.23,5.27,609.08,40.38,11.62,34.38,2.28,34.15,18.55,7.31,0.48,7.54,0.49,0.0,0.0,0.0,0.0,0.0,0.0,0.0,0.0,0.0,52.69,3.5,79.23,5.27,34.38,2.28,0.08,0.01,0.0,1.0,106.14,6.96,6.2,4.96,6.68,7.08,0.38,1.23,4.15,2.38,0.78,0.18,6.74,132.48,8.72,8.03,5.53,8.43,6.85,0.62,2.62,2.77,2.38,0.55,0.18,9.11,158.83,10.47,9.95,6.18,10.19,6.15,0.77,3.0,2.92,2.38,0.56,0.18,9.46,3,7.25,123.27,12.0
Dalton Schultz,HOU,TE,1.0,16.69,68.62,4.09,92.69,5.53,701.77,41.81,9.89,37.38,2.23,29.08,15.05,4.85,0.29,6.46,0.38,0.0,0.0,0.0,0.0,0.0,0.0,0.0,0.0,0.0,68.62,4.09,92.69,5.53,37.38,2.23,0.23,0.01,0.0,1.0,109.87,6.53,4.8,4.79,6.19,6.54,3.46,1.85,0.23,4.62,0.43,0.41,5.93,144.18,8.58,7.34,5.45,8.14,5.85,2.54,1.85,1.85,4.62,0.69,0.41,9.07,178.48,10.62,9.88,6.22,10.08,5.62,2.31,2.31,2.54,3.92,0.69,0.32,9.66,3,7.56,128.6,10.0
Kyle Pitts,ATL,TE,1.0,17.0,68.0,4.0,110.0,6.47,1026.0,60.35,15.09,43.0,2.53,61.0,27.47,16.0,0.94,1.0,0.06,0.0,0.0,0.0,0.0,0.0,0.0,0.0,0.0,0.0,68.0,4.0,110.0,6.47,43.0,2.53,0.0,0.0,0.0,1.0,108.6,6.39,6.0,4.71,6.2,6.0,4.0,4.0,1.0,2.0,0.21,0.13,5.99,142.6,8.39,7.7,5.61,8.06,6.0,4.0,3.0,2.0,2.0,0.31,0.13,8.78,176.6,10.39,9.0,6.54,9.93,6.0,4.0,2.0,2.0,3.0,0.42,0.21,9.0,1,8.48,144.16,7.0
Zach Ertz,WAS,TE,1.0,15.46,66.31,4.22,104.54,6.77,676.0,42.8,10.09,35.23,2.22,44.54,17.91,6.69,0.43,4.15,0.25,0.69,0.04,2.77,0.17,2.77,0.0,0.0,0.0,0.0,67.0,4.26,105.23,6.81,35.23,2.22,0.08,0.01,0.0,1.0,93.26,5.87,4.45,4.58,5.72,7.77,2.15,1.54,1.54,2.46,0.36,0.18,5.4,126.42,7.98,7.16,5.29,7.76,6.15,2.54,1.85,3.23,1.69,0.47,0.12,8.46,159.57,10.09,10.32,6.13,9.78,5.38,2.62,1.08,4.46,1.92,0.73,0.16,9.67,3,6.94,118.06,14.0
Mike Gesicki,CIN,TE,1.0,16.46,66.69,4.03,104.0,6.3,746.08,45.32,11.31,37.23,2.26,46.46,19.45,11.15,0.68,3.15,0.2,0.0,0.0,0.0,0.0,0.0,0.0,0.0,0.0,0.0,66.69,4.03,104.0,6.3,37.23,2.26,0.08,0.0,0.0,1.0,94.76,5.79,4.55,4.68,5.64,7.77,3.46,0.92,1.38,2.92,0.36,0.21,5.43,128.11,7.81,6.97,5.71,7.48,7.08,3.69,1.38,0.69,3.62,0.36,0.28,8.34,161.45,9.83,8.93,6.82,9.3,6.15,3.92,2.38,0.38,3.62,0.32,0.28,8.68,3,7.4,125.84,11.0
Pat Freiermuth,PIT,TE,1.0,16.0,60.0,3.75,79.0,4.94,497.0,31.06,8.28,34.0,2.12,24.0,13.69,2.0,0.12,7.0,0.44,0.0,0.0,0.0,0.0,0.0,0.0,0.0,0.0,0.0,60.0,3.75,79.0,4.94,34.0,2.12,1.0,0.06,0.02,1.0,91.7,5.73,4.95,4.27,5.7,7.0,3.0,1.0,4.0,1.0,0.45,0.07,5.39,121.7,7.61,7.2,4.56,7.7,8.0,0.0,4.0,3.0,1.0,0.33,0.07,8.02,151.7,9.48,9.4,4.98,9.7,8.0,0.0,4.0,3.0,1.0,0.33,0.07,8.64,1,6.93,117.76,15.0
Logan Thomas,FA,TE,0.0,7.0,25.27,3.6,36.73,5.11,259.59,38.28,10.67,11.91,1.64,33.5,18.94,2.32,0.37,3.32,0.55,0.41,0.03,0.68,0.04,0.23,0.27,0.02,0.0,0.0,25.68,3.63,37.14,5.13,12.18,1.66,0.82,0.16,0.05,0.77,44.45,6.78,7.65,3.35,7.18,2.45,0.95,0.14,3.18,0.27,1.34,0.02,5.81,57.09,8.59,9.69,3.39,9.41,2.32,0.95,0.32,3.0,0.41,1.33,0.03,7.96,69.72,10.39,11.52,3.52,11.73,2.32,0.82,0.32,3.14,0.41,1.36,0.03,8.42,3,3.25,55.24,43.0
Jared Cook,FA,TE,0.0,15.62,45.08,2.88,76.31,4.87,561.0,36.03,12.54,30.15,1.93,44.38,19.22,7.38,0.48,5.08,0.33,0.0,0.0,0.0,0.0,0.0,0.0,0.0,0.0,0.0,45.08,2.88,76.31,4.87,30.15,1.93,0.23,0.02,0.01,1.0,88.87,5.73,5.58,3.69,5.91,7.23,0.77,2.85,3.38,1.38,0.49,0.1,5.77,111.41,7.17,7.36,4.19,7.41,7.23,1.46,2.85,2.92,1.15,0.42,0.09,7.95,133.95,8.61,8.7,4.75,8.92,7.23,1.62,3.0,2.62,1.15,0.35,0.09,8.07,3,5.88,99.91,18.0
Dawson Knox,BUF,TE,1.0,14.31,41.62,2.87,63.15,4.38,502.69,34.62,12.13,25.85,1.78,48.77,18.07,6.77,0.46,7.08,0.48,0.08,0.01,3.46,0.23,0.69,0.08,0.01,0.0,0.0,41.69,2.87,63.23,4.38,25.92,1.79,0.46,0.04,0.02,1.0,93.54,6.4,5.54,4.83,6.11,6.15,2.0,1.38,1.23,3.54,0.52,0.35,6.1,114.35,7.84,6.66,5.28,7.58,6.85,1.31,1.46,1.85,2.85,0.52,0.25,7.92,135.15,9.27,7.72,5.81,9.05,6.38,2.38,1.08,1.69,2.77,0.49,0.25,8.0,3,6.65,113.08,16.0
Tyler Higbee,LAR,TE,1.0,15.0,57.69,3.85,79.54,5.3,564.38,37.62,9.91,31.85,2.12,38.31,16.98,5.0,0.33,4.85,0.32,0.23,0.02,0.23,0.02,0.23,0.0,0.0,0.0,0.0,57.92,3.86,79.77,5.32,31.85,2.12,0.0,0.0,0.0,1.0,86.0,5.73,4.56,4.67,5.6,6.77,2.92,2.15,1.77,1.38,0.27,0.1,5.08,114.85,7.66,6.79,5.22,7.52,6.08,3.62,2.15,1.62,1.54,0.27,0.12,7.82,143.69,9.58,8.85,5.85,9.45,5.38,2.92,2.85,2.31,1.54,0.35,0.12,8.44,3,6.62,112.53,17.0
Noah Fant,SEA,TE,1.0,15.77,64.46,4.09,88.85,5.64,662.38,42.05,10.4,29.69,1.89,38.54,18.26,7.46,0.47,3.69,0.23,0.23,0.01,-0.92,-0.06,-0.31,0.0,0.0,0.0,0.0,64.69,4.1,89.08,5.65,29.69,1.89,0.08,0.0,0.0,1.0,88.61,5.62,4.36,4.71,5.46,8.0,3.15,0.92,1.46,2.23,0.3,0.17,5.11,120.84,7.67,6.57,5.49,7.41,7.77,1.77,2.62,0.69,2.92,0.3,0.23,7.78,153.07,9.71,8.77,6.33,9.36,6.69,2.54,2.0,1.62,2.92,0.41,0.23,8.61,3,6.99,118.91,13.0
Evan Engram,JAC,TE,1.0,14.69,49.77,3.46,80.92,5.6,469.31,32.76,9.35,23.69,1.65,38.77,15.47,3.08,0.22,2.54,0.18,2.31,0.17,4.46,0.3,-0.9,0.31,0.02,0.23,0.01,52.08,3.61,83.23,5.76,24.0,1.68,0.92,0.06,0.02,0.99,62.15,4.37,3.62,3.3,4.6,9.08,1.23,2.77,1.23,0.38,0.15,0.04,4.04,87.03,6.09,5.72,3.82,6.41,8.15,2.0,2.92,1.0,0.62,0.15,0.06,6.45,111.92,7.81,7.98,4.44,8.19,7.92,0.69,3.54,1.92,0.62,0.23,0.06,7.31,3,5.55,94.32,19.0
Austin Hooper,NE,TE,2.0,14.38,42.69,3.01,65.85,4.63,399.77,28.3,9.28,21.85,1.55,34.54,13.59,4.08,0.29,3.46,0.25,0.0,0.0,0.0,0.0,0.0,0.0,0.0,0.0,0.0,42.69,3.01,65.85,4.63,21.85,1.55,0.0,0.0,0.0,1.0,62.28,4.4,3.66,3.15,4.69,9.23,1.23,1.46,2.15,0.31,0.22,0.03,4.13,83.63,5.91,5.58,3.76,6.23,9.23,0.92,1.31,2.62,0.31,0.33,0.03,6.38,104.98,7.42,7.22,4.45,7.75,8.46,1.69,1.31,2.62,0.31,0.33,0.03,6.86,3,5.29,90.01,23.0
Gerald Everett,CHI,TE,2.0,15.08,45.54,3.03,62.54,4.16,458.54,30.49,10.09,25.23,1.67,40.15,15.64,4.62,0.31,3.15,0.21,2.38,0.16,14.31,0.95,5.08,1.62,0.1,0.23,0.01,47.92,3.18,64.92,4.32,26.85,1.78,1.62,0.1,0.03,1.0,64.36,4.28,3.55,3.84,4.37,9.23,1.62,0.77,2.69,0.77,0.3,0.05,4.06,87.13,5.79,4.72,4.33,5.95,9.23,1.62,1.38,2.08,0.77,0.24,0.05,5.98,109.9,7.31,6.08,4.94,7.5,9.0,0.23,3.0,2.08,0.77,0.24,0.05,6.25,3,5.52,93.84,20.0
Irv Smith Jr.,HOU,TE,3.0,13.75,31.5,2.3,44.0,3.22,351.5,25.92,11.29,20.75,1.53,34.25,14.19,5.75,0.42,4.25,0.32,0.0,0.0,0.0,0.0,0.0,0.0,0.0,0.0,0.0,31.5,2.3,44.0,3.22,20.75,1.53,0.0,0.0,0.0,1.0,62.15,4.62,2.78,4.93,4.41,9.0,0.25,2.25,0.0,2.25,0.22,0.22,3.76,77.9,5.77,3.9,5.65,5.52,8.75,0.5,2.25,0.0,2.25,0.22,0.22,5.43,93.65,6.92,5.0,6.4,6.64,8.5,1.0,2.0,0.75,1.5,0.22,0.14,5.44,3,5.49,93.34,21.0
C.J. Uzomah,PHI,TE,2.0,12.77,37.85,3.17,49.23,4.19,380.0,32.53,10.16,18.92,1.79,46.15,16.0,5.23,0.43,3.85,0.34,0.0,0.0,0.0,0.0,0.0,0.0,0.0,0.0,0.0,37.85,3.17,49.23,4.19,18.92,1.79,0.0,0.0,0.0,0.87,61.08,5.3,3.67,5.8,4.95,9.46,0.77,0.77,0.38,1.38,0.34,0.1,3.42,80.0,6.89,5.32,6.06,6.59,9.46,0.77,0.77,0.38,1.38,0.34,0.1,5.4,98.92,8.48,6.86,6.37,8.3,8.54,0.92,1.54,0.38,1.38,0.34,0.1,5.58,3,5.18,88.13,25.0
Cole Kmet,CHI,TE,1.0,16.75,52.0,3.08,80.75,4.79,519.75,30.8,9.82,24.75,1.47,28.25,13.27,5.5,0.32,0.5,0.03,1.0,0.06,-0.75,-0.05,-0.75,0.0,0.0,0.0,0.0,53.0,3.14,81.75,4.85,24.75,1.47,0.25,0.02,0.01,1.0,54.4,3.23,3.32,2.57,3.67,11.75,2.25,1.75,1.0,0.0,0.06,0.0,3.37,80.4,4.77,4.58,3.45,5.19,10.25,3.75,0.25,2.5,0.0,0.18,0.0,5.36,106.4,6.32,5.82,4.38,6.67,9.75,4.25,0.25,2.5,0.0,0.18,0.0,5.72,2,5.27,89.52,24.0
Hayden Hurst,LAC,TE,1.0,13.23,33.23,2.45,44.77,3.24,311.62,22.67,9.13,16.92,1.22,37.23,12.71,2.15,0.15,3.62,0.27,0.0,0.0,0.0,0.0,0.0,0.0,0.0,0.0,0.0,33.23,2.45,44.77,3.24,16.92,1.22,0.69,0.06,0.03,1.0,51.47,3.77,3.45,3.17,4.01,8.38,1.23,1.23,1.85,0.54,0.22,0.04,3.65,68.08,4.99,4.92,3.56,5.34,8.69,1.46,1.38,0.92,0.77,0.14,0.06,5.3,84.7,6.22,6.28,4.03,6.66,9.46,0.46,1.15,1.46,0.69,0.21,0.05,5.82,3,4.48,76.14,26.0
Dan Arnold,FA,TE,0.0,11.77,32.0,2.75,47.46,4.1,393.31,33.62,12.55,19.85,1.68,35.85,15.52,3.46,0.28,1.08,0.08,0.0,0.0,0.0,0.0,0.0,0.0,0.0,0.0,0.0,32.0,2.75,47.46,4.1,19.85,1.68,0.92,0.08,0.03,0.98,45.33,3.83,2.87,3.38,4.07,7.69,2.08,0.77,0.92,0.31,0.12,0.03,3.33,61.33,5.21,3.97,4.17,5.41,7.0,2.15,0.92,1.38,0.31,0.18,0.03,5.23,77.33,6.59,5.07,5.03,6.73,7.46,1.0,1.62,1.38,0.31,0.18,0.03,5.34,3,3.43,58.27,40.0
Robert Tonyan,KC,TE,2.0,10.08,25.23,2.38,34.85,3.46,284.15,26.8,11.21,14.85,1.37,35.38,14.82,5.0,0.49,4.0,0.34,0.0,0.0,0.0,0.0,0.0,0.0,0.0,0.0,0.0,25.23,2.38,34.85,3.46,14.85,1.37,0.0,0.0,0.0,0.92,52.42,4.71,2.5,5.15,4.42,5.62,0.69,0.77,0.92,2.08,0.41,0.28,3.7,65.03,5.9,3.61,5.63,5.6,6.31,0.08,0.69,1.62,1.38,0.41,0.15,5.09,77.65,7.09,4.63,6.15,6.8,6.31,0.08,0.69,1.62,1.38,0.41,0.15,5.23,3,4.19,71.29,32.0
Tyler Conklin,NYJ,TE,1.0,16.69,47.23,2.8,67.0,3.97,459.77,27.22,9.64,20.69,1.23,36.15,13.71,3.31,0.2,2.31,0.14,0.0,0.0,0.0,0.0,0.0,0.0,0.0,0.0,0.0,47.23,2.8,67.0,3.97,20.69,1.23,0.0,0.0,0.0,1.0,59.82,3.54,2.84,3.31,3.69,11.62,2.77,0.69,0.0,1.62,0.11,0.11,3.3,83.44,4.94,4.22,3.88,5.13,11.62,1.38,2.08,0.0,1.62,0.11,0.11,5.04,107.05,6.34,5.61,4.53,6.55,10.0,2.31,2.08,0.92,1.38,0.16,0.09,5.6,3,5.36,91.12,22.0
Brevin Jordan,HOU,TE,2.0,8.0,20.0,2.5,28.0,3.5,178.0,22.25,8.9,10.0,1.25,27.0,12.5,2.0,0.25,3.0,0.38,0.0,0.0,0.0,0.0,0.0,0.0,0.0,0.0,0.0,20.0,2.5,28.0,3.5,10.0,1.25,0.0,0.0,0.0,0.88,35.8,4.47,3.25,4.12,4.49,4.0,1.0,0.0,3.0,0.0,0.6,0.0,3.65,45.8,5.72,4.75,4.6,5.78,4.0,1.0,1.0,2.0,0.0,0.33,0.0,5.03,55.8,6.98,6.25,5.12,7.09,4.0,0.0,2.0,2.0,0.0,0.33,0.0,5.39,1,2.68,45.48,53.0
James O'Shaughnessy,FA,TE,0.0,8.69,24.15,3.02,33.85,4.26,241.15,30.52,10.04,10.23,1.28,29.46,16.95,4.23,0.55,0.15,0.03,0.0,0.0,0.0,0.0,0.0,0.0,0.0,0.0,0.0,24.15,3.02,33.85,4.26,10.23,1.28,0.0,0.0,0.0,0.87,26.42,3.43,4.15,1.75,4.24,5.69,2.85,0.15,0.0,0.0,0.0,0.0,3.19,38.5,4.95,5.61,2.22,5.98,6.38,1.46,0.85,0.0,0.0,0.0,0.0,4.92,50.58,6.45,6.97,2.8,7.7,5.92,1.31,1.46,0.0,0.0,0.0,0.0,5.32,3,1.99,33.85,59.0
Jimmy Graham,FA,TE,0.0,12.54,24.15,1.78,38.08,2.83,255.23,19.24,11.27,16.08,1.2,30.0,12.18,2.85,0.22,4.15,0.32,0.0,0.0,0.0,0.0,0.0,0.0,0.0,0.0,0.0,24.15,1.78,38.08,2.83,16.08,1.2,0.0,0.0,0.0,1.0,51.83,3.96,2.0,4.24,3.92,8.54,0.31,0.0,2.85,0.85,0.42,0.06,3.24,63.91,4.85,3.33,4.57,4.87,8.62,0.23,0.92,1.92,0.85,0.27,0.06,4.6,75.98,5.75,4.68,4.95,5.83,8.15,1.38,1.92,0.31,0.77,0.09,0.06,4.67,3,2.81,47.78,52.0
Eric Ebron,FA,TE,0.0,9.85,23.62,2.12,37.46,3.32,215.77,18.48,8.08,12.62,1.12,23.08,10.6,1.69,0.12,2.08,0.18,0.69,0.08,0.69,0.08,0.69,0.69,0.08,0.69,0.08,24.31,2.2,38.15,3.41,13.31,1.21,0.23,0.02,0.0,0.92,38.26,3.48,2.29,3.44,3.63,5.92,0.92,1.15,1.54,0.31,0.21,0.02,2.86,50.07,4.54,3.81,3.88,4.75,6.15,0.38,1.31,1.46,0.54,0.23,0.04,4.5,61.88,5.6,5.17,4.37,5.87,6.15,0.85,1.38,0.92,0.54,0.16,0.04,4.74,3,2.87,48.84,50.0
Albert Okwuegbunam Jr.,IND,TE,1.0,11.5,27.5,2.46,33.75,3.08,277.75,25.24,10.25,12.75,1.18,54.75,14.73,2.5,0.22,1.75,0.17,0.0,0.0,0.0,0.0,0.0,0.0,0.0,0.0,0.0,27.5,2.46,33.75,3.08,12.75,1.18,0.75,0.05,0.02,0.91,36.78,3.44,3.0,3.02,3.74,8.0,1.75,1.0,0.75,0.0,0.06,0.0,2.69,50.52,4.66,4.61,3.67,4.99,8.0,1.75,1.0,0.75,0.0,0.06,0.0,4.33,64.27,5.89,6.11,4.45,6.19,8.25,1.5,0.75,1.0,0.0,0.14,0.0,4.83,2,3.25,55.25,42.0
David Njoku,CLE,TE,1.0,13.69,29.69,2.09,44.15,3.15,381.15,26.49,12.35,15.0,1.07,57.0,15.7,6.46,0.44,3.31,0.24,0.69,0.05,0.69,0.05,0.69,0.0,0.0,0.0,0.0,30.38,2.14,44.85,3.2,15.0,1.07,0.0,0.0,0.0,0.97,58.03,4.09,1.77,4.95,3.9,9.69,0.0,1.62,1.46,0.92,0.22,0.07,2.92,72.88,5.13,2.71,5.61,4.91,9.69,0.0,1.62,1.69,0.69,0.22,0.05,4.2,87.72,6.18,3.56,6.31,5.93,9.69,0.69,0.92,1.69,0.69,0.22,0.05,4.4,3,4.31,73.34,29.0
Jonnu Smith,MIA,TE,1.0,15.86,30.09,1.9,47.68,3.01,321.59,20.36,10.65,16.41,1.04,34.09,12.93,5.0,0.31,2.05,0.13,7.82,0.49,36.82,2.3,4.79,2.27,0.14,0.14,0.01,37.91,2.39,55.5,3.51,18.68,1.18,0.0,0.0,0.0,1.0,48.93,3.11,2.15,2.9,3.36,11.09,2.77,1.14,0.45,0.41,0.08,0.03,2.69,63.98,4.07,3.14,3.44,4.36,11.09,2.64,1.41,0.36,0.36,0.06,0.03,4.06,79.02,5.02,4.05,4.06,5.35,11.95,0.95,2.41,0.23,0.32,0.04,0.02,4.2,3,4.13,70.29,33.0
Jack Doyle,FA,TE,0.0,14.85,28.69,1.92,42.92,2.88,301.46,20.23,10.53,17.69,1.18,31.77,11.07,2.85,0.19,3.08,0.21,0.0,0.0,0.0,0.0,0.0,0.0,0.0,0.0,0.0,28.69,1.92,42.92,2.88,17.69,1.18,0.23,0.02,0.01,1.0,49.53,3.33,2.0,3.72,3.43,10.46,1.23,1.62,0.77,0.77,0.11,0.05,2.69,63.88,4.29,2.93,4.4,4.38,10.69,1.23,1.38,0.77,0.77,0.11,0.05,4.04,78.22,5.25,3.67,5.12,5.34,11.62,1.0,0.62,0.85,0.77,0.12,0.05,4.13,3,3.45,58.68,39.0
Cameron Brate,FA,TE,0.0,16.0,30.0,1.88,51.54,3.22,258.62,16.16,8.64,15.92,1.0,21.08,9.46,0.54,0.03,3.54,0.22,0.0,0.0,0.0,0.0,0.0,0.0,0.0,0.0,0.0,30.0,1.88,51.54,3.22,15.92,1.0,0.0,0.0,0.0,1.0,47.09,2.94,2.2,2.52,3.35,12.15,0.46,2.92,0.46,0.0,0.03,0.0,2.58,62.09,3.88,3.39,2.77,4.48,11.92,2.85,0.69,0.54,0.0,0.04,0.0,4.02,77.09,4.82,4.37,3.12,5.6,13.62,1.85,0.23,0.23,0.08,0.03,0.01,4.35,3,3.74,63.63,36.0
Kyle Rudolph,FA,TE,0.0,14.38,27.46,1.92,39.23,2.74,283.23,20.05,10.32,13.85,0.98,49.77,13.63,3.46,0.25,1.38,0.1,0.0,0.0,0.0,0.0,0.0,0.0,0.0,0.0,0.0,27.46,1.92,39.23,2.74,13.85,0.98,0.23,0.02,0.01,1.0,37.71,2.64,2.0,2.41,3.02,11.85,0.31,1.85,0.15,0.23,0.03,0.02,2.35,51.44,3.59,3.43,2.8,4.1,12.08,0.77,1.0,0.31,0.23,0.05,0.02,3.86,65.17,4.56,4.18,3.28,5.18,11.85,1.92,0.08,0.31,0.23,0.05,0.02,4.1,3,3.1,52.64,46.0
Maxx Williams,FA,TE,0.0,6.48,14.87,2.7,16.26,2.91,181.91,32.78,12.27,6.0,1.05,34.52,14.75,3.04,0.53,1.0,0.18,0.0,0.0,0.0,0.0,0.0,0.0,0.0,0.0,0.0,14.87,2.7,16.26,2.91,6.0,1.05,0.0,0.0,0.0,0.77,24.19,4.34,1.71,4.87,4.12,4.7,0.13,0.0,0.87,0.78,0.53,0.2,2.56,31.63,5.69,3.06,5.92,5.32,4.7,0.13,0.0,0.87,0.78,0.53,0.2,3.85,39.06,7.04,4.4,7.03,6.51,4.83,0.0,0.0,0.09,1.57,0.53,0.52,4.32,3,0.9,15.36,69.0
Ricky Seals-Jones,FA,TE,0.0,9.15,21.85,1.97,35.85,3.32,205.23,18.32,7.51,10.46,0.93,31.54,11.0,1.08,0.09,1.69,0.15,0.0,0.0,0.0,0.0,0.0,0.0,0.0,0.0,0.0,21.85,1.97,35.85,3.32,10.46,0.93,0.08,0.01,0.01,0.87,30.52,2.7,2.05,2.89,2.79,6.85,0.69,0.69,0.08,0.85,0.09,0.08,2.5,41.45,3.69,3.19,3.26,3.82,6.15,0.69,1.38,0.08,0.85,0.09,0.08,3.83,52.37,4.67,4.25,3.72,4.83,6.15,1.38,0.69,0.85,0.08,0.09,0.01,4.09,3,2.3,39.09,56.0
Adam Trautman,DEN,TE,1.0,12.0,24.0,2.09,36.25,3.2,240.0,20.78,10.15,12.0,1.03,34.25,11.77,2.0,0.17,1.75,0.15,0.0,0.0,0.0,0.0,0.0,0.0,0.0,0.0,0.0,24.0,2.09,36.25,3.2,12.0,1.03,0.75,0.07,0.03,1.0,33.0,2.86,1.55,3.44,2.98,9.5,0.75,0.75,0.25,0.75,0.09,0.08,2.37,45.0,3.91,2.8,3.91,4.08,9.5,0.75,0.75,0.25,0.75,0.09,0.08,3.82,57.0,4.95,4.05,4.47,5.17,8.75,2.25,0.0,0.25,0.75,0.09,0.08,4.24,2,3.05,51.86,48.0
Will Dissly,LAC,TE,2.0,13.15,21.85,1.76,26.77,2.15,238.0,19.28,10.91,11.46,0.94,36.38,14.37,4.38,0.35,1.46,0.13,0.08,0.01,0.54,0.09,0.54,0.0,0.0,0.0,0.0,21.92,1.78,26.85,2.16,11.46,0.94,0.0,0.0,0.0,0.98,32.62,2.74,2.48,2.43,3.07,11.69,0.0,0.92,0.31,0.23,0.17,0.08,2.48,43.55,3.62,3.55,2.7,4.1,11.69,0.69,0.46,0.08,0.23,0.15,0.08,3.75,54.47,4.49,4.56,3.03,5.14,11.69,0.92,0.23,0.08,0.23,0.15,0.08,4.07,3,3.56,60.52,37.0
O.J. Howard,FA,TE,0.0,9.62,14.85,1.7,23.0,2.71,162.46,19.44,10.77,10.54,1.22,24.69,11.85,1.77,0.22,1.23,0.18,0.0,0.0,0.0,0.0,0.0,0.0,0.0,0.0,0.0,14.85,1.7,23.0,2.71,10.54,1.22,0.08,0.01,0.0,0.92,23.48,3.03,2.63,3.46,3.12,7.77,0.38,0.23,0.31,0.92,0.31,0.15,2.49,30.9,3.89,3.47,4.23,3.95,8.0,0.15,0.23,0.54,0.69,0.31,0.07,3.61,38.32,4.74,4.32,5.0,4.8,8.0,0.15,0.23,0.54,0.69,0.31,0.07,3.58,3,0.83,14.03,70.0
Foster Moreau,NO,TE,2.0,15.08,24.0,1.61,34.46,2.31,303.92,20.27,13.86,13.31,0.9,43.08,12.96,5.15,0.34,2.92,0.2,0.0,0.0,0.0,0.0,0.0,0.0,0.0,0.0,0.0,24.0,1.61,34.46,2.31,13.31,0.9,0.0,0.0,0.0,1.0,47.93,3.21,1.05,3.77,3.28,10.0,0.77,2.31,1.31,0.69,0.15,0.05,2.24,59.93,4.01,2.17,4.4,4.07,10.69,0.15,1.85,1.69,0.69,0.2,0.05,3.5,71.93,4.82,3.28,5.11,4.85,10.69,0.92,2.08,0.69,0.69,0.1,0.05,3.7,3,3.79,64.5,35.0
Jordan Akins,CLE,TE,2.0,12.54,27.92,2.22,38.38,3.04,273.31,21.51,9.58,13.85,1.09,31.54,11.45,2.62,0.2,0.38,0.03,0.92,0.07,3.0,0.24,3.0,0.92,0.07,0.0,0.0,28.85,2.29,39.31,3.11,14.77,1.17,1.38,0.12,0.06,1.0,27.17,2.11,1.85,2.46,2.37,10.69,1.31,0.0,0.46,0.08,0.05,0.01,2.07,41.13,3.22,2.67,3.11,3.56,10.69,1.0,0.31,0.46,0.08,0.05,0.01,3.45,55.09,4.33,3.55,3.83,4.7,10.0,0.77,1.23,0.46,0.08,0.05,0.01,3.68,3,3.25,55.31,41.0
Mo Alie-Cox,IND,TE,2.0,16.46,24.38,1.49,41.0,2.49,316.85,19.38,12.94,14.46,0.88,37.62,13.41,4.92,0.3,3.23,0.2,0.0,0.0,0.0,0.0,0.0,0.0,0.0,0.0,0.0,24.38,1.49,41.0,2.49,14.46,0.88,0.23,0.02,0.01,1.0,50.61,3.07,1.71,3.93,3.09,13.0,0.69,0.23,1.38,1.15,0.18,0.08,2.52,62.8,3.82,2.35,4.32,3.89,13.69,0.23,0.69,0.92,0.92,0.12,0.06,3.44,74.99,4.56,3.28,4.74,4.69,13.69,0.23,1.38,0.23,0.92,0.08,0.06,3.63,3,4.23,71.92,31.0
Anthony Firkser,KC,TE,3.0,15.23,33.62,2.21,43.85,2.87,306.46,20.06,9.34,17.08,1.11,30.0,11.09,2.0,0.13,1.69,0.11,0.0,0.0,0.0,0.0,0.0,0.0,0.0,0.0,0.0,33.62,2.21,43.85,2.87,17.08,1.11,0.69,0.05,0.02,1.0,39.42,2.59,1.37,3.41,2.72,13.23,0.31,0.0,0.77,0.92,0.13,0.06,2.18,56.22,3.69,1.93,3.97,3.86,13.23,0.31,0.0,0.77,0.92,0.13,0.06,3.43,73.03,4.79,2.49,4.6,5.0,13.0,0.31,0.92,0.77,0.23,0.07,0.02,3.4,3,4.41,75.02,27.0
Durham Smythe,MIA,TE,2.0,15.77,30.08,1.9,36.15,2.29,300.15,18.96,9.83,13.54,0.86,23.54,11.08,3.54,0.22,0.46,0.03,1.38,0.08,2.08,0.13,1.04,1.38,0.08,0.0,0.0,31.46,1.99,37.54,2.38,14.92,0.94,0.0,0.0,0.0,1.0,32.99,2.09,2.17,1.76,2.58,14.62,0.69,0.46,0.0,0.0,0.0,0.0,2.14,48.03,3.04,3.02,2.39,3.59,14.62,0.46,0.69,0.0,0.0,0.0,0.0,3.36,63.07,4.0,3.95,3.07,4.59,13.92,1.15,0.69,0.0,0.0,0.0,0.0,3.65,3,4.3,73.11,30.0
Tyler Kroft,FA,TE,0.0,9.46,14.31,1.55,22.08,2.38,152.69,16.51,10.68,8.69,0.93,28.31,11.19,2.38,0.26,1.46,0.15,0.0,0.0,0.0,0.0,0.0,0.0,0.0,0.0,0.0,14.31,1.55,22.08,2.38,8.69,0.93,0.0,0.0,0.0,0.94,24.04,2.57,2.01,2.95,2.82,8.0,0.23,0.31,0.69,0.23,0.11,0.03,2.21,31.19,3.34,3.16,3.31,3.7,8.0,0.23,1.0,0.0,0.23,0.03,0.03,3.32,38.35,4.11,4.25,3.72,4.58,8.23,0.08,0.92,0.0,0.23,0.03,0.03,3.59,3,1.06,18.06,66.0
Harrison Bryant,LV,TE,1.0,15.0,21.75,1.45,30.5,2.04,234.25,15.62,10.8,14.0,0.93,39.5,11.18,3.25,0.22,3.0,0.2,0.0,0.0,0.0,0.0,0.0,0.0,0.0,0.0,0.0,21.75,1.45,30.5,2.04,14.0,0.93,0.5,0.03,0.02,1.0,40.42,2.69,1.62,3.01,2.96,10.75,2.5,1.5,0.0,0.25,0.02,0.02,2.09,51.3,3.42,2.58,3.4,3.77,10.75,3.25,0.75,0.0,0.25,0.02,0.02,3.25,62.17,4.14,3.45,3.85,4.56,12.5,2.25,0.0,0.0,0.25,0.02,0.02,3.46,2,3.84,65.29,34.0
Ryan Griffin,FA,TE,0.0,14.15,23.38,1.68,35.0,2.5,225.15,16.12,9.62,12.08,0.87,28.85,10.77,3.31,0.24,1.77,0.13,0.0,0.0,0.0,0.0,0.0,0.0,0.0,0.0,0.0,23.38,1.68,35.0,2.5,12.08,0.87,0.0,0.0,0.0,1.0,33.28,2.39,1.5,2.56,2.64,12.38,0.08,0.77,0.77,0.15,0.08,0.01,2.03,44.98,3.23,2.3,2.96,3.58,12.38,0.0,0.85,0.77,0.15,0.08,0.01,3.16,56.67,4.07,3.04,3.4,4.51,12.31,0.77,0.23,0.69,0.15,0.07,0.01,3.38,3,2.5,42.44,55.0
John Bates,WAS,TE,4.0,13.0,20.0,1.54,25.0,1.92,249.0,19.15,12.45,11.0,0.85,32.0,14.31,4.0,0.31,1.0,0.08,0.0,0.0,0.0,0.0,0.0,0.0,0.0,0.0,0.0,20.0,1.54,25.0,1.92,11.0,0.85,0.0,0.0,0.0,1.0,30.9,2.38,1.9,2.79,2.63,12.0,0.0,0.0,1.0,0.0,0.08,0.0,2.12,40.9,3.15,2.4,3.11,3.5,12.0,0.0,0.0,1.0,0.0,0.08,0.0,3.09,50.9,3.92,2.9,3.49,4.38,12.0,0.0,0.0,1.0,0.0,0.08,0.0,3.22,1,4.38,74.5,28.0
Brock Wright,DET,TE,2.0,8.0,12.0,1.5,17.0,2.12,117.0,14.62,9.75,6.0,0.75,36.0,11.12,2.0,0.25,2.0,0.25,0.0,0.0,0.0,0.0,0.0,0.0,0.0,0.0,0.0,12.0,1.5,17.0,2.12,6.0,0.75,0.0,0.0,0.0,0.88,23.7,2.96,0.8,4.41,2.92,6.0,0.0,0.0,1.0,1.0,0.33,0.14,2.04,29.7,3.71,1.8,4.65,3.74,6.0,0.0,0.0,2.0,0.0,0.33,0.0,2.89,35.7,4.46,2.8,4.95,4.57,6.0,0.0,1.0,1.0,0.0,0.14,0.0,2.97,1,1.2,20.36,65.0
Tommy Tremble,CAR,TE,1.0,15.0,20.0,1.33,35.0,2.33,180.0,12.0,9.0,10.0,0.67,30.0,8.87,1.0,0.07,1.0,0.07,3.0,0.2,11.0,0.73,3.67,1.0,0.07,1.0,0.07,23.0,1.53,38.0,2.53,11.0,0.73,0.0,0.0,0.0,1.0,33.1,2.21,1.2,2.76,2.45,13.0,0.0,1.0,1.0,0.0,0.07,0.0,1.81,43.1,2.87,2.1,2.89,3.26,13.0,0.0,1.0,1.0,0.0,0.07,0.0,2.86,53.1,3.54,3.1,3.09,4.08,13.0,1.0,1.0,0.0,0.0,0.0,0.0,3.12,1,3.55,60.42,38.0
Donald Parham Jr.,DEN,TE,2.0,13.75,17.5,1.26,25.25,1.83,182.25,13.24,11.1,11.75,0.85,23.0,9.32,1.75,0.13,3.0,0.22,0.0,0.0,0.0,0.0,0.0,0.0,0.0,0.0,0.0,17.5,1.26,25.25,1.83,11.75,0.85,0.0,0.0,0.0,1.0,37.72,2.74,0.86,3.8,2.81,10.5,0.25,1.25,1.0,0.75,0.15,0.06,1.93,46.48,3.37,1.58,4.19,3.48,10.75,0.0,1.25,1.75,0.0,0.15,0.0,2.82,55.22,4.0,2.1,4.62,4.17,10.75,0.5,0.75,1.75,0.0,0.15,0.0,2.89,2,3.03,51.54,49.0
Jacob Hollister,FA,TE,0.0,9.38,15.15,1.54,23.46,2.37,113.15,10.9,6.81,5.85,0.52,13.92,6.24,0.46,0.03,1.62,0.16,0.0,0.0,0.0,0.0,0.0,0.0,0.0,0.0,0.0,15.15,1.54,23.46,2.37,5.85,0.52,0.0,0.0,0.0,0.89,21.47,2.1,1.45,2.52,2.35,7.46,1.0,0.77,0.0,0.15,0.02,0.02,1.63,29.05,2.87,2.6,2.79,3.24,7.46,0.77,1.0,0.0,0.15,0.02,0.02,2.61,36.62,3.64,3.63,3.16,4.11,8.08,0.54,0.62,0.0,0.15,0.02,0.02,3.04,3,1.32,22.38,64.0
Juwan Johnson,NO,TE,3.0,11.5,10.75,0.89,19.0,1.62,129.0,10.56,11.61,9.75,0.8,25.0,9.18,2.25,0.17,3.0,0.23,0.0,0.0,0.0,0.0,0.0,0.0,0.0,0.0,0.0,10.75,0.89,19.0,1.62,9.75,0.8,0.0,0.0,0.0,0.96,30.9,2.44,1.22,3.33,2.52,9.25,0.0,0.75,0.75,0.75,0.13,0.06,1.9,36.28,2.89,1.72,3.68,3.03,9.25,0.75,0.75,0.0,0.75,0.06,0.06,2.59,41.65,3.34,2.22,4.05,3.53,10.0,0.0,0.75,0.0,0.75,0.06,0.06,2.58,2,3.17,53.84,44.0
Josiah Deguara,JAC,TE,2.0,11.0,19.0,1.47,25.25,2.02,186.75,14.62,10.35,7.0,0.6,49.5,11.15,2.25,0.16,1.5,0.11,0.0,0.0,0.0,0.0,0.0,0.0,0.0,0.0,0.0,19.0,1.47,25.25,2.02,7.0,0.6,0.0,0.0,0.0,0.86,27.68,2.11,1.05,3.08,2.22,9.5,0.0,0.0,0.75,0.75,0.13,0.06,1.66,37.18,2.84,1.86,3.38,3.03,9.5,0.0,0.0,0.75,0.75,0.13,0.06,2.58,46.68,3.57,2.68,3.7,3.85,9.5,0.0,0.0,1.5,0.0,0.13,0.0,2.82,2,2.81,47.82,51.0
Geoff Swaim,CLE,TE,3.0,13.85,24.54,1.72,31.77,2.23,169.54,11.83,7.2,9.77,0.67,22.38,7.22,1.38,0.08,2.31,0.15,0.0,0.0,0.0,0.0,0.0,0.0,0.0,0.0,0.0,24.54,1.72,31.77,2.23,9.77,0.67,0.0,0.0,0.0,0.97,30.8,2.1,0.71,2.84,2.32,10.85,0.69,0.69,1.62,0.0,0.12,0.0,1.57,43.07,2.96,1.3,3.43,3.22,11.54,0.0,0.69,1.62,0.0,0.12,0.0,2.49,55.34,3.82,1.9,4.07,4.12,11.54,0.0,0.69,1.62,0.0,0.12,0.0,2.73,3,3.07,52.27,47.0
Blake Jarwin,FA,TE,0.0,7.0,10.23,1.34,15.15,1.9,97.31,12.83,9.72,5.0,0.74,19.85,9.16,1.31,0.12,1.62,0.19,0.0,0.0,0.0,0.0,0.0,0.0,0.0,0.0,0.0,10.23,1.34,15.15,1.9,5.0,0.74,0.0,0.0,0.0,0.75,19.42,2.41,1.67,2.27,2.32,5.23,0.85,0.77,0.15,0.0,0.01,0.0,1.5,24.54,3.08,2.74,2.41,2.98,5.23,0.85,0.77,0.15,0.0,0.01,0.0,2.45,29.65,3.74,3.82,2.63,3.63,6.0,0.77,0.15,0.08,0.0,0.01,0.0,2.65,3,1.01,17.22,67.0
Marcedes Lewis,CHI,TE,3.0,13.69,19.38,1.45,24.77,1.84,184.85,13.79,9.71,8.92,0.66,26.15,8.78,2.46,0.18,0.77,0.05,0.0,0.0,0.0,0.0,0.0,0.0,0.0,0.0,0.0,19.38,1.45,24.77,1.84,8.92,0.66,0.0,0.0,0.0,1.0,23.1,1.69,0.9,2.01,2.03,12.15,1.0,0.54,0.0,0.0,0.0,0.0,1.36,32.79,2.41,1.74,2.42,2.87,12.15,1.08,0.46,0.0,0.0,0.0,0.0,2.36,42.48,3.14,2.52,2.87,3.7,12.54,1.15,0.0,0.0,0.0,0.0,0.0,2.67,3,3.15,53.62,45.0
Nick Vannett,TEN,TE,1.0,9.54,10.77,1.19,16.92,1.91,126.77,15.41,12.55,6.62,0.81,26.54,10.63,1.38,0.2,0.92,0.11,0.0,0.0,0.0,0.0,0.0,0.0,0.0,0.0,0.0,10.77,1.19,16.92,1.91,6.62,0.81,0.0,0.0,0.0,0.89,18.22,2.23,1.44,2.47,2.52,7.92,0.69,0.92,0.0,0.0,0.0,0.0,1.52,23.6,2.82,1.83,2.93,3.17,8.54,0.77,0.23,0.0,0.0,0.0,0.0,2.29,28.98,3.41,2.3,3.44,3.81,8.54,0.77,0.23,0.0,0.0,0.0,0.0,2.28,3,0.54,9.17,74.0
Jesper Horsted,FA,TE,0.0,4.2,2.6,0.58,3.7,0.84,27.6,6.18,10.54,2.2,0.52,19.1,5.81,0.1,0.02,1.9,0.47,0.0,0.0,0.0,0.0,0.0,0.0,0.0,0.0,0.0,2.6,0.58,3.7,0.84,2.2,0.52,0.1,0.02,0.01,0.66,13.96,3.39,2.91,4.04,3.41,2.3,0.0,1.9,0.0,0.0,0.0,0.0,1.71,15.26,3.68,3.18,4.32,3.77,2.3,0.9,1.0,0.0,0.0,0.0,0.0,2.14,16.56,3.97,3.46,4.62,4.14,3.1,1.1,0.0,0.0,0.0,0.0,0.0,2.05,3,0.0,0.0,116.0
Darren Fells,FA,TE,0.0,7.0,10.23,1.39,13.62,1.79,128.0,16.06,11.64,6.77,0.8,28.62,11.24,1.54,0.28,1.46,0.09,0.0,0.0,0.0,0.0,0.0,0.0,0.0,0.0,0.0,10.23,1.39,13.62,1.79,6.77,0.8,0.0,0.0,0.0,0.7,21.57,2.15,1.0,2.73,2.34,5.62,0.0,0.46,0.31,0.62,0.07,0.04,1.33,26.68,2.85,1.58,3.13,3.13,5.62,0.08,0.62,0.31,0.38,0.05,0.03,2.07,31.8,3.55,2.16,3.55,3.94,5.69,0.23,0.31,0.46,0.31,0.06,0.02,2.06,3,1.95,33.21,60.0
Pharaoh Brown,SEA,TE,2.0,12.75,18.31,1.41,25.31,1.96,159.0,12.29,9.39,6.25,0.48,28.31,7.72,1.88,0.14,0.75,0.06,0.0,0.0,0.0,0.0,0.0,0.0,0.0,0.0,0.0,18.31,1.41,25.31,1.96,6.25,0.48,0.56,0.04,0.02,1.0,19.27,1.49,0.6,2.33,1.69,11.44,0.0,0.94,0.38,0.0,0.03,0.0,1.16,28.43,2.2,1.35,2.86,2.49,11.44,0.0,0.94,0.0,0.38,0.03,0.03,2.06,37.59,2.9,2.1,3.44,3.26,11.44,0.0,0.94,0.0,0.38,0.03,0.03,2.43,3,2.12,36.1,58.0
MyCole Pruitt,PIT,TE,2.0,12.77,11.31,0.88,15.62,1.22,118.62,9.18,10.59,8.15,0.64,23.54,7.22,1.77,0.13,2.62,0.21,0.0,0.0,0.0,0.0,0.0,0.0,0.0,0.0,0.0,11.31,0.88,15.62,1.22,8.15,0.64,0.0,0.0,0.0,1.0,28.94,2.26,0.69,2.95,2.46,10.08,0.31,1.69,0.69,0.0,0.06,0.0,1.46,34.59,2.7,1.04,3.2,2.98,10.15,1.62,1.0,0.0,0.0,0.0,0.0,2.05,40.25,3.14,1.38,3.46,3.5,11.08,0.92,0.77,0.0,0.0,0.0,0.0,2.08,3,2.21,37.51,57.0
Taysom Hill,NO,TE,1.0,13.23,6.08,0.44,8.85,0.64,76.62,5.53,12.77,4.77,0.35,18.69,4.53,0.85,0.05,0.69,0.04,70.62,5.42,376.38,28.92,5.35,26.62,2.04,5.38,0.41,76.69,5.86,79.46,6.06,31.38,2.4,1.15,0.07,0.01,1.0,0.0,0.0,0.0,0.0,0.0,13.23,0.0,0.0,0.0,0.0,0.0,0.0,0.6,3.04,0.22,0.04,0.33,0.43,13.23,0.0,0.0,0.0,0.0,0.0,0.0,1.99,6.08,0.44,0.08,0.66,0.74,13.23,0.0,0.0,0.0,0.0,0.0,0.0,0.93,3,10.38,176.49,3.0
Ian Thomas,CAR,TE,2.0,14.36,18.18,1.27,30.14,2.1,179.77,12.61,9.92,8.5,0.59,37.27,10.09,2.59,0.18,0.18,0.01,0.0,0.0,0.0,0.0,0.0,0.0,0.0,0.0,0.0,18.18,1.27,30.14,2.1,8.5,0.59,0.0,0.0,0.0,1.0,19.07,1.33,0.77,1.54,1.71,14.18,0.0,0.14,0.0,0.05,0.0,0.0,1.22,28.16,1.97,1.25,2.02,2.45,14.18,0.14,0.0,0.0,0.05,0.0,0.0,1.99,37.25,2.6,1.72,2.55,3.15,13.36,0.95,0.0,0.05,0.0,0.0,0.0,2.17,3,2.67,45.47,54.0
Zach Gentry,FA,TE,0.0,7.69,13.23,1.33,17.38,1.75,115.92,11.64,6.39,7.69,0.78,17.62,8.11,1.38,0.14,0.0,0.0,0.0,0.0,0.0,0.0,0.0,0.0,0.0,0.0,0.0,13.23,1.33,17.38,1.75,7.69,0.78,0.0,0.0,0.0,0.82,11.59,1.16,0.8,1.04,1.51,7.69,0.0,0.0,0.0,0.0,0.0,0.0,1.06,18.21,1.83,1.32,1.46,2.27,7.69,0.0,0.0,0.0,0.0,0.0,0.0,1.94,24.82,2.5,1.73,1.9,3.0,7.69,0.0,0.0,0.0,0.0,0.0,0.0,1.99,3,0.3,5.13,77.0
Ross Dwelley,ATL,TE,2.0,7.69,8.31,1.04,10.69,1.32,98.85,12.8,12.27,4.31,0.53,24.77,9.38,1.46,0.22,1.08,0.2,0.0,0.0,0.0,0.0,0.0,0.0,0.0,0.0,0.0,8.31,1.04,10.69,1.32,4.31,0.53,0.0,0.0,0.0,0.76,16.35,2.47,1.33,3.36,2.6,6.23,0.46,0.23,0.69,0.08,0.23,0.01,1.45,20.5,2.99,1.98,3.6,3.2,6.23,0.69,0.69,0.0,0.08,0.01,0.01,1.9,24.65,3.5,2.62,3.89,3.82,6.23,1.38,0.0,0.0,0.08,0.01,0.01,2.0,3,0.0,0.0,116.0
Drew Sample,CIN,TE,2.0,11.31,17.23,1.38,23.08,1.85,138.92,10.9,7.57,5.85,0.45,20.08,6.46,0.31,0.02,0.23,0.01,0.0,0.0,0.0,0.0,0.0,0.0,0.0,0.0,0.0,17.23,1.38,23.08,1.85,5.85,0.45,0.23,0.01,0.0,0.97,14.82,1.15,0.85,1.32,1.48,10.38,0.69,0.23,0.0,0.0,0.0,0.0,1.1,23.43,1.84,1.51,1.84,2.28,10.38,0.69,0.23,0.0,0.0,0.0,0.0,1.89,32.05,2.53,2.12,2.41,3.02,10.62,0.0,0.69,0.0,0.0,0.0,0.0,2.2,3,1.65,27.99,61.0
Chris Herndon IV,FA,TE,0.0,8.0,10.0,0.95,15.62,1.55,94.46,9.03,9.6,6.69,0.71,18.31,7.05,0.69,0.04,1.38,0.16,0.0,0.0,0.0,0.0,0.0,0.0,0.0,0.0,0.0,10.0,0.95,15.62,1.55,6.69,0.71,0.46,0.03,0.01,0.8,16.83,1.8,0.98,2.6,2.0,6.38,0.23,0.69,0.46,0.23,0.05,0.02,1.22,21.83,2.27,1.47,2.92,2.54,6.62,0.69,0.23,0.23,0.23,0.03,0.02,1.89,26.83,2.74,1.95,3.28,3.07,7.31,0.0,0.23,0.23,0.23,0.03,0.02,1.88,3,0.71,12.11,71.0
Adam Shaheen,FA,TE,0.0,10.54,11.77,1.18,17.15,1.68,116.46,11.34,9.87,5.77,0.55,25.85,8.21,1.15,0.1,0.69,0.04,0.0,0.0,0.0,0.0,0.0,0.0,0.0,0.0,0.0,11.77,1.18,17.15,1.68,5.77,0.55,0.08,0.01,0.01,0.94,15.8,1.39,0.89,1.71,1.76,9.77,0.31,0.23,0.0,0.23,0.02,0.02,1.19,21.68,1.99,1.39,2.28,2.4,9.85,0.46,0.0,0.23,0.0,0.02,0.0,1.88,27.57,2.58,1.89,2.86,3.04,10.31,0.0,0.0,0.23,0.0,0.02,0.0,2.03,3,0.66,11.16,72.0
Jesse James,FA,TE,0.0,8.38,9.31,1.25,12.69,1.56,83.62,11.13,8.94,4.08,0.54,22.08,6.46,0.54,0.03,1.15,0.17,0.0,0.0,0.0,0.0,0.0,0.0,0.0,0.0,0.0,9.31,1.25,12.69,1.56,4.08,0.54,0.0,0.0,0.0,0.81,15.28,2.12,0.4,3.59,2.19,7.23,0.0,0.23,0.92,0.0,0.19,0.0,1.13,19.94,2.74,0.9,4.09,2.84,7.23,0.23,0.0,0.92,0.0,0.19,0.0,1.76,24.59,3.36,1.4,4.63,3.5,7.23,0.23,0.23,0.69,0.0,0.17,0.0,1.84,3,0.59,10.07,73.0
Kylen Granson,IND,TE,3.0,10.0,11.0,1.1,15.0,1.5,106.0,10.6,9.64,4.0,0.4,27.0,9.5,1.0,0.1,0.0,0.0,0.0,0.0,0.0,0.0,0.0,0.0,0.0,0.0,0.0,11.0,1.1,15.0,1.5,4.0,0.4,0.0,0.0,0.0,0.96,10.6,1.06,0.7,0.95,1.53,10.0,0.0,0.0,0.0,0.0,0.0,0.0,1.01,16.1,1.61,1.2,1.15,2.3,10.0,0.0,0.0,0.0,0.0,0.0,0.0,1.69,21.6,2.16,1.7,1.38,3.04,10.0,0.0,0.0,0.0,0.0,0.0,0.0,1.98,1,1.58,26.85,63.0
Stephen Anderson,FA,TE,0.0,13.46,12.92,0.9,15.69,1.1,138.69,9.69,10.2,7.85,0.54,28.85,8.09,2.31,0.16,0.69,0.05,0.0,0.0,0.0,0.0,0.0,0.0,0.0,0.0,0.0,12.92,0.9,15.69,1.1,7.85,0.54,0.0,0.0,0.0,0.94,18.02,1.27,0.59,2.24,1.44,12.31,0.46,0.0,0.69,0.0,0.06,0.0,0.99,24.48,1.72,1.0,2.71,1.93,12.31,0.46,0.0,0.69,0.0,0.06,0.0,1.63,30.95,2.17,1.35,3.19,2.42,12.31,0.46,0.0,0.69,0.0,0.06,0.0,1.69,3,1.59,26.96,62.0
Tommy Sweeney,CHI,TE,4.0,6.9,8.9,1.29,12.1,1.76,51.0,7.56,5.83,3.1,0.45,14.6,3.86,0.3,0.05,0.9,0.13,0.0,0.0,0.0,0.0,0.0,0.0,0.0,0.0,0.0,8.9,1.29,12.1,1.76,3.1,0.45,0.0,0.0,0.0,0.83,10.5,1.53,0.2,2.38,1.75,5.9,0.9,0.1,0.0,0.0,0.0,0.0,0.8,14.95,2.17,1.12,2.67,2.52,5.9,0.9,0.1,0.0,0.0,0.0,0.0,1.59,19.4,2.82,2.04,3.04,3.27,6.8,0.0,0.0,0.1,0.0,0.02,0.0,1.93,3,0.0,0.0,116.0
N'Keal Harry,FA,TE,0.0,10.69,16.85,1.51,30.23,2.73,206.77,18.99,13.45,8.85,0.81,38.08,13.64,2.54,0.24,0.62,0.05,0.85,0.09,3.77,0.54,0.75,0.31,0.04,0.0,0.0,17.69,1.59,31.08,2.81,9.15,0.85,0.92,0.09,0.06,0.96,0.0,0.0,0.0,0.0,0.0,10.69,0.0,0.0,0.0,0.0,0.0,0.0,0.27,8.42,0.75,0.65,0.58,1.28,10.69,0.0,0.0,0.0,0.0,0.0,0.0,1.44,16.85,1.51,1.31,1.17,2.22,10.46,0.23,0.0,0.0,0.0,0.0,0.0,1.63,3,0.38,6.41,76.0
Shane Zylstra,DET,TE,1.0,3.0,3.0,1.0,7.0,2.33,34.0,11.33,11.33,2.0,0.67,16.0,10.0,0.0,0.0,0.0,0.0,0.0,0.0,0.0,0.0,0.0,0.0,0.0,0.0,0.0,3.0,1.0,7.0,2.33,2.0,0.67,0.0,0.0,0.0,0.56,3.4,1.13,1.6,0.99,1.63,3.0,0.0,0.0,0.0,0.0,0.0,0.0,0.85,4.9,1.63,2.1,1.46,2.2,3.0,0.0,0.0,0.0,0.0,0.0,0.0,1.42,6.4,2.13,2.6,1.94,2.76,3.0,0.0,0.0,0.0,0.0,0.0,0.0,1.33,1,0.0,0.0,116.0
Noah Gray,KC,TE,4.0,7.0,7.0,1.0,10.0,1.43,36.0,5.14,5.14,2.0,0.29,8.0,4.43,0.0,0.0,1.0,0.14,0.0,0.0,0.0,0.0,0.0,0.0,0.0,0.0,0.0,7.0,1.0,10.0,1.43,2.0,0.29,0.0,0.0,0.0,0.84,9.6,1.37,0.6,2.12,1.63,6.0,0.0,1.0,0.0,0.0,0.0,0.0,0.86,13.1,1.87,1.1,2.18,2.28,6.0,1.0,0.0,0.0,0.0,0.0,0.0,1.39,16.6,2.37,1.6,2.28,2.95,7.0,0.0,0.0,0.0,0.0,0.0,0.0,1.64,1,0.0,0.0,116.0
Kaden Smith,FA,TE,0.0,6.92,8.62,1.06,10.15,1.2,69.31,9.73,9.72,3.46,0.4,20.69,7.74,0.92,0.2,0.23,0.03,0.0,0.0,0.0,0.0,0.0,0.0,0.0,0.0,0.0,8.62,1.06,10.15,1.2,3.46,0.4,0.0,0.0,0.0,0.75,8.32,1.12,0.77,1.34,1.42,6.62,0.0,0.15,0.08,0.08,0.02,0.01,0.84,12.62,1.66,1.17,1.84,2.04,6.62,0.0,0.15,0.08,0.08,0.02,0.01,1.37,16.93,2.19,1.6,2.35,2.62,6.62,0.0,0.0,0.15,0.15,0.06,0.02,1.55,3,0.0,0.0,116.0
Blake Bell,FA,TE,0.0,13.15,9.38,0.72,13.62,1.04,90.77,6.95,9.65,4.62,0.35,24.46,5.97,1.69,0.14,0.0,0.0,3.0,0.24,7.38,0.6,2.19,3.0,0.24,0.0,0.0,12.38,0.96,16.62,1.29,7.62,0.59,0.0,0.0,0.0,1.0,9.82,0.76,0.33,1.06,1.07,13.08,0.08,0.0,0.0,0.0,0.0,0.0,0.69,14.51,1.11,0.75,1.44,1.51,13.15,0.0,0.0,0.0,0.0,0.0,0.0,1.33,19.2,1.48,1.21,1.83,1.94,13.15,0.0,0.0,0.0,0.0,0.0,0.0,1.39,3,0.97,16.41,68.0
Antony Auclair,FA,TE,0.0,5.23,3.54,0.87,3.92,0.92,33.38,8.24,7.35,1.46,0.36,11.23,6.86,0.0,0.0,0.69,0.17,0.0,0.0,0.0,0.0,0.0,0.0,0.0,0.0,0.0,3.54,0.87,3.92,0.92,1.46,0.36,0.0,0.0,0.0,0.72,7.49,1.87,1.04,2.14,2.02,4.54,0.0,0.69,0.0,0.0,0.0,0.0,0.86,9.26,2.3,1.56,2.15,2.59,4.54,0.69,0.0,0.0,0.0,0.0,0.0,1.31,11.03,2.73,2.08,2.17,3.18,4.54,0.69,0.0,0.0,0.0,0.0,0.0,1.42,3,0.0,0.0,116.0
Parker Hesse,FA,TE,0.0,4.0,5.0,1.25,6.0,1.5,43.0,10.75,8.6,3.0,0.75,17.0,7.25,0.0,0.0,0.0,0.0,0.0,0.0,0.0,0.0,0.0,0.0,0.0,0.0,0.0,5.0,1.25,6.0,1.5,3.0,0.75,0.0,0.0,0.0,0.65,4.3,1.08,0.6,1.38,1.42,4.0,0.0,0.0,0.0,0.0,0.0,0.0,0.62,6.8,1.7,1.1,2.0,2.11,4.0,0.0,0.0,0.0,0.0,0.0,0.0,1.3,9.3,2.33,1.6,2.63,2.79,4.0,0.0,0.0,0.0,0.0,0.0,0.0,1.23,1,0.0,0.0,116.0
Luke Farrell,JAC,TE,3.0,9.0,7.0,0.78,11.0,1.22,56.0,6.22,8.0,3.0,0.33,21.0,6.33,1.0,0.11,0.0,0.0,0.0,0.0,0.0,0.0,0.0,0.0,0.0,0.0,0.0,7.0,0.78,11.0,1.22,3.0,0.33,0.0,0.0,0.0,0.93,5.6,0.62,0.6,0.71,0.97,9.0,0.0,0.0,0.0,0.0,0.0,0.0,0.69,9.1,1.01,1.1,0.84,1.56,9.0,0.0,0.0,0.0,0.0,0.0,0.0,1.27,12.6,1.4,1.6,1.01,2.14,9.0,0.0,0.0,0.0,0.0,0.0,0.0,1.5,1,0.0,0.0,116.0
Tre' McKitty,CLE,TE,4.0,6.0,6.0,1.0,8.0,1.33,45.0,7.5,7.5,3.0,0.5,12.0,5.17,0.0,0.0,0.0,0.0,0.0,0.0,0.0,0.0,0.0,0.0,0.0,0.0,0.0,6.0,1.0,8.0,1.33,3.0,0.5,0.0,0.0,0.0,0.78,4.5,0.75,0.55,0.84,1.12,6.0,0.0,0.0,0.0,0.0,0.0,0.0,0.63,7.5,1.25,1.05,1.38,1.71,6.0,0.0,0.0,0.0,0.0,0.0,0.0,1.22,10.5,1.75,1.55,1.92,2.27,6.0,0.0,0.0,0.0,0.0,0.0,0.0,1.3,1,0.0,0.0,116.0
Richard Rodgers,FA,TE,0.0,4.08,6.92,1.78,8.54,1.89,87.23,13.3,7.13,4.38,0.96,13.85,9.25,1.15,0.08,0.46,0.03,0.0,0.0,0.0,0.0,0.0,0.0,0.0,0.0,0.0,6.92,1.78,8.54,1.89,4.38,0.96,0.0,0.0,0.0,0.46,11.49,1.53,1.14,0.96,0.77,3.15,0.23,0.0,0.46,0.23,0.06,0.02,0.62,14.95,2.42,2.01,1.13,0.96,3.15,0.23,0.0,0.69,0.0,0.06,0.0,1.21,18.42,3.31,2.87,1.32,1.15,3.15,0.0,0.23,0.69,0.0,0.06,0.0,0.88,3,0.0,0.0,116.0
Tyree Jackson,WAS,TE,3.0,3.0,3.0,1.0,7.0,2.33,22.0,7.33,7.33,2.0,0.67,13.0,4.33,0.0,0.0,1.0,0.33,0.0,0.0,0.0,0.0,0.0,0.0,0.0,0.0,0.0,3.0,1.0,7.0,2.33,2.0,0.67,0.0,0.0,0.0,0.56,8.2,2.73,0.0,4.73,2.65,2.0,0.0,0.0,1.0,0.0,0.5,0.0,1.05,9.7,3.23,0.0,5.6,3.11,2.0,0.0,1.0,0.0,0.0,0.0,0.0,1.16,11.2,3.73,0.0,6.47,3.58,2.0,0.0,1.0,0.0,0.0,0.0,0.0,0.93,1,0.0,0.0,116.0
Tommy Hudson,FA,TE,0.0,4.0,3.0,0.75,6.0,1.5,31.0,7.75,10.33,2.0,0.5,14.0,7.75,0.0,0.0,0.0,0.0,0.0,0.0,0.0,0.0,0.0,0.0,0.0,0.0,0.0,3.0,0.75,6.0,1.5,2.0,0.5,0.0,0.0,0.0,0.65,3.1,0.77,0.85,0.73,1.2,4.0,0.0,0.0,0.0,0.0,0.0,0.0,0.63,4.6,1.15,1.35,0.93,1.73,4.0,0.0,0.0,0.0,0.0,0.0,0.0,1.15,6.1,1.52,1.85,1.14,2.25,4.0,0.0,0.0,0.0,0.0,0.0,0.0,1.16,1,0.0,0.0,116.0
Chris Manhertz,NYG,TE,1.0,11.77,5.62,0.51,8.15,0.74,62.0,5.72,11.04,3.08,0.3,20.0,5.72,0.69,0.07,0.69,0.07,0.0,0.0,0.0,0.0,0.0,0.0,0.0,0.0,0.0,5.62,0.51,8.15,0.74,3.08,0.3,0.0,0.0,0.0,0.97,10.35,0.99,0.55,1.85,1.17,11.08,0.0,0.0,0.69,0.0,0.08,0.0,0.84,13.16,1.24,0.9,2.0,1.51,11.08,0.0,0.69,0.0,0.0,0.0,0.0,1.15,15.97,1.49,1.25,2.17,1.84,11.08,0.69,0.0,0.0,0.0,0.0,0.0,1.27,3,0.0,0.0,116.0
Josh Oliver,MIN,TE,2.0,10.3,8.4,0.81,14.1,1.37,60.9,5.78,7.1,3.7,0.35,17.7,4.47,0.0,0.0,0.0,0.0,0.0,0.0,0.0,0.0,0.0,0.0,0.0,0.0,0.0,8.4,0.81,14.1,1.37,3.7,0.35,0.0,0.0,0.0,0.97,6.09,0.58,0.22,0.82,0.88,10.3,0.0,0.0,0.0,0.0,0.0,0.0,0.55,10.29,0.98,0.72,1.14,1.41,10.3,0.0,0.0,0.0,0.0,0.0,0.0,1.13,14.49,1.39,1.22,1.47,1.93,10.3,0.0,0.0,0.0,0.0,0.0,0.0,1.35,3,0.4,6.87,75.0
Lee Smith,FA,TE,0.0,10.46,7.46,0.73,9.38,0.92,55.46,5.46,7.61,2.92,0.29,22.15,4.53,0.92,0.09,1.23,0.12,0.0,0.0,0.0,0.0,0.0,0.0,0.0,0.0,0.0,7.46,0.73,9.38,0.92,2.92,0.29,0.0,0.0,0.0,0.96,12.93,1.27,0.24,2.36,1.46,9.23,0.23,0.77,0.23,0.0,0.03,0.0,0.78,16.66,1.63,0.42,2.82,1.86,9.23,0.31,0.92,0.0,0.0,0.0,0.0,1.11,20.39,2.0,0.59,3.31,2.27,9.46,0.08,0.92,0.0,0.0,0.0,0.0,1.19,3,0.0,0.0,116.0
Eric Saubert,SF,TE,2.0,8.92,6.38,0.72,9.46,1.06,37.85,4.52,6.11,1.69,0.2,10.54,3.69,0.0,0.0,0.69,0.07,0.0,0.0,0.0,0.0,0.0,0.0,0.0,0.0,0.0,6.38,0.72,9.46,1.06,1.69,0.2,0.0,0.0,0.0,0.9,7.94,0.87,0.39,1.4,1.21,8.23,0.69,0.0,0.0,0.0,0.0,0.0,0.65,11.13,1.23,0.78,1.62,1.74,8.23,0.69,0.0,0.0,0.0,0.0,0.0,1.07,14.32,1.58,1.16,1.88,2.27,8.92,0.0,0.0,0.0,0.0,0.0,0.0,1.28,3,0.0,0.0,116.0
Nick Boyle,FA,TE,0.0,4.69,6.31,0.86,8.62,1.34,52.15,5.13,4.04,2.85,0.27,8.92,3.44,0.54,0.04,0.62,0.06,0.0,0.0,0.0,0.0,0.0,0.0,0.0,0.0,0.0,6.31,0.86,8.62,1.34,2.85,0.27,0.0,0.0,0.0,0.6,8.91,0.88,0.42,1.1,1.02,3.92,0.08,0.38,0.31,0.0,0.03,0.0,0.64,12.06,1.31,0.77,1.49,1.56,3.69,0.46,0.23,0.31,0.0,0.03,0.0,1.02,15.22,1.73,1.16,1.89,2.07,3.92,0.31,0.38,0.08,0.0,0.01,0.0,1.11,3,0.0,0.0,116.0
Kendall Blanton,FA,TE,0.0,3.7,3.6,0.9,6.3,1.58,33.3,8.32,8.32,1.8,0.45,20.7,6.98,0.9,0.22,0.0,0.0,0.0,0.0,0.0,0.0,0.0,0.0,0.0,0.0,0.0,3.6,0.9,6.3,1.58,1.8,0.45,0.0,0.0,0.0,0.61,3.33,0.83,0.36,1.21,1.11,3.7,0.0,0.0,0.0,0.0,0.0,0.0,0.49,5.13,1.28,0.81,1.54,1.66,3.7,0.0,0.0,0.0,0.0,0.0,0.0,0.96,6.93,1.73,1.26,1.89,2.2,3.7,0.0,0.0,0.0,0.0,0.0,0.0,1.0,3,0.0,0.0,116.0
Jody Fortson Jr.,KC,TE,5.0,4.0,5.0,1.25,5.0,1.25,47.0,11.75,9.4,3.0,0.75,27.0,11.25,1.0,0.25,2.0,0.5,0.0,0.0,0.0,0.0,0.0,0.0,0.0,0.0,0.0,5.0,1.25,5.0,1.25,3.0,0.75,0.0,0.0,0.0,0.65,0.0,0.0,0.0,0.0,0.0,4.0,0.0,0.0,0.0,0.0,0.0,0.0,0.08,2.5,0.62,0.5,0.25,1.31,4.0,0.0,0.0,0.0,0.0,0.0,0.0,0.92,5.0,1.25,1.0,0.5,2.27,4.0,0.0,0.0,0.0,0.0,0.0,0.0,0.93,1,0.0,0.0,116.0
Sean McKeon,IND,TE,4.0,7.25,3.0,0.6,4.5,0.9,20.25,4.05,5.06,1.5,0.3,9.0,3.6,0.0,0.0,0.75,0.15,0.0,0.0,0.0,0.0,0.0,0.0,0.0,0.0,0.0,3.0,0.6,4.5,0.9,1.5,0.3,0.0,0.0,0.0,0.79,6.52,1.3,0.15,2.26,1.42,6.5,0.0,0.75,0.0,0.0,0.0,0.0,0.52,8.02,1.61,0.52,2.38,1.78,6.5,0.75,0.0,0.0,0.0,0.0,0.0,0.88,9.52,1.9,0.9,2.53,2.14,6.5,0.75,0.0,0.0,0.0,0.0,0.0,0.94,2,0.0,0.0,116.0
Lawrence Cager,WAS,TE,2.0,2.0,2.0,1.0,6.0,3.0,35.0,17.5,17.5,2.0,1.0,19.0,9.5,0.0,0.0,0.0,0.0,0.0,0.0,0.0,0.0,0.0,0.0,0.0,0.0,0.0,2.0,1.0,6.0,3.0,2.0,1.0,0.0,0.0,0.0,0.44,0.0,0.0,0.0,0.0,0.0,2.0,0.0,0.0,0.0,0.0,0.0,0.0,0.13,1.0,0.5,0.5,0.71,0.81,2.0,0.0,0.0,0.0,0.0,0.0,0.0,0.86,2.0,1.0,1.0,1.41,1.4,2.0,0.0,0.0,0.0,0.0,0.0,0.0,0.56,2,0.0,0.0,116.0
Colby Parkinson,LAR,TE,2.0,6.0,4.25,0.7,6.5,1.08,28.75,4.79,6.95,2.0,0.33,11.5,4.3,0.0,0.0,0.0,0.0,0.0,0.0,0.0,0.0,0.0,0.0,0.0,0.0,0.0,4.25,0.7,6.5,1.08,2.0,0.33,0.0,0.0,0.0,0.78,2.88,0.48,0.26,0.64,0.76,6.0,0.0,0.0,0.0,0.0,0.0,0.0,0.41,5.0,0.84,0.64,0.98,1.24,6.0,0.0,0.0,0.0,0.0,0.0,0.0,0.84,7.12,1.18,1.01,1.36,1.68,6.0,0.0,0.0,0.0,0.0,0.0,0.0,0.94,2,0.0,0.0,116.0
Kenny Yeboah,NYJ,TE,2.0,3.0,2.0,0.67,3.0,1.0,36.0,12.0,18.0,2.0,0.67,24.0,8.0,1.0,0.33,0.0,0.0,0.0,0.0,0.0,0.0,0.0,0.0,0.0,0.0,0.0,2.0,0.67,3.0,1.0,2.0,0.67,0.0,0.0,0.0,0.56,3.6,1.2,0.0,2.08,1.43,3.0,0.0,0.0,0.0,0.0,0.0,0.0,0.37,4.6,1.53,0.0,2.66,1.78,3.0,0.0,0.0,0.0,0.0,0.0,0.0,0.79,5.6,1.87,0.0,3.23,2.13,3.0,0.0,0.0,0.0,0.0,0.0,0.0,0.53,1,0.0,0.0,116.0
Jack Stoll,MIA,TE,3.0,6.0,4.0,0.67,5.0,0.83,22.0,3.67,5.5,2.0,0.33,9.0,3.33,0.0,0.0,0.0,0.0,0.0,0.0,0.0,0.0,0.0,0.0,0.0,0.0,0.0,4.0,0.67,5.0,0.83,2.0,0.33,0.0,0.0,0.0,0.78,2.2,0.37,0.3,0.41,0.65,6.0,0.0,0.0,0.0,0.0,0.0,0.0,0.36,4.2,0.7,0.6,0.78,1.1,6.0,0.0,0.0,0.0,0.0,0.0,0.0,0.77,6.2,1.03,0.85,1.17,1.52,6.0,0.0,0.0,0.0,0.0,0.0,0.0,0.81,1,0.0,0.0,116.0
Charlie Woerner,ATL,TE,3.0,9.5,4.5,0.52,5.5,0.64,48.0,5.52,10.8,2.75,0.32,24.75,4.96,0.75,0.09,0.0,0.0,0.0,0.0,0.0,0.0,0.0,0.0,0.0,0.0,0.0,4.5,0.52,5.5,0.64,2.75,0.32,0.0,0.0,0.0,0.91,4.8,0.55,0.15,0.99,0.79,9.5,0.0,0.0,0.0,0.0,0.0,0.0,0.39,7.05,0.81,0.34,1.32,1.11,9.5,0.0,0.0,0.0,0.0,0.0,0.0,0.74,9.3,1.07,0.52,1.66,1.44,9.5,0.0,0.0,0.0,0.0,0.0,0.0,0.75,2,0.0,0.0,116.0
Derek Carrier,FA,TE,0.0,6.31,2.62,0.77,3.08,0.8,20.54,5.22,8.37,1.23,0.38,11.38,3.72,0.15,0.01,0.08,0.0,0.08,0.0,2.08,0.13,2.08,0.08,0.0,0.0,0.0,2.69,0.77,3.15,0.8,1.31,0.38,0.0,0.0,0.0,0.61,2.72,0.56,0.47,0.86,0.81,6.23,0.0,0.08,0.0,0.0,0.0,0.0,0.31,4.03,0.95,0.83,1.42,1.24,6.23,0.0,0.08,0.0,0.0,0.0,0.0,0.65,5.34,1.33,1.2,1.96,1.66,6.23,0.08,0.0,0.0,0.0,0.0,0.0,0.62,3,0.0,0.0,116.0
Chris Myarick,FA,TE,0.0,4.5,2.25,0.45,4.5,0.9,12.75,2.55,4.25,1.5,0.3,7.5,2.4,0.0,0.0,0.75,0.15,0.0,0.0,0.0,0.0,0.0,0.0,0.0,0.0,0.0,2.25,0.45,4.5,0.9,1.5,0.3,0.0,0.0,0.0,0.68,5.78,1.16,0.0,2.34,1.24,3.75,0.0,0.75,0.0,0.0,0.0,0.0,0.42,6.9,1.38,0.0,2.65,1.49,3.75,0.0,0.75,0.0,0.0,0.0,0.0,0.64,8.02,1.61,0.0,2.96,1.74,3.75,0.75,0.0,0.0,0.0,0.0,0.0,0.57,2,0.0,0.0,116.0
Jeremy Sprinkle,FA,TE,0.0,9.08,4.31,0.48,5.85,0.58,41.38,4.83,9.25,2.38,0.29,10.77,3.38,0.15,0.01,0.08,0.0,0.0,0.0,0.0,0.0,0.0,0.0,0.0,0.0,0.0,4.31,0.48,5.85,0.58,2.38,0.29,0.0,0.0,0.0,0.85,4.6,0.51,0.12,0.77,0.73,9.0,0.0,0.08,0.0,0.0,0.0,0.0,0.34,6.75,0.76,0.18,1.1,1.03,9.0,0.0,0.08,0.0,0.0,0.0,0.0,0.62,8.91,1.0,0.25,1.44,1.33,9.0,0.0,0.08,0.0,0.0,0.0,0.0,0.6,3,0.0,0.0,116.0
Dominique Dafney,CAR,TE,5.0,5.75,2.0,0.35,3.5,0.6,32.0,5.55,16.0,2.0,0.35,22.75,5.55,0.75,0.13,0.25,0.05,0.0,0.0,0.0,0.0,0.0,0.0,0.0,0.0,0.0,2.0,0.35,3.5,0.6,2.0,0.35,0.0,0.0,0.0,0.76,4.7,0.86,0.0,1.58,1.06,5.5,0.0,0.25,0.0,0.0,0.0,0.0,0.36,5.7,1.03,0.0,1.8,1.29,5.5,0.25,0.0,0.0,0.0,0.0,0.0,0.61,6.7,1.2,0.0,2.03,1.52,5.5,0.25,0.0,0.0,0.0,0.0,0.0,0.51,2,0.0,0.0,116.0
Dalton Keene,HOU,TE,4.0,6.0,3.0,0.5,5.0,0.83,16.0,2.67,5.33,1.0,0.17,8.0,2.67,0.0,0.0,0.0,0.0,0.0,0.0,0.0,0.0,0.0,0.0,0.0,0.0,0.0,3.0,0.5,5.0,0.83,1.0,0.17,0.0,0.0,0.0,0.78,1.6,0.27,0.1,0.35,0.5,6.0,0.0,0.0,0.0,0.0,0.0,0.0,0.25,3.1,0.52,0.35,0.6,0.87,6.0,0.0,0.0,0.0,0.0,0.0,0.0,0.53,4.6,0.77,0.6,0.86,1.22,6.0,0.0,0.0,0.0,0.0,0.0,0.0,0.63,2,0.0,0.0,116.0
Garrett Griffin,FA,TE,0.0,4.75,3.0,0.6,3.0,0.6,29.25,5.85,7.31,1.5,0.3,10.5,3.45,0.0,0.0,0.0,0.0,0.0,0.0,0.0,0.0,0.0,0.0,0.0,0.0,0.0,3.0,0.6,3.0,0.6,1.5,0.3,0.0,0.0,0.0,0.7,2.92,0.59,0.0,0.98,0.78,4.75,0.0,0.0,0.0,0.0,0.0,0.0,0.27,4.42,0.88,0.0,1.46,1.11,4.75,0.0,0.0,0.0,0.0,0.0,0.0,0.51,5.93,1.18,0.0,1.95,1.42,4.75,0.0,0.0,0.0,0.0,0.0,0.0,0.46,2,0.0,0.0,116.0
Demetrius Harris,FA,TE,0.0,11.54,4.85,0.39,9.46,0.77,28.77,2.15,4.55,1.92,0.15,8.69,1.72,0.15,0.01,0.23,0.02,0.0,0.0,0.0,0.0,0.0,0.0,0.0,0.0,0.0,4.85,0.39,9.46,0.77,1.92,0.15,0.0,0.0,0.0,0.97,4.42,0.32,0.15,0.5,0.46,11.31,0.0,0.15,0.08,0.0,0.01,0.0,0.33,6.84,0.51,0.15,0.86,0.72,11.31,0.15,0.0,0.08,0.0,0.01,0.0,0.5,9.26,0.71,0.18,1.22,0.97,11.46,0.0,0.08,0.0,0.0,0.0,0.0,0.53,3,0.0,0.0,116.0
Ethan Wolf,FA,TE,0.0,1.0,2.0,2.0,2.0,2.0,8.0,8.0,4.0,1.0,1.0,4.0,4.0,0.0,0.0,0.0,0.0,0.0,0.0,0.0,0.0,0.0,0.0,0.0,0.0,0.0,2.0,2.0,2.0,2.0,1.0,1.0,0.0,0.0,0.0,0.28,0.8,0.8,0.8,0.0,0.0,1.0,0.0,0.0,0.0,0.0,0.0,0.0,0.0,1.8,1.8,1.8,0.0,0.0,1.0,0.0,0.0,0.0,0.0,0.0,0.0,0.5,2.8,2.8,2.8,0.0,0.0,1.0,0.0,0.0,0.0,0.0,0.0,0.0,0.0,1,0.0,0.0,116.0
Daniel Brown,FA,TE,0.0,7.0,2.38,0.53,2.69,0.54,32.77,7.49,14.41,1.46,0.28,22.62,6.29,0.85,0.24,0.08,0.0,0.0,0.0,0.0,0.0,0.0,0.0,0.0,0.0,0.0,2.38,0.53,2.69,0.54,1.46,0.28,0.0,0.0,0.0,0.7,3.74,0.78,0.0,1.44,0.99,6.92,0.0,0.08,0.0,0.0,0.0,0.0,0.28,4.93,1.04,0.0,1.9,1.28,6.92,0.0,0.08,0.0,0.0,0.0,0.0,0.49,6.12,1.3,0.0,2.36,1.56,6.92,0.08,0.0,0.0,0.0,0.0,0.0,0.43,3,0.0,0.0,116.0
Mitchell Wilcox,NE,TE,3.0,4.0,3.0,0.75,5.0,1.25,16.0,4.0,5.33,1.0,0.25,8.0,2.0,0.0,0.0,0.0,0.0,0.0,0.0,0.0,0.0,0.0,0.0,0.0,0.0,0.0,3.0,0.75,5.0,1.25,1.0,0.25,0.0,0.0,0.0,0.65,1.6,0.4,0.0,0.8,0.6,4.0,0.0,0.0,0.0,0.0,0.0,0.0,0.24,3.1,0.78,0.0,1.55,1.03,4.0,0.0,0.0,0.0,0.0,0.0,0.0,0.47,4.6,1.15,0.0,2.3,1.43,4.0,0.0,0.0,0.0,0.0,0.0,0.0,0.45,1,0.0,0.0,116.0
Tanner Hudson,CIN,TE,3.0,10.5,2.75,0.26,6.5,0.62,37.25,3.52,13.5,2.5,0.23,18.5,3.52,0.75,0.07,0.0,0.0,0.0,0.0,0.0,0.0,0.0,0.0,0.0,0.0,0.0,2.75,0.26,6.5,0.62,2.5,0.23,0.0,0.0,0.0,0.98,3.72,0.35,0.0,0.66,0.56,10.5,0.0,0.0,0.0,0.0,0.0,0.0,0.28,5.1,0.48,0.0,0.88,0.74,10.5,0.0,0.0,0.0,0.0,0.0,0.0,0.47,6.48,0.62,0.0,1.1,0.92,10.5,0.0,0.0,0.0,0.0,0.0,0.0,0.42,3,0.0,0.0,116.0
Kevin Rader,FA,TE,0.0,2.5,1.5,0.5,2.5,1.0,6.0,2.0,3.0,0.75,0.25,5.25,2.0,0.0,0.0,0.0,0.0,0.0,0.0,0.0,0.0,0.0,0.0,0.0,0.0,0.0,1.5,0.5,2.5,1.0,0.75,0.25,0.0,0.0,0.0,0.49,0.6,0.2,0.08,0.28,0.37,2.5,0.0,0.0,0.0,0.0,0.0,0.0,0.14,1.35,0.45,0.45,0.45,0.76,2.5,0.0,0.0,0.0,0.0,0.0,0.0,0.44,2.1,0.7,0.82,0.64,1.11,2.5,0.0,0.0,0.0,0.0,0.0,0.0,0.47,2,0.0,0.0,116.0
Trevon Wesco,FA,TE,0.0,9.54,2.46,0.29,4.15,0.48,29.0,3.36,11.04,1.54,0.18,16.77,2.83,0.08,0.0,0.0,0.0,0.31,0.02,0.15,0.01,0.15,0.08,0.0,0.0,0.0,2.77,0.32,4.46,0.51,1.62,0.19,0.0,0.0,0.0,0.92,2.92,0.34,0.0,0.66,0.51,9.54,0.0,0.0,0.0,0.0,0.0,0.0,0.23,4.15,0.48,0.0,0.95,0.7,9.54,0.0,0.0,0.0,0.0,0.0,0.0,0.39,5.38,0.62,0.0,1.24,0.88,9.54,0.0,0.0,0.0,0.0,0.0,0.0,0.36,3,0.0,0.0,116.0
Brycen Hopkins,FA,TE,0.0,1.75,0.75,0.75,0.75,0.75,6.75,6.75,6.75,0.75,0.75,6.75,6.75,0.0,0.0,0.0,0.0,0.0,0.0,0.0,0.0,0.0,0.0,0.0,0.0,0.0,0.75,0.75,0.75,0.75,0.75,0.75,0.0,0.0,0.0,0.37,0.68,0.68,0.68,0.0,0.0,1.75,0.0,0.0,0.0,0.0,0.0,0.0,0.0,1.05,1.05,1.05,0.0,0.0,1.75,0.0,0.0,0.0,0.0,0.0,0.0,0.38,1.42,1.42,1.42,0.0,0.0,1.75,0.0,0.0,0.0,0.0,0.0,0.0,0.0,2,0.0,0.0,116.0
Luke Stocker,FA,TE,0.0,9.0,3.62,0.37,5.0,0.46,26.92,2.57,6.74,1.77,0.19,12.0,2.59,0.23,0.01,0.0,0.0,0.0,0.0,0.0,0.0,0.0,0.0,0.0,0.0,0.0,3.62,0.37,5.0,0.46,1.77,0.19,0.0,0.0,0.0,0.85,2.69,0.26,0.0,0.42,0.45,9.0,0.0,0.0,0.0,0.0,0.0,0.0,0.2,4.5,0.44,0.0,0.69,0.71,9.0,0.0,0.0,0.0,0.0,0.0,0.0,0.38,6.31,0.63,0.0,0.96,0.96,9.0,0.0,0.0,0.0,0.0,0.0,0.0,0.37,3,0.0,0.0,116.0
Tyler Davis,GB,TE,1.0,8.0,3.0,0.38,4.25,0.53,26.25,3.28,6.56,0.75,0.09,16.5,3.28,0.75,0.09,0.0,0.0,0.0,0.0,0.0,0.0,0.0,0.0,0.0,0.0,0.0,3.0,0.38,4.25,0.53,0.75,0.09,0.0,0.0,0.0,0.88,2.62,0.33,0.0,0.59,0.5,8.0,0.0,0.0,0.0,0.0,0.0,0.0,0.22,4.12,0.52,0.0,0.8,0.75,8.0,0.0,0.0,0.0,0.0,0.0,0.0,0.36,5.62,0.7,0.0,1.04,0.99,8.0,0.0,0.0,0.0,0.0,0.0,0.0,0.39,2,0.0,0.0,116.0
Stephen Carlson,CHI,TE,5.0,14.25,2.0,0.18,3.25,0.29,21.0,1.94,10.8,1.25,0.1,13.5,1.74,0.25,0.03,0.25,0.03,0.0,0.0,0.0,0.0,0.0,0.0,0.0,0.0,0.0,2.0,0.18,3.25,0.29,1.25,0.1,0.0,0.0,0.0,0.98,5.1,0.45,0.0,0.98,0.6,14.0,0.0,0.25,0.0,0.0,0.0,0.0,0.26,6.1,0.54,0.0,1.09,0.73,14.0,0.25,0.0,0.0,0.0,0.0,0.0,0.35,7.1,0.64,0.0,1.22,0.85,14.0,0.25,0.0,0.0,0.0,0.0,0.0,0.35,3,0.0,0.0,116.0
Johnny Mundt,MIN,TE,3.0,6.85,1.92,0.31,2.15,0.32,20.46,2.98,9.79,1.0,0.25,14.77,2.75,0.23,0.01,0.0,0.0,0.0,0.0,0.0,0.0,0.0,0.0,0.0,0.0,0.0,1.92,0.31,2.15,0.32,1.0,0.25,0.0,0.0,0.0,0.7,2.05,0.3,0.0,0.67,0.48,6.62,0.23,0.0,0.0,0.0,0.0,0.0,0.15,3.01,0.46,0.0,0.98,0.68,6.85,0.0,0.0,0.0,0.0,0.0,0.0,0.33,3.97,0.61,0.0,1.29,0.89,6.85,0.0,0.0,0.0,0.0,0.0,0.0,0.26,3,0.0,0.0,116.0
Cethan Carter,FA,TE,0.0,10.15,2.69,0.26,3.23,0.3,24.31,2.27,8.48,1.54,0.14,11.69,2.24,0.46,0.03,0.08,0.01,0.0,0.0,0.0,0.0,0.0,0.0,0.0,0.0,0.0,2.69,0.26,3.23,0.3,1.54,0.14,0.0,0.0,0.0,0.92,2.89,0.26,0.0,0.58,0.43,10.08,0.0,0.08,0.0,0.0,0.0,0.0,0.18,4.24,0.38,0.0,0.8,0.61,10.08,0.0,0.08,0.0,0.0,0.0,0.0,0.33,5.58,0.52,0.0,1.03,0.79,10.08,0.0,0.08,0.0,0.0,0.0,0.0,0.32,3,0.0,0.0,116.0
Darrell Daniels,FA,TE,0.0,10.54,2.62,0.23,5.54,0.51,21.54,1.8,2.96,1.0,0.08,7.46,1.51,0.46,0.04,0.23,0.02,0.0,0.0,0.0,0.0,0.0,0.0,0.0,0.0,0.0,2.62,0.23,5.54,0.51,1.0,0.08,0.0,0.0,0.0,0.97,3.54,0.3,0.01,0.58,0.34,10.31,0.0,0.23,0.0,0.0,0.0,0.0,0.19,4.85,0.41,0.07,0.75,0.52,10.31,0.0,0.23,0.0,0.0,0.0,0.0,0.32,6.15,0.52,0.13,0.93,0.68,10.31,0.23,0.0,0.0,0.0,0.0,0.0,0.37,3,0.0,0.0,116.0
Deon Yelder,FA,TE,0.0,5.38,2.54,0.48,3.54,0.56,12.15,0.98,2.47,0.62,0.05,4.62,0.86,0.08,0.01,0.0,0.0,0.0,0.0,0.0,0.0,0.0,0.0,0.0,0.0,0.0,2.54,0.48,3.54,0.56,0.62,0.05,0.0,0.0,0.0,0.61,1.22,0.1,0.0,0.19,0.16,5.31,0.08,0.0,0.0,0.0,0.0,0.0,0.1,2.48,0.34,0.17,0.52,0.59,5.38,0.0,0.0,0.0,0.0,0.0,0.0,0.25,3.75,0.58,0.35,0.87,0.92,5.38,0.0,0.0,0.0,0.0,0.0,0.0,0.34,3,0.0,0.0,116.0
Hunter Long,LAR,TE,3.0,3.0,1.0,0.33,3.0,1.0,8.0,2.67,8.0,0.0,0.0,8.0,2.67,0.0,0.0,0.0,0.0,0.0,0.0,0.0,0.0,0.0,0.0,0.0,0.0,0.0,1.0,0.33,3.0,1.0,0.0,0.0,0.0,0.0,0.0,0.56,0.8,0.27,0.0,0.46,0.46,3.0,0.0,0.0,0.0,0.0,0.0,0.0,0.16,1.3,0.43,0.0,0.75,0.69,3.0,0.0,0.0,0.0,0.0,0.0,0.0,0.21,1.8,0.6,0.0,1.04,0.91,3.0,0.0,0.0,0.0,0.0,0.0,0.0,0.26,1,0.0,0.0,116.0
Jordan Matthews,CAR,TE,3.0,2.25,1.0,0.33,3.0,1.0,8.25,2.75,2.06,0.25,0.08,2.5,1.33,0.0,0.0,0.0,0.0,0.0,0.0,0.0,0.0,0.0,0.0,0.0,0.0,0.0,1.0,0.33,3.0,1.0,0.25,0.08,0.0,0.0,0.0,0.47,0.0,0.0,0.0,0.0,0.0,2.25,0.0,0.0,0.0,0.0,0.0,0.0,0.06,0.5,0.17,0.12,0.19,0.26,2.25,0.0,0.0,0.0,0.0,0.0,0.0,0.18,1.0,0.33,0.25,0.38,0.46,2.25,0.0,0.0,0.0,0.0,0.0,0.0,0.22,3,0.0,0.0,116.0
Feleipe Franks,CAR,TE,6.0,6.0,0.0,0.0,0.0,0.0,0.0,0.0,0.0,0.0,0.0,0.0,0.0,0.0,0.0,0.0,0.0,3.0,0.5,6.0,1.0,2.0,1.0,0.17,0.0,0.0,3.0,0.5,3.0,0.5,1.0,0.17,0.0,0.0,0.0,0.78,0.0,0.0,0.0,0.0,0.0,6.0,0.0,0.0,0.0,0.0,0.0,0.0,0.04,0.0,0.0,0.0,0.0,0.0,6.0,0.0,0.0,0.0,0.0,0.0,0.0,0.12,0.0,0.0,0.0,0.0,0.0,6.0,0.0,0.0,0.0,0.0,0.0,0.0,0.04,1,0.0,0.0,116.0
Ben Ellefson,FA,TE,0.0,4.0,0.25,0.04,1.75,0.39,2.5,0.36,2.5,0.25,0.04,2.5,0.36,0.0,0.0,0.0,0.0,0.0,0.0,0.0,0.0,0.0,0.0,0.0,0.0,0.0,0.25,0.04,1.75,0.39,0.25,0.04,0.0,0.0,0.0,0.63,0.75,0.11,0.0,0.2,0.16,4.0,0.0,0.0,0.0,0.0,0.0,0.0,0.08,0.88,0.12,0.0,0.22,0.19,4.0,0.0,0.0,0.0,0.0,0.0,0.0,0.11,1.0,0.14,0.0,0.24,0.22,4.0,0.0,0.0,0.0,0.0,0.0,0.0,0.1,2,0.0,0.0,116.0
Eric Tomlinson,LAC,TE,3.0,7.08,0.77,0.11,1.69,0.24,4.92,0.7,4.92,0.0,0.0,4.92,0.7,0.0,0.0,0.0,0.0,0.0,0.0,0.0,0.0,0.0,0.0,0.0,0.0,0.0,0.77,0.11,1.69,0.24,0.0,0.0,0.0,0.0,0.0,0.84,0.49,0.07,0.0,0.18,0.14,7.08,0.0,0.0,0.0,0.0,0.0,0.0,0.07,0.88,0.12,0.0,0.33,0.23,7.08,0.0,0.0,0.0,0.0,0.0,0.0,0.1,1.26,0.18,0.0,0.47,0.3,7.08,0.0,0.0,0.0,0.0,0.0,0.0,0.12,3,0.0,0.0,116.0
Colin Thompson,FA,TE,0.0,6.0,0.25,0.02,1.25,0.28,1.75,0.12,1.75,0.25,0.02,1.75,0.12,0.0,0.0,0.25,0.02,0.0,0.0,0.0,0.0,0.0,0.0,0.0,0.0,0.0,0.25,0.02,1.25,0.28,0.25,0.02,0.0,0.0,0.0,0.67,1.68,0.11,0.0,0.43,0.14,5.75,0.0,0.25,0.0,0.0,0.0,0.0,0.08,1.8,0.12,0.0,0.46,0.15,5.75,0.25,0.0,0.0,0.0,0.0,0.0,0.09,1.92,0.13,0.0,0.5,0.16,6.0,0.0,0.0,0.0,0.0,0.0,0.0,0.08,2,0.0,0.0,116.0
Daniel Helm,FA,TE,0.0,3.5,0.75,0.25,1.5,0.5,-0.75,-0.25,-0.75,0.0,0.0,0.0,0.0,0.0,0.0,0.0,0.0,0.0,0.0,0.0,0.0,0.0,0.0,0.0,0.0,0.0,0.75,0.25,1.5,0.5,0.0,0.0,0.0,0.0,0.0,0.6,-0.08,-0.02,0.0,0.05,-0.08,3.5,0.0,0.0,0.0,0.0,0.0,0.0,0.02,0.3,0.1,0.0,0.17,0.21,3.5,0.0,0.0,0.0,0.0,0.0,0.0,0.08,0.68,0.22,0.0,0.39,0.4,3.5,0.0,0.0,0.0,0.0,0.0,0.0,0.12,2,0.0,0.0,116.0
Codey McElroy,FA,TE,0.0,1.9,0.1,0.1,1.0,0.55,3.0,3.0,3.0,0.1,0.1,3.0,3.0,0.1,0.1,0.0,0.0,0.0,0.0,0.0,0.0,0.0,0.0,0.0,0.0,0.0,0.1,0.1,1.0,0.55,0.1,0.1,0.0,0.0,0.0,0.42,0.3,0.3,0.3,0.0,0.0,1.9,0.0,0.0,0.0,0.0,0.0,0.0,0.02,0.35,0.35,0.35,0.0,0.0,1.9,0.0,0.0,0.0,0.0,0.0,0.0,0.07,0.4,0.4,0.4,0.0,0.0,1.9,0.0,0.0,0.0,0.0,0.0,0.0,0.02,3,0.0,0.0,116.0
Andrew Beck,HOU,TE,5.0,4.23,0.69,0.04,0.92,0.06,6.92,0.43,0.77,0.46,0.03,2.23,0.41,0.08,0.0,0.08,0.0,0.08,0.0,0.23,0.01,0.23,0.08,0.0,0.0,0.0,0.77,0.05,1.0,0.06,0.54,0.03,0.0,0.0,0.0,0.49,1.19,0.07,0.0,0.14,0.09,4.15,0.0,0.08,0.0,0.0,0.0,0.0,0.04,1.54,0.1,0.0,0.16,0.12,4.15,0.0,0.08,0.0,0.0,0.0,0.0,0.07,1.88,0.12,0.0,0.18,0.14,4.15,0.08,0.0,0.0,0.0,0.0,0.0,0.06,3,0.0,0.0,116.0
Antonio Gandy-Golden,FA,TE,0.0,2.25,0.25,0.04,1.75,0.29,0.75,0.12,0.75,0.0,0.0,0.75,0.12,0.0,0.0,0.0,0.0,0.25,0.04,5.5,0.92,5.5,0.25,0.04,0.0,0.0,0.5,0.08,2.0,0.33,0.25,0.04,0.0,0.0,0.0,0.4,0.0,0.0,0.0,0.0,0.0,2.25,0.0,0.0,0.0,0.0,0.0,0.0,0.03,0.12,0.02,0.0,0.05,0.05,2.25,0.0,0.0,0.0,0.0,0.0,0.0,0.06,0.25,0.04,0.0,0.1,0.08,2.25,0.0,0.0,0.0,0.0,0.0,0.0,0.05,2,0.0,0.0,116.0
J.P. Holtz,FA,TE,0.0,8.31,0.54,0.04,0.85,0.05,7.0,0.47,1.0,0.31,0.02,2.31,0.34,0.08,0.01,0.0,0.0,0.0,0.0,0.0,0.0,0.0,0.0,0.0,0.0,0.0,0.54,0.04,0.85,0.05,0.31,0.02,0.0,0.0,0.0,0.81,0.7,0.05,0.0,0.11,0.06,8.23,0.08,0.0,0.0,0.0,0.0,0.0,0.03,0.97,0.06,0.0,0.14,0.08,8.23,0.08,0.0,0.0,0.0,0.0,0.0,0.05,1.24,0.08,0.0,0.17,0.1,8.23,0.08,0.0,0.0,0.0,0.0,0.0,0.05,3,0.0,0.0,116.0
Giovanni Ricci,FA,TE,0.0,9.0,0.0,0.0,2.0,0.22,0.0,0.0,0.0,0.0,0.0,0.0,0.0,0.0,0.0,0.0,0.0,0.0,0.0,0.0,0.0,0.0,0.0,0.0,0.0,0.0,0.0,0.0,2.0,0.22,0.0,0.0,0.0,0.0,0.0,0.93,0.0,0.0,0.0,0.0,0.0,9.0,0.0,0.0,0.0,0.0,0.0,0.0,0.02,0.0,0.0,0.0,0.0,0.0,9.0,0.0,0.0,0.0,0.0,0.0,0.0,0.02,0.0,0.0,0.0,0.0,0.0,9.0,0.0,0.0,0.0,0.0,0.0,0.0,0.02,1,0.0,0.0,116.0
Andrew DePaola,MIN,TE,4.5,5.15,0.0,0.0,0.0,0.0,0.0,0.0,0.0,0.0,0.0,0.0,0.0,0.0,0.0,0.0,0.0,0.0,0.0,0.0,0.0,0.0,0.0,0.0,0.0,0.0,0.0,0.0,0.0,0.0,0.0,0.0,0.0,0.0,0.0,0.71,0.0,0.0,0.0,0.0,0.0,5.15,0.0,0.0,0.0,0.0,0.0,0.0,0.0,0.0,0.0,0.0,0.0,0.0,5.15,0.0,0.0,0.0,0.0,0.0,0.0,0.0,0.0,0.0,0.0,0.0,0.0,5.15,0.0,0.0,0.0,0.0,0.0,0.0,0.0,3,0.0,0.0,116.0
Clark Harris,FA,TE,0.0,5.62,0.0,0.0,0.0,0.0,0.0,0.0,0.0,0.0,0.0,0.0,0.0,0.0,0.0,0.0,0.0,0.0,0.0,0.0,0.0,0.0,0.0,0.0,0.0,0.0,0.0,0.0,0.0,0.0,0.0,0.0,0.0,0.0,0.0,0.5,0.0,0.0,0.0,0.0,0.0,5.62,0.0,0.0,0.0,0.0,0.0,0.0,0.0,0.0,0.0,0.0,0.0,0.0,5.62,0.0,0.0,0.0,0.0,0.0,0.0,0.0,0.0,0.0,0.0,0.0,0.0,5.62,0.0,0.0,0.0,0.0,0.0,0.0,0.0,3,0.0,0.0,116.0
Briley Moore,FA,TE,0.0,2.0,0.0,0.0,0.0,0.0,0.0,0.0,0.0,0.0,0.0,0.0,0.0,0.0,0.0,0.0,0.0,0.0,0.0,0.0,0.0,0.0,0.0,0.0,0.0,0.0,0.0,0.0,0.0,0.0,0.0,0.0,0.0,0.0,0.0,0.44,0.0,0.0,0.0,0.0,0.0,2.0,0.0,0.0,0.0,0.0,0.0,0.0,0.0,0.0,0.0,0.0,0.0,0.0,2.0,0.0,0.0,0.0,0.0,0.0,0.0,0.0,0.0,0.0,0.0,0.0,0.0,2.0,0.0,0.0,0.0,0.0,0.0,0.0,0.0,1,0.0,0.0,116.0
Matt Orzech,GB,TE,2.0,3.4,0.0,0.0,0.0,0.0,0.0,0.0,0.0,0.0,0.0,0.0,0.0,0.0,0.0,0.0,0.0,0.0,0.0,0.0,0.0,0.0,0.0,0.0,0.0,0.0,0.0,0.0,0.0,0.0,0.0,0.0,0.0,0.0,0.0,0.5,0.0,0.0,0.0,0.0,0.0,3.4,0.0,0.0,0.0,0.0,0.0,0.0,0.0,0.0,0.0,0.0,0.0,0.0,3.4,0.0,0.0,0.0,0.0,0.0,0.0,0.0,0.0,0.0,0.0,0.0,0.0,3.4,0.0,0.0,0.0,0.0,0.0,0.0,0.0,3,0.0,0.0,116.0
James Winchester,KC,TE,6.0,5.38,0.0,0.0,0.0,0.0,0.0,0.0,0.0,0.0,0.0,0.0,0.0,0.0,0.0,0.0,0.0,0.0,0.0,0.0,0.0,0.0,0.0,0.0,0.0,0.0,0.0,0.0,0.0,0.0,0.0,0.0,0.0,0.0,0.0,0.5,0.0,0.0,0.0,0.0,0.0,5.38,0.0,0.0,0.0,0.0,0.0,0.0,0.0,0.0,0.0,0.0,0.0,0.0,5.38,0.0,0.0,0.0,0.0,0.0,0.0,0.0,0.0,0.0,0.0,0.0,0.0,5.38,0.0,0.0,0.0,0.0,0.0,0.0,0.0,3,0.0,0.0,116.0
Farrod Green,FA,TE,0.0,1.0,0.0,0.0,0.0,0.0,0.0,0.0,0.0,0.0,0.0,0.0,0.0,0.0,0.0,0.0,0.0,0.0,0.0,0.0,0.0,0.0,0.0,0.0,0.0,0.0,0.0,0.0,0.0,0.0,0.0,0.0,0.0,0.0,0.0,0.28,0.0,0.0,0.0,0.0,0.0,1.0,0.0,0.0,0.0,0.0,0.0,0.0,0.0,0.0,0.0,0.0,0.0,0.0,1.0,0.0,0.0,0.0,0.0,0.0,0.0,0.0,0.0,0.0,0.0,0.0,0.0,1.0,0.0,0.0,0.0,0.0,0.0,0.0,0.0,2,0.0,0.0,116.0
Jake Hausmann,FA,TE,0.0,1.0,0.0,0.0,0.0,0.0,0.0,0.0,0.0,0.0,0.0,0.0,0.0,0.0,0.0,0.0,0.0,0.0,0.0,0.0,0.0,0.0,0.0,0.0,0.0,0.0,0.0,0.0,0.0,0.0,0.0,0.0,0.0,0.0,0.0,0.28,0.0,0.0,0.0,0.0,0.0,1.0,0.0,0.0,0.0,0.0,0.0,0.0,0.0,0.0,0.0,0.0,0.0,0.0,1.0,0.0,0.0,0.0,0.0,0.0,0.0,0.0,0.0,0.0,0.0,0.0,0.0,1.0,0.0,0.0,0.0,0.0,0.0,0.0,0.0,1,0.0,0.0,116.0
Jacob Harris,FA,TE,0.0,1.0,0.0,0.0,0.0,0.0,0.0,0.0,0.0,0.0,0.0,0.0,0.0,0.0,0.0,0.0,0.0,0.0,0.0,0.0,0.0,0.0,0.0,0.0,0.0,0.0,0.0,0.0,0.0,0.0,0.0,0.0,0.0,0.0,0.0,0.28,0.0,0.0,0.0,0.0,0.0,1.0,0.0,0.0,0.0,0.0,0.0,0.0,0.0,0.0,0.0,0.0,0.0,0.0,1.0,0.0,0.0,0.0,0.0,0.0,0.0,0.0,0.0,0.0,0.0,0.0,0.0,1.0,0.0,0.0,0.0,0.0,0.0,0.0,0.0,1,0.0,0.0,116.0
Jared Pinkney,FA,TE,0.0,1.0,0.0,0.0,0.0,0.0,0.0,0.0,0.0,0.0,0.0,0.0,0.0,0.0,0.0,0.0,0.0,0.0,0.0,0.0,0.0,0.0,0.0,0.0,0.0,0.0,0.0,0.0,0.0,0.0,0.0,0.0,0.0,0.0,0.0,0.28,0.0,0.0,0.0,0.0,0.0,1.0,0.0,0.0,0.0,0.0,0.0,0.0,0.0,0.0,0.0,0.0,0.0,0.0,1.0,0.0,0.0,0.0,0.0,0.0,0.0,0.0,0.0,0.0,0.0,0.0,0.0,1.0,0.0,0.0,0.0,0.0,0.0,0.0,0.0,1,0.0,0.0,116.0
Noah Togiai,FA,TE,0.0,1.75,0.0,0.0,0.25,0.06,0.0,0.0,0.0,0.0,0.0,0.0,0.0,0.0,0.0,0.0,0.0,0.0,0.0,0.0,0.0,0.0,0.0,0.0,0.0,0.0,0.0,0.0,0.25,0.06,0.0,0.0,0.0,0.0,0.0,0.37,0.0,0.0,0.0,0.0,0.0,1.75,0.0,0.0,0.0,0.0,0.0,0.0,0.0,0.0,0.0,0.0,0.0,0.0,1.75,0.0,0.0,0.0,0.0,0.0,0.0,0.0,0.0,0.0,0.0,0.0,0.0,1.75,0.0,0.0,0.0,0.0,0.0,0.0,0.0,2,0.0,0.0,116.0
Patrick Scales,CHI,TE,6.0,8.15,0.0,0.0,0.0,0.0,0.0,0.0,0.0,0.0,0.0,0.0,0.0,0.0,0.0,0.0,0.0,0.0,0.0,0.0,0.0,0.0,0.0,0.0,0.0,0.0,0.0,0.0,0.0,0.0,0.0,0.0,0.0,0.0,0.0,0.81,0.0,0.0,0.0,0.0,0.0,8.15,0.0,0.0,0.0,0.0,0.0,0.0,0.0,0.0,0.0,0.0,0.0,0.0,8.15,0.0,0.0,0.0,0.0,0.0,0.0,0.0,0.0,0.0,0.0,0.0,0.0,8.15,0.0,0.0,0.0,0.0,0.0,0.0,0.0,3,0.0,0.0,116.0
Rashod Berry,FA,TE,0.0,3.75,0.0,0.0,0.0,0.0,0.0,0.0,0.0,0.0,0.0,0.0,0.0,0.0,0.0,0.0,0.0,0.0,0.0,0.0,0.0,0.0,0.0,0.0,0.0,0.0,0.0,0.0,0.0,0.0,0.0,0.0,0.0,0.0,0.0,0.63,0.0,0.0,0.0,0.0,0.0,3.75,0.0,0.0,0.0,0.0,0.0,0.0,0.0,0.0,0.0,0.0,0.0,0.0,3.75,0.0,0.0,0.0,0.0,0.0,0.0,0.0,0.0,0.0,0.0,0.0,0.0,3.75,0.0,0.0,0.0,0.0,0.0,0.0,0.0,2,0.0,0.0,116.0
Matt Sokol,PIT,TE,3.0,2.0,0.0,0.0,0.0,0.0,0.0,0.0,0.0,0.0,0.0,0.0,0.0,0.0,0.0,0.0,0.0,0.0,0.0,0.0,0.0,0.0,0.0,0.0,0.0,0.0,0.0,0.0,0.0,0.0,0.0,0.0,0.0,0.0,0.0,0.44,0.0,0.0,0.0,0.0,0.0,2.0,0.0,0.0,0.0,0.0,0.0,0.0,0.0,0.0,0.0,0.0,0.0,0.0,2.0,0.0,0.0,0.0,0.0,0.0,0.0,0.0,0.0,0.0,0.0,0.0,0.0,2.0,0.0,0.0,0.0,0.0,0.0,0.0,0.0,2,0.0,0.0,116.0
Miller Forristall,FA,TE,0.0,1.0,0.0,0.0,0.0,0.0,0.0,0.0,0.0,0.0,0.0,0.0,0.0,0.0,0.0,0.0,0.0,0.0,0.0,0.0,0.0,0.0,0.0,0.0,0.0,0.0,0.0,0.0,0.0,0.0,0.0,0.0,0.0,0.0,0.0,0.28,0.0,0.0,0.0,0.0,0.0,1.0,0.0,0.0,0.0,0.0,0.0,0.0,0.0,0.0,0.0,0.0,0.0,0.0,1.0,0.0,0.0,0.0,0.0,0.0,0.0,0.0,0.0,0.0,0.0,0.0,0.0,1.0,0.0,0.0,0.0,0.0,0.0,0.0,0.0,1,0.0,0.0,116.0
Nick Ralston,FA,TE,0.0,1.0,0.0,0.0,0.0,0.0,0.0,0.0,0.0,0.0,0.0,0.0,0.0,0.0,0.0,0.0,0.0,0.0,0.0,0.0,0.0,0.0,0.0,0.0,0.0,0.0,0.0,0.0,0.0,0.0,0.0,0.0,0.0,0.0,0.0,0.28,0.0,0.0,0.0,0.0,0.0,1.0,0.0,0.0,0.0,0.0,0.0,0.0,0.0,0.0,0.0,0.0,0.0,0.0,1.0,0.0,0.0,0.0,0.0,0.0,0.0,0.0,0.0,0.0,0.0,0.0,0.0,1.0,0.0,0.0,0.0,0.0,0.0,0.0,0.0,1,0.0,0.0,116.0
Sammis Reyes,MIN,TE,4.5,3.0,0.0,0.0,0.0,0.0,0.0,0.0,0.0,0.0,0.0,0.0,0.0,0.0,0.0,0.0,0.0,0.0,0.0,0.0,0.0,0.0,0.0,0.0,0.0,0.0,0.0,0.0,0.0,0.0,0.0,0.0,0.0,0.0,0.0,0.56,0.0,0.0,0.0,0.0,0.0,3.0,0.0,0.0,0.0,0.0,0.0,0.0,0.0,0.0,0.0,0.0,0.0,0.0,3.0,0.0,0.0,0.0,0.0,0.0,0.0,0.0,0.0,0.0,0.0,0.0,0.0,3.0,0.0,0.0,0.0,0.0,0.0,0.0,0.0,1,0.0,0.0,116.0
Stephen Sullivan,CAR,TE,4.0,1.0,0.0,0.0,0.75,0.75,0.0,0.0,0.0,0.0,0.0,0.0,0.0,0.0,0.0,0.0,0.0,0.0,0.0,0.0,0.0,0.0,0.0,0.0,0.0,0.0,0.0,0.0,0.75,0.75,0.0,0.0,0.0,0.0,0.0,0.28,0.0,0.0,0.0,0.0,0.0,1.0,0.0,0.0,0.0,0.0,0.0,0.0,0.0,0.0,0.0,0.0,0.0,0.0,1.0,0.0,0.0,0.0,0.0,0.0,0.0,0.0,0.0,0.0,0.0,0.0,0.0,1.0,0.0,0.0,0.0,0.0,0.0,0.0,0.0,2,0.0,0.0,116.0
Tyler Ott,WAS,TE,5.0,16.0,0.0,0.0,0.0,0.0,0.0,0.0,0.0,0.0,0.0,0.0,0.0,0.0,0.0,0.0,0.0,0.0,0.0,0.0,0.0,0.0,0.0,0.0,0.0,0.0,0.0,0.0,0.0,0.0,0.0,0.0,0.0,0.0,0.0,1.0,0.0,0.0,0.0,0.0,0.0,16.0,0.0,0.0,0.0,0.0,0.0,0.0,0.0,0.0,0.0,0.0,0.0,0.0,16.0,0.0,0.0,0.0,0.0,0.0,0.0,0.0,0.0,0.0,0.0,0.0,0.0,16.0,0.0,0.0,0.0,0.0,0.0,0.0,0.0,3,0.0,0.0,116.0
Zach Wood,NO,TE,4.0,16.0,0.0,0.0,0.0,0.0,0.0,0.0,0.0,0.0,0.0,0.0,0.0,0.0,0.0,0.0,0.0,0.0,0.0,0.0,0.0,0.0,0.0,0.0,0.0,0.0,0.0,0.0,0.0,0.0,0.0,0.0,0.0,0.0,0.0,1.0,0.0,0.0,0.0,0.0,0.0,16.0,0.0,0.0,0.0,0.0,0.0,0.0,0.0,0.0,0.0,0.0,0.0,0.0,16.0,0.0,0.0,0.0,0.0,0.0,0.0,0.0,0.0,0.0,0.0,0.0,0.0,16.0,0.0,0.0,0.0,0.0,0.0,0.0,0.0,3,0.0,0.0,116.0
