Player,TEAM,POS,DPCHT,G,pass_CMP,pass_CMP_mean,pass_ATT,pass_ATT_mean,pass_PCT,pass_YDS,pass_YDS_mean,pass_Y/A,pass_TD,pass_TD_mean,pass_INT,pass_INT_mean,pass_SACKS,pass_SACKS_mean,rush_ATT,rush_ATT_mean,rush_YDS,rush_YDS_mean,rush_Y/A,rush_FD,rush_FD_mean,rush_TD,rush_TD_mean,FL,FL_mean,OPP,OPP_mean,FD,FD_mean,INJCOR,FPTS,FPTS_mean,FPTS_median,FPTS_std,FPTS_adj,FPTS_bad,FPTS_poor,FPTS_okay,FPTS_good,FPTS_great,FPTS_QSRat,FPTS_GSRat,FPTS_Score,HALF,HALF_mean,HALF_median,HALF_std,HALF_adj,HALF_bad,HALF_poor,HALF_okay,HALF_good,HALF_great,HALF_QSRat,HALF_GSRat,HALF_Score,PPR,PPR_mean,PPR_median,PPR_std,PPR_adj,PPR_bad,PPR_poor,PPR_okay,PPR_good,PPR_great,PPR_QSRat,PPR_GSRat,PPR_Score,YOE,proj_HALF_mean,proj_HALF,proj_RANK
Jalen Hurts,PHI,QB,1.0,16.28,331.28,20.32,507.13,31.11,0.65,3744.51,230.24,7.41,22.03,1.35,12.08,0.73,35.49,2.19,157.21,9.69,663.1,41.17,4.23,66.51,4.09,13.97,0.86,3.92,0.23,664.33,40.79,66.51,4.09,1.0,369.83,22.79,24.71,7.65,22.44,2.49,0.21,1.26,4.13,8.21,3.26,1.13,26.06,369.83,22.79,24.71,7.65,22.44,2.49,0.21,1.26,4.13,8.21,3.26,1.13,28.11,369.83,22.79,24.71,7.65,22.44,2.49,0.21,1.26,4.13,8.21,3.26,1.13,26.06,3,24.28,412.84,2.0
Josh Allen,BUF,QB,1.0,17.0,381.56,22.45,584.33,34.37,0.65,4318.92,254.05,7.4,31.26,1.84,16.67,0.98,26.51,1.56,115.97,6.82,613.13,36.06,5.25,54.38,3.2,12.03,0.71,4.15,0.25,700.31,41.2,54.38,3.2,1.0,411.98,24.23,24.05,7.71,23.82,1.36,2.13,0.46,4.64,8.41,3.47,1.01,26.4,411.98,24.23,24.05,7.71,23.82,1.36,2.13,0.46,4.64,8.41,3.47,1.01,27.99,411.98,24.23,24.05,7.71,23.82,1.36,2.13,0.46,4.64,8.41,3.47,1.01,26.4,3,21.97,373.55,3.0
Patrick Mahomes II,KC,QB,1.0,16.36,413.31,25.26,616.33,37.66,0.67,4522.74,275.9,7.32,31.62,1.92,13.38,0.82,26.85,1.64,70.49,4.32,380.23,23.28,5.42,26.28,1.61,1.23,0.07,2.33,0.15,686.82,41.99,26.28,1.61,1.0,336.75,20.5,19.95,6.41,21.1,1.79,2.82,4.03,3.62,4.1,1.6,0.42,22.18,336.75,20.5,19.95,6.41,21.1,1.79,2.82,4.03,3.62,4.1,1.6,0.42,22.98,336.75,20.5,19.95,6.41,21.1,1.79,2.82,4.03,3.62,4.1,1.6,0.42,22.18,3,16.85,286.47,11.0
Lamar Jackson,BAL,QB,1.0,14.56,274.08,18.74,415.72,28.54,0.65,3228.15,219.9,7.7,21.38,1.46,7.62,0.54,34.28,2.36,137.33,9.47,800.85,55.77,5.89,47.95,3.36,4.18,0.28,4.67,0.31,553.05,38.01,47.95,3.36,1.0,305.08,20.91,19.88,9.76,19.41,3.38,2.15,2.21,2.79,4.03,0.87,0.37,20.88,305.08,20.91,19.88,9.76,19.41,3.38,2.15,2.21,2.79,4.03,0.87,0.37,22.56,305.08,20.91,19.88,9.76,19.41,3.38,2.15,2.21,2.79,4.03,0.87,0.37,20.88,3,19.07,324.2,5.0
Justin Herbert,LAC,QB,1.0,14.44,358.13,24.52,540.46,37.09,0.66,3738.36,256.27,6.91,23.13,1.59,8.59,0.59,31.51,2.19,53.64,3.76,214.82,15.28,4.0,17.49,1.21,2.23,0.17,1.51,0.1,594.1,40.84,17.49,1.21,1.0,268.73,18.6,20.26,7.92,18.19,4.15,1.46,1.77,3.36,3.69,1.04,0.37,20.92,268.73,18.6,20.26,7.92,18.19,4.15,1.46,1.77,3.36,3.69,1.04,0.37,21.53,268.73,18.6,20.26,7.92,18.19,4.15,1.46,1.77,3.36,3.69,1.04,0.37,20.92,3,15.77,268.06,13.0
Dak Prescott,DAL,QB,1.0,15.62,371.79,23.67,540.36,34.49,0.68,4084.51,259.92,7.53,32.77,2.09,10.64,0.72,33.21,2.09,51.72,3.35,216.77,13.95,4.17,19.05,1.25,1.64,0.1,2.15,0.14,592.08,37.83,19.05,1.25,1.0,314.3,19.96,19.29,8.54,19.13,3.21,2.44,2.64,1.62,5.72,0.88,0.58,20.71,314.3,19.96,19.29,8.54,19.13,3.21,2.44,2.64,1.62,5.72,0.88,0.58,21.33,314.3,19.96,19.29,8.54,19.13,3.21,2.44,2.64,1.62,5.72,0.88,0.58,20.71,3,18.43,313.38,8.0
Kyler Murray,ARI,QB,1.0,9.38,213.38,22.58,321.13,34.09,0.66,2148.79,227.09,6.66,12.46,1.3,6.03,0.63,21.13,2.25,54.41,5.73,306.97,32.39,5.65,18.08,1.92,3.21,0.35,0.51,0.05,375.54,39.82,18.08,1.92,0.92,182.13,19.24,19.55,5.34,20.98,1.46,1.0,2.26,2.85,1.82,0.99,0.23,19.88,182.13,19.24,19.55,5.34,20.98,1.46,1.0,2.26,2.85,1.82,0.99,0.23,20.84,182.13,19.24,19.55,5.34,20.98,1.46,1.0,2.26,2.85,1.82,0.99,0.23,19.88,3,10.52,178.86,26.0
Justin Fields,PIT,QB,2.0,13.41,211.05,15.83,346.41,25.99,0.61,2408.97,180.64,6.95,15.33,1.14,9.62,0.71,46.0,3.42,127.9,9.47,757.31,55.53,5.83,46.49,3.42,4.82,0.35,3.59,0.28,474.31,35.45,46.49,3.42,1.0,246.03,18.21,16.56,8.97,17.2,5.05,1.64,0.72,1.67,4.33,0.85,0.5,18.49,246.03,18.21,16.56,8.97,17.2,5.05,1.64,0.72,1.67,4.33,0.85,0.5,20.2,246.03,18.21,16.56,8.97,17.2,5.05,1.64,0.72,1.67,4.33,0.85,0.5,18.49,3,14.37,244.3,16.0
C.J. Stroud,HOU,QB,1.0,15.0,319.0,21.27,499.0,33.27,0.64,4108.0,273.87,8.23,23.0,1.53,5.0,0.33,38.0,2.53,39.0,2.6,167.0,11.13,4.28,17.0,1.13,3.0,0.2,4.0,0.27,538.0,35.87,17.0,1.13,1.0,280.1,18.67,18.3,8.96,17.67,4.0,3.0,2.0,4.0,2.0,0.67,0.15,18.92,280.1,18.67,18.3,8.96,17.67,4.0,3.0,2.0,4.0,2.0,0.67,0.15,19.48,280.1,18.67,18.3,8.96,17.67,4.0,3.0,2.0,4.0,2.0,0.67,0.15,18.92,1,26.47,449.91,1.0
Russell Wilson,PIT,QB,1.0,14.9,291.82,19.58,451.41,30.29,0.64,3190.82,214.24,7.07,23.33,1.57,8.56,0.57,46.33,3.11,69.79,4.67,308.38,20.65,4.46,31.49,2.1,2.9,0.19,3.82,0.25,521.21,34.96,31.49,2.1,1.0,255.83,17.18,16.66,5.2,18.8,2.85,4.28,4.31,1.85,1.62,0.31,0.13,18.24,255.83,17.18,16.66,5.2,18.8,2.85,4.28,4.31,1.85,1.62,0.31,0.13,19.29,255.83,17.18,16.66,5.2,18.8,2.85,4.28,4.31,1.85,1.62,0.31,0.13,18.24,3,17.67,300.46,9.0
Kirk Cousins,ATL,QB,1.0,11.13,285.33,26.09,421.77,38.22,0.68,3093.05,282.42,7.39,22.36,2.09,7.51,0.65,25.56,2.23,19.9,1.77,52.69,4.2,2.36,7.49,0.7,0.62,0.04,3.54,0.38,441.67,39.99,7.49,0.7,0.92,209.17,18.99,19.18,6.78,19.28,2.97,0.92,2.79,2.28,2.15,0.64,0.27,18.89,209.17,18.99,19.18,6.78,19.28,2.97,0.92,3.05,1.92,2.26,0.61,0.28,19.21,209.17,18.99,19.18,6.78,19.28,2.97,0.92,2.79,2.28,2.15,0.64,0.27,18.89,3,12.79,217.35,23.0
Joe Burrow,CIN,QB,1.0,12.41,301.13,24.29,443.72,35.93,0.68,3113.82,245.85,6.87,22.33,1.72,8.36,0.66,31.13,2.48,43.46,3.39,134.92,10.31,3.0,12.59,0.99,1.49,0.09,1.62,0.12,487.18,39.32,12.59,0.99,0.97,226.47,17.49,17.15,8.41,16.83,3.49,1.64,1.44,2.72,3.13,0.88,0.32,18.43,226.47,17.49,17.15,8.41,16.83,3.49,1.64,1.69,2.46,3.13,0.8,0.32,18.87,226.47,17.49,17.15,8.41,16.83,3.49,1.64,1.44,2.72,3.13,0.88,0.32,18.43,3,12.87,218.74,21.0
Trevor Lawrence,JAC,QB,1.0,16.36,373.23,22.82,573.03,35.04,0.65,4002.41,244.9,6.99,21.1,1.29,12.77,0.79,32.64,2.0,68.26,4.18,326.18,19.99,4.77,23.92,1.46,4.05,0.25,7.31,0.45,641.28,39.21,23.92,1.46,1.0,277.33,16.97,16.09,6.82,17.18,4.33,4.56,3.15,1.1,3.21,0.37,0.26,17.99,277.33,16.97,16.09,6.82,17.18,4.33,4.56,3.15,1.1,3.21,0.37,0.26,18.73,277.33,16.97,16.09,6.82,17.18,4.33,4.56,3.15,1.1,3.21,0.37,0.26,17.99,3,18.62,316.48,7.0
Brock Purdy,SF,QB,2.0,14.0,252.57,17.37,365.71,25.22,0.68,3449.71,234.69,9.19,25.86,1.8,9.0,0.62,23.14,1.6,34.14,2.44,106.57,6.84,2.8,12.14,0.83,1.71,0.12,1.43,0.09,399.86,27.66,12.14,0.83,0.98,250.51,17.19,19.21,7.33,17.25,3.0,2.0,2.0,4.14,2.86,1.0,0.24,18.32,250.51,17.19,19.21,7.33,17.25,3.0,2.0,2.0,4.14,2.86,1.0,0.24,18.73,250.51,17.19,19.21,7.33,17.25,3.0,2.0,2.0,4.14,2.86,1.0,0.24,18.32,2,18.89,321.14,6.0
Jared Goff,DET,QB,1.0,16.69,392.9,23.54,589.0,35.29,0.66,4403.46,263.22,7.46,28.62,1.71,10.31,0.62,28.72,1.73,29.69,1.77,41.1,2.53,1.59,4.9,0.29,1.28,0.08,3.56,0.22,618.69,37.06,4.9,0.29,1.0,289.36,17.29,16.26,6.7,17.64,4.67,4.44,2.1,3.08,2.41,0.5,0.17,18.06,289.36,17.29,16.26,6.7,17.64,4.67,4.44,2.1,3.08,2.41,0.5,0.17,18.21,289.36,17.29,16.26,6.7,17.64,4.67,4.44,2.1,3.08,2.41,0.5,0.17,18.06,3,19.29,327.9,4.0
Matthew Stafford,LAR,QB,1.0,13.67,303.23,22.24,473.31,34.52,0.65,3577.92,258.38,7.48,22.15,1.56,10.85,0.8,29.74,2.29,20.08,1.46,48.38,3.29,2.3,4.15,0.31,0.26,0.03,0.97,0.1,493.38,35.98,4.15,0.31,0.98,228.45,16.28,15.24,4.36,18.43,4.31,3.23,2.49,2.69,0.95,0.35,0.07,17.31,228.45,16.28,15.24,4.36,18.43,4.31,3.23,2.49,2.69,0.95,0.35,0.07,17.47,228.45,16.28,15.24,4.36,18.43,4.31,3.23,2.49,2.69,0.95,0.35,0.07,17.31,3,13.87,235.82,18.0
Jake Browning,CIN,QB,2.0,9.0,171.0,19.0,243.0,27.0,0.7,1936.0,215.11,7.97,12.0,1.33,7.0,0.78,24.0,2.67,27.0,3.0,127.0,14.11,4.7,12.0,1.33,3.0,0.33,0.0,0.0,270.0,30.0,12.0,1.33,0.93,150.5,16.72,19.0,8.0,16.27,3.0,1.0,2.0,1.0,2.0,0.5,0.29,16.73,150.5,16.72,19.0,8.0,16.27,3.0,1.0,2.0,1.0,2.0,0.5,0.29,17.4,150.5,16.72,19.0,8.0,16.27,3.0,1.0,2.0,1.0,2.0,0.5,0.29,16.73,1,10.19,173.29,28.0
Tua Tagovailoa,MIA,QB,1.0,15.56,342.1,21.81,501.33,32.07,0.68,4145.95,265.27,8.27,26.64,1.71,12.05,0.76,26.03,1.67,32.9,2.13,78.51,5.18,2.41,5.56,0.37,0.31,0.02,3.56,0.21,534.23,34.19,5.56,0.37,1.0,263.17,16.94,15.62,7.0,17.12,5.87,2.97,2.92,1.64,2.15,0.33,0.17,17.15,263.17,16.94,15.62,7.0,17.12,5.87,2.97,2.92,1.64,2.15,0.33,0.17,17.33,263.17,16.94,15.62,7.0,17.12,5.87,2.97,2.92,1.64,2.15,0.33,0.17,17.15,3,17.27,293.59,10.0
Joshua Dobbs,SF,QB,1.0,9.86,198.57,20.11,317.29,32.63,0.62,1877.43,194.1,5.95,9.86,1.0,7.71,0.84,23.14,2.51,57.29,5.37,313.29,29.41,5.48,23.29,2.27,4.29,0.33,5.57,0.67,374.57,38.0,23.29,2.27,0.84,156.9,14.84,15.49,6.03,21.51,4.14,0.71,1.43,0.71,2.86,0.44,0.31,15.82,156.9,14.84,15.49,6.03,21.51,4.14,0.71,1.43,0.71,2.86,0.44,0.31,16.96,156.9,14.84,15.49,6.03,21.51,4.14,0.71,1.43,0.71,2.86,0.44,0.31,15.82,2,10.07,171.19,29.0
Baker Mayfield,TB,QB,1.0,15.41,310.82,19.87,491.59,31.56,0.63,3455.64,220.76,6.97,22.26,1.39,9.79,0.65,39.28,2.59,51.49,3.27,141.05,9.03,2.79,13.28,0.84,1.0,0.07,2.74,0.18,543.08,34.83,13.28,0.84,1.0,235.11,14.9,15.53,5.44,15.93,6.18,2.1,4.46,2.03,0.64,0.21,0.04,16.38,235.11,14.9,15.53,5.44,15.93,6.18,2.1,4.46,2.03,0.64,0.21,0.04,16.8,235.11,14.9,15.53,5.44,15.93,6.18,2.1,4.46,2.03,0.64,0.21,0.04,16.38,3,15.4,261.72,14.0
Derek Carr,NO,QB,1.0,16.49,362.49,21.94,544.21,33.03,0.66,3881.69,235.42,7.13,24.54,1.49,10.15,0.62,30.9,1.87,30.77,1.86,62.87,3.9,2.17,6.05,0.38,0.0,0.0,2.44,0.15,574.97,34.88,6.05,0.38,1.0,247.18,15.01,16.16,6.36,15.49,6.33,3.03,3.77,2.08,1.28,0.26,0.08,16.6,247.18,15.01,16.16,6.36,15.49,6.33,3.03,3.77,2.08,1.28,0.26,0.08,16.79,247.18,15.01,16.16,6.36,15.49,6.33,3.03,3.77,2.08,1.28,0.26,0.08,16.6,3,16.27,276.58,12.0
Geno Smith,SEA,QB,1.0,13.42,292.67,21.0,440.81,31.59,0.67,3233.4,231.69,7.34,19.53,1.42,7.98,0.55,31.14,2.44,39.0,2.78,183.05,12.97,4.56,11.86,0.83,1.0,0.1,2.86,0.22,479.81,34.37,11.86,0.83,0.93,220.38,16.0,15.77,6.51,16.45,4.74,2.44,1.63,3.79,0.81,0.53,0.05,16.12,220.38,16.0,15.77,6.51,16.45,4.74,2.44,1.63,3.79,0.81,0.53,0.05,16.54,220.38,16.0,15.77,6.51,16.45,4.74,2.44,1.63,3.79,0.81,0.53,0.05,16.12,3,13.94,237.05,17.0
Jordan Love,GB,QB,1.0,12.54,245.74,15.54,382.9,24.24,0.64,2758.18,176.35,7.66,20.97,1.3,7.36,0.47,19.54,1.18,33.54,2.15,160.85,9.71,3.14,10.36,0.62,2.56,0.15,2.03,0.13,416.44,26.39,10.36,0.62,0.89,217.08,13.61,13.06,5.17,14.55,2.92,1.92,2.56,3.21,1.92,0.57,0.13,14.15,217.08,13.61,13.06,5.17,14.55,2.92,1.92,2.56,3.21,1.92,0.57,0.13,14.46,217.08,13.61,13.06,5.17,14.55,2.92,1.92,2.56,3.21,1.92,0.57,0.13,14.15,3,14.42,245.06,15.0
Joe Flacco,IND,QB,1.0,4.69,109.82,22.79,184.05,38.1,0.6,1340.05,278.41,7.31,9.92,2.08,5.9,1.18,7.9,1.64,6.74,1.41,3.13,0.72,0.81,2.28,0.49,0.0,0.0,1.77,0.38,190.79,39.51,2.28,0.49,0.69,85.43,17.82,16.34,6.08,20.05,0.87,0.36,1.28,1.28,0.9,1.03,0.22,13.89,85.43,17.82,16.34,6.08,20.05,0.87,0.36,1.28,1.28,0.9,1.03,0.22,14.13,85.43,17.82,16.34,6.08,20.05,0.87,0.36,1.28,1.28,0.9,1.03,0.22,13.89,3,4.75,80.73,44.0
Sam Howell,SEA,QB,2.0,12.43,280.29,19.44,442.57,31.14,0.62,2866.86,214.09,7.15,15.29,1.17,15.29,1.17,47.29,3.59,35.71,3.44,197.86,21.05,5.91,14.71,1.94,3.86,0.49,1.43,0.09,478.29,34.59,14.71,1.94,0.79,203.8,17.18,18.59,5.91,11.26,4.29,0.71,2.86,2.43,2.14,0.68,0.15,13.16,203.8,17.18,18.59,5.91,11.26,4.29,0.71,2.86,2.43,2.14,0.68,0.15,14.12,203.8,17.18,18.59,5.91,11.26,4.29,0.71,2.86,2.43,2.14,0.68,0.15,13.16,2,10.0,170.02,30.0
Deshaun Watson,CLE,QB,1.0,6.0,103.29,17.21,170.71,28.45,0.6,1111.29,185.21,6.51,7.0,1.17,4.29,0.72,17.86,2.97,28.86,4.81,151.43,25.24,5.29,10.0,1.67,1.0,0.17,1.43,0.24,199.57,33.26,10.0,1.67,0.78,90.79,15.13,17.23,7.67,14.95,2.29,0.0,1.71,2.0,0.0,0.5,0.0,13.14,90.79,15.13,17.23,7.67,14.95,2.29,0.0,1.71,2.0,0.0,0.5,0.0,13.97,90.79,15.13,17.23,7.67,14.95,2.29,0.0,1.71,2.0,0.0,0.5,0.0,13.14,2,4.17,70.95,46.0
Mac Jones,JAC,QB,2.0,11.84,242.0,20.41,371.16,31.35,0.65,2362.09,197.99,6.31,11.38,0.95,11.91,1.02,24.25,2.05,30.41,2.53,99.0,8.43,3.4,10.28,0.86,0.16,0.01,1.91,0.16,401.56,33.89,10.28,0.86,1.0,135.59,11.3,12.33,7.31,11.3,8.06,1.28,1.22,0.5,0.78,0.12,0.08,13.11,135.59,11.3,12.33,7.31,11.3,8.06,1.28,0.44,1.28,0.78,0.21,0.08,13.65,135.59,11.3,12.33,7.31,11.3,8.06,1.28,1.22,0.5,0.78,0.12,0.08,13.11,3,5.63,95.64,41.0
Aidan O'Connell,LV,QB,1.0,11.0,213.0,19.36,343.0,31.18,0.62,2218.0,201.64,6.47,12.0,1.09,7.0,0.64,24.0,2.18,17.0,1.55,11.0,1.0,0.65,7.0,0.64,1.0,0.09,2.0,0.18,360.0,32.73,7.0,0.64,1.0,132.8,12.07,10.8,7.01,12.15,7.0,1.0,1.0,1.0,1.0,0.22,0.1,12.88,132.8,12.07,10.8,7.01,12.15,7.0,1.0,1.0,1.0,1.0,0.22,0.1,13.2,132.8,12.07,10.8,7.01,12.15,7.0,1.0,1.0,1.0,1.0,0.22,0.1,12.88,1,10.42,177.09,27.0
Daniel Jones,MIN,QB,1.0,9.08,174.31,18.78,260.62,28.03,0.67,1653.51,171.12,6.07,6.15,0.55,5.85,0.79,32.77,4.12,62.77,6.78,344.15,36.13,5.31,25.87,2.66,2.64,0.24,1.72,0.19,323.38,34.8,25.87,2.66,0.86,133.55,13.06,10.46,9.61,12.34,4.74,1.08,0.77,0.87,1.62,0.32,0.21,11.82,133.55,13.06,10.46,9.61,12.34,4.74,1.08,0.77,0.87,1.62,0.32,0.21,13.15,133.55,13.06,10.46,9.61,12.34,4.74,1.08,0.77,0.87,1.62,0.32,0.21,11.82,3,8.99,152.91,34.0
Anthony Richardson,IND,QB,2.0,4.0,50.0,12.5,84.0,21.0,0.6,577.0,144.25,6.87,3.0,0.75,1.0,0.25,7.0,1.75,25.0,6.25,136.0,34.0,5.44,8.0,2.0,4.0,1.0,1.0,0.25,109.0,27.25,8.0,2.0,0.65,73.6,18.4,19.8,10.55,16.71,1.0,0.0,1.0,1.0,1.0,1.0,0.33,12.14,73.6,18.4,19.8,10.55,16.71,1.0,0.0,1.0,1.0,1.0,1.0,0.33,13.14,73.6,18.4,19.8,10.55,16.71,1.0,0.0,1.0,1.0,1.0,1.0,0.33,12.14,1,0.0,0.0,71.0
Kenny Pickett,PHI,QB,2.0,12.29,213.57,17.35,342.57,27.83,0.62,2165.43,176.05,6.33,6.29,0.51,5.43,0.43,24.14,1.97,45.71,3.71,106.29,8.42,2.15,15.14,1.22,1.57,0.12,0.29,0.02,388.29,31.54,15.14,1.22,1.0,127.0,10.29,11.51,4.71,11.46,9.43,1.86,0.71,0.29,0.0,0.02,0.0,12.38,127.0,10.29,11.51,4.71,11.46,9.43,1.86,0.71,0.29,0.0,0.02,0.0,12.99,127.0,10.29,11.51,4.71,11.46,9.43,1.86,1.0,0.0,0.0,0.0,0.0,12.35,2,12.79,217.4,22.0
Easton Stick,LAC,QB,2.0,5.0,111.0,22.2,174.0,34.8,0.64,1129.0,225.8,6.49,3.0,0.6,1.0,0.2,14.0,2.8,27.0,5.4,144.0,28.8,5.33,11.0,2.2,1.0,0.2,4.0,0.8,201.0,40.2,11.0,2.2,0.72,68.1,13.62,16.0,5.27,14.71,2.0,2.0,1.0,0.0,0.0,0.0,0.0,11.76,68.1,13.62,16.0,5.27,14.71,2.0,2.0,1.0,0.0,0.0,0.0,0.0,12.86,68.1,13.62,16.0,5.27,14.71,2.0,2.0,1.0,0.0,0.0,0.0,0.0,11.76,1,5.14,87.34,43.0
Taylor Heinicke,LAC,QB,3.0,7.15,121.64,16.13,204.26,27.98,0.57,1397.85,188.98,6.74,8.33,1.11,5.64,0.78,13.9,1.81,22.95,3.11,136.21,20.64,6.72,6.79,0.94,1.0,0.16,1.49,0.16,227.21,31.09,6.79,0.94,0.8,100.41,13.96,13.85,4.04,16.31,3.49,2.0,1.1,0.46,0.1,0.05,0.01,12.2,100.41,13.96,13.85,4.04,16.31,3.49,2.0,1.1,0.46,0.1,0.05,0.01,12.67,100.41,13.96,13.85,4.04,16.31,3.49,2.0,1.1,0.46,0.1,0.05,0.01,12.2,3,7.46,126.8,39.0
Ryan Tannehill,FA,QB,0.0,10.59,186.49,17.3,285.23,26.53,0.65,2069.13,191.82,7.23,8.05,0.69,7.46,0.71,33.79,3.27,25.26,2.27,100.26,8.99,4.03,9.03,0.74,1.87,0.16,0.92,0.07,310.49,28.8,9.03,0.74,0.96,127.59,11.47,11.33,5.78,12.15,7.59,0.46,0.56,1.87,0.1,0.23,0.01,12.06,127.59,11.47,11.33,5.78,12.15,7.59,0.46,0.56,1.87,0.1,0.23,0.01,12.42,127.59,11.47,11.33,5.78,12.15,7.59,0.46,0.56,1.87,0.1,0.23,0.01,12.06,3,9.18,156.02,32.0
Jimmy Garoppolo,LAR,QB,2.0,8.85,154.46,16.95,232.54,25.67,0.66,1788.08,193.21,7.48,10.64,1.15,8.03,1.0,16.56,1.9,22.62,2.63,38.69,4.69,1.75,8.21,0.91,0.82,0.07,0.82,0.07,255.15,28.3,8.21,0.91,0.9,114.68,12.26,12.21,6.36,12.73,4.59,1.56,1.69,0.64,0.36,0.14,0.03,11.87,114.68,12.26,12.21,6.36,12.73,4.59,1.56,1.69,0.64,0.36,0.14,0.03,12.33,114.68,12.26,12.21,6.36,12.73,4.59,1.56,1.69,0.64,0.36,0.14,0.03,11.87,3,7.93,134.74,36.0
Zach Wilson,DEN,QB,1.0,11.33,197.36,17.25,337.23,29.58,0.58,2127.97,187.82,6.37,7.59,0.67,7.41,0.66,39.9,3.46,33.23,2.95,180.38,15.63,5.34,7.31,0.65,0.67,0.06,4.85,0.41,370.46,32.53,7.31,0.65,0.98,124.91,11.05,10.46,6.08,11.53,7.97,0.9,1.49,0.97,0.0,0.15,0.0,11.99,124.91,11.05,10.46,6.08,11.53,7.97,0.9,1.49,0.97,0.0,0.15,0.0,12.31,124.91,11.05,10.46,6.08,11.53,7.97,0.9,1.49,0.97,0.0,0.15,0.0,11.99,3,9.19,156.23,31.0
Bryce Young,CAR,QB,1.0,16.0,315.0,19.69,527.0,32.94,0.6,2877.0,179.81,5.46,11.0,0.69,10.0,0.62,62.0,3.88,39.0,2.44,253.0,15.81,6.49,18.0,1.12,0.0,0.0,6.0,0.38,566.0,35.38,18.0,1.12,1.0,166.5,10.41,8.65,5.24,11.26,13.0,1.0,0.0,2.0,0.0,0.14,0.0,11.69,166.5,10.41,8.65,5.24,11.26,13.0,1.0,0.0,2.0,0.0,0.14,0.0,12.26,166.5,10.41,8.65,5.24,11.26,13.0,1.0,0.0,2.0,0.0,0.14,0.0,11.69,1,12.78,217.33,24.0
Will Levis,TEN,QB,1.0,9.0,149.0,16.56,255.0,28.33,0.58,1808.0,200.89,7.09,8.0,0.89,4.0,0.44,28.0,3.11,25.0,2.78,57.0,6.33,2.28,7.0,0.78,1.0,0.11,4.0,0.44,280.0,31.11,7.0,0.78,0.93,106.1,11.79,11.5,7.83,11.54,6.0,1.0,1.0,0.0,1.0,0.12,0.12,11.74,106.1,11.79,11.5,7.83,11.54,6.0,1.0,1.0,0.0,1.0,0.12,0.12,12.12,106.1,11.79,11.5,7.83,11.54,6.0,1.0,1.0,0.0,1.0,0.12,0.12,11.74,1,10.6,180.27,25.0
Desmond Ridder,LV,QB,2.0,11.86,198.71,17.07,310.0,26.69,0.64,2228.0,185.62,6.98,9.14,0.71,8.57,0.57,24.71,2.12,42.43,3.66,156.14,13.76,3.74,14.0,1.14,3.57,0.24,5.57,0.48,352.43,30.36,14.0,1.14,0.9,145.44,11.73,8.81,7.01,11.84,7.29,1.71,0.71,0.71,1.43,0.18,0.11,10.55,145.44,11.73,8.81,7.01,11.84,7.29,1.71,0.71,0.71,1.43,0.18,0.11,11.13,145.44,11.73,8.81,7.01,11.84,7.29,1.71,0.71,0.71,1.43,0.18,0.11,10.55,2,13.06,221.94,20.0
Tyson Bagent,CHI,QB,1.0,5.0,94.0,18.8,143.0,28.6,0.66,859.0,171.8,6.01,3.0,0.6,6.0,1.2,5.0,1.0,23.0,4.6,109.0,21.8,4.74,11.0,2.2,2.0,0.4,2.0,0.4,166.0,33.2,11.0,2.2,0.72,59.3,11.86,12.9,4.87,13.07,4.0,0.0,1.0,0.0,0.0,0.0,0.0,9.88,59.3,11.86,12.9,4.87,13.07,4.0,0.0,1.0,0.0,0.0,0.0,0.0,10.98,59.3,11.86,12.9,4.87,13.07,4.0,0.0,1.0,0.0,0.0,0.0,0.0,9.88,1,0.54,9.26,47.0
Gardner Minshew II,LV,QB,3.0,11.85,211.0,15.88,339.74,25.58,0.62,2333.62,181.42,7.31,10.79,0.89,6.64,0.55,23.85,1.84,24.51,2.03,67.03,4.88,2.23,4.95,0.4,2.18,0.17,3.46,0.25,364.26,27.61,4.95,0.4,0.88,145.29,11.44,10.02,8.01,11.35,7.28,2.28,0.74,0.64,0.9,0.15,0.11,10.69,145.29,11.44,10.02,8.01,11.35,7.28,2.28,0.74,0.64,0.9,0.15,0.11,10.89,145.29,11.44,10.02,8.01,11.35,7.28,2.28,0.74,0.64,0.9,0.15,0.11,10.69,3,13.12,223.01,19.0
Tommy DeVito,NYG,QB,1.0,10.0,114.0,11.4,178.0,17.8,0.64,1101.0,110.1,6.19,8.0,0.8,3.0,0.3,37.0,3.7,36.0,3.6,195.0,19.5,5.42,7.0,0.7,1.0,0.1,1.0,0.1,214.0,21.4,7.0,0.7,0.96,96.5,9.65,10.45,7.31,9.61,7.0,1.0,1.0,1.0,0.0,0.11,0.0,9.95,96.5,9.65,10.45,7.31,9.61,7.0,1.0,1.0,1.0,0.0,0.11,0.0,10.3,96.5,9.65,10.45,7.31,9.61,7.0,1.0,1.0,1.0,0.0,0.11,0.0,9.95,1,9.13,155.21,33.0
Carson Wentz,KC,QB,2.0,5.08,88.03,12.9,139.08,19.65,0.68,919.92,129.99,6.69,6.87,1.16,3.67,0.65,11.23,1.67,22.38,6.5,80.0,22.0,3.5,5.74,1.54,1.0,0.36,0.77,0.06,161.46,26.15,5.74,1.54,0.61,75.77,14.19,12.87,15.49,12.06,2.64,0.31,0.41,0.56,1.15,0.82,0.73,8.85,75.77,14.19,12.87,15.49,12.06,2.64,0.31,0.41,0.56,1.15,0.82,0.73,9.62,75.77,14.19,12.87,15.49,12.06,2.64,0.31,0.41,0.56,1.15,0.82,0.73,8.85,3,5.41,92.0,42.0
Nick Mullens,MIN,QB,2.0,4.33,71.54,16.22,104.36,23.65,0.72,909.69,196.87,8.45,4.85,1.06,5.38,1.09,7.69,1.54,7.44,1.54,18.08,3.72,2.12,2.82,0.58,0.0,0.0,0.0,0.0,111.79,25.19,2.82,0.58,0.66,52.12,11.4,14.11,6.04,10.26,2.41,0.0,0.64,1.28,0.0,0.43,0.0,8.6,52.12,11.4,14.11,6.04,10.26,2.41,0.0,0.64,1.28,0.0,0.43,0.0,8.89,52.12,11.4,14.11,6.04,10.26,2.41,0.0,0.64,1.28,0.0,0.43,0.0,8.6,3,0.0,0.0,71.0
Mitchell Trubisky,BUF,QB,2.0,5.51,73.56,13.0,115.56,20.47,0.65,730.56,127.77,6.12,3.59,0.66,4.59,0.84,7.31,1.3,16.46,3.01,46.82,8.81,2.87,5.95,1.09,1.9,0.35,0.64,0.13,132.03,23.49,5.95,1.09,0.75,55.61,9.97,9.17,6.47,10.26,3.72,1.15,0.0,0.64,0.0,0.16,0.0,7.83,55.61,9.97,9.17,6.47,10.26,3.72,1.15,0.0,0.64,0.0,0.16,0.0,8.38,55.61,9.97,9.17,6.47,10.26,3.72,1.15,0.0,0.64,0.0,0.16,0.0,7.83,3,0.0,0.0,71.0
Jarrett Stidham,DEN,QB,2.0,3.0,43.71,14.57,70.86,23.62,0.62,541.71,180.57,7.63,2.57,0.86,1.57,0.52,7.0,2.33,10.43,3.48,29.71,9.91,2.35,2.71,0.9,0.0,0.0,0.29,0.09,81.29,27.09,2.71,0.9,0.56,32.84,10.94,13.94,9.3,10.21,1.71,1.0,0.0,0.0,0.29,0.14,0.14,7.09,32.84,10.94,13.94,9.3,10.21,1.71,1.0,0.0,0.0,0.29,0.14,0.14,7.54,32.84,10.94,13.94,9.3,10.21,1.71,1.0,0.0,0.0,0.29,0.14,0.14,7.09,2,0.0,0.0,71.0
Jacoby Brissett,NE,QB,1.0,6.64,86.51,9.48,132.44,13.77,0.73,943.9,107.6,8.64,5.51,0.91,1.95,0.15,8.1,0.62,16.44,1.72,81.67,9.16,5.71,8.74,0.81,0.62,0.05,1.33,0.1,148.87,15.49,8.74,0.81,0.72,67.31,8.8,10.23,7.29,8.76,3.74,2.03,0.36,0.26,0.26,0.04,0.02,7.09,67.31,8.8,10.23,7.29,8.76,3.74,2.03,0.36,0.26,0.26,0.04,0.02,7.5,67.31,8.8,10.23,7.29,8.76,3.74,2.03,0.36,0.26,0.26,0.04,0.02,7.09,3,0.0,0.0,71.0
Bailey Zappe,CLE,QB,2.0,8.29,109.29,13.71,177.71,21.71,0.63,1131.71,146.64,6.71,5.71,0.79,7.29,0.86,19.57,2.21,15.0,1.93,59.29,5.93,3.49,4.86,0.57,0.71,0.07,1.57,0.29,192.71,23.64,4.86,0.57,0.87,67.77,8.56,6.19,7.0,8.72,5.86,1.43,0.29,0.71,0.0,0.08,0.0,7.17,67.77,8.56,6.19,7.0,8.72,5.86,1.43,0.29,0.71,0.0,0.08,0.0,7.45,67.77,8.56,6.19,7.0,8.72,5.86,1.43,0.29,0.71,0.0,0.08,0.0,7.17,2,4.65,79.05,45.0
Tyrod Taylor,NYJ,QB,1.0,8.21,85.77,9.42,134.42,14.78,0.66,972.86,105.33,7.22,4.07,0.49,2.91,0.39,13.0,1.54,26.79,2.98,158.91,20.52,7.75,7.91,1.07,0.56,0.09,0.23,0.08,161.21,17.77,7.91,1.07,0.86,71.49,8.42,6.4,7.57,8.26,5.72,0.37,1.35,0.77,0.0,0.1,0.0,6.83,71.49,8.42,6.4,7.57,8.26,5.72,0.37,1.35,0.77,0.0,0.1,0.0,7.36,71.49,8.42,6.4,7.57,8.26,5.72,0.37,1.35,0.77,0.0,0.1,0.0,6.83,3,7.92,134.67,37.0
Andy Dalton,CAR,QB,2.0,6.33,101.69,13.79,158.31,22.34,0.61,1122.95,149.14,6.59,6.72,0.86,3.23,0.28,10.18,1.33,11.26,1.39,29.33,4.53,3.51,3.03,0.57,0.0,0.0,0.36,0.03,169.56,23.73,3.03,0.57,0.71,71.68,9.6,4.39,10.99,8.98,4.0,0.92,0.26,0.9,0.26,0.36,0.02,6.51,71.68,9.6,4.39,10.99,8.98,4.0,0.92,0.26,0.9,0.26,0.36,0.02,6.79,71.68,9.6,4.39,10.99,8.98,4.0,0.92,0.26,0.9,0.26,0.36,0.02,6.51,3,6.56,111.45,40.0
Aaron Rodgers,NYJ,QB,2.0,6.64,127.28,7.63,194.08,12.22,0.24,1369.49,82.11,2.54,10.46,0.63,3.49,0.21,11.92,1.32,12.1,0.72,34.46,2.07,1.02,3.33,0.2,0.56,0.03,1.03,0.06,206.18,12.94,3.33,0.2,0.54,98.93,5.95,6.44,1.68,6.65,2.23,1.38,1.95,0.67,0.41,0.12,0.03,6.63,98.93,5.95,6.44,1.68,6.65,2.23,1.38,1.69,0.92,0.41,0.14,0.03,6.76,98.93,5.95,6.44,1.68,6.65,2.23,1.38,1.95,0.67,0.41,0.12,0.03,6.63,3,8.47,144.06,35.0
Mason Rudolph,TEN,QB,3.0,3.72,52.24,14.27,71.79,19.95,0.72,658.03,174.06,9.04,2.72,0.72,0.14,0.07,5.17,1.29,9.31,2.5,14.21,5.38,2.15,3.86,1.07,0.0,0.0,0.86,0.22,81.1,22.45,3.86,1.07,0.62,36.81,9.87,9.74,8.4,9.49,2.72,0.14,0.0,0.86,0.0,0.28,0.0,6.37,36.81,9.87,9.74,8.4,9.49,2.72,0.14,0.86,0.0,0.0,0.0,0.0,6.67,36.81,9.87,9.74,8.4,9.49,2.72,0.14,0.0,0.86,0.0,0.28,0.0,6.37,3,0.0,0.0,71.0
Marcus Mariota,WAS,QB,2.0,5.97,56.9,6.85,91.87,10.86,0.62,674.51,78.87,6.67,4.49,0.51,2.95,0.39,9.1,1.19,28.26,3.58,154.56,21.02,6.17,12.15,1.96,1.13,0.09,1.41,0.27,120.13,14.44,12.15,1.96,0.7,62.41,6.99,5.19,5.75,7.38,3.67,0.51,1.03,0.26,0.51,0.08,0.05,5.67,62.41,6.99,5.19,5.75,7.38,3.67,0.51,1.03,0.26,0.51,0.08,0.05,6.65,62.41,6.99,5.19,5.75,7.38,3.67,0.51,1.03,0.26,0.51,0.08,0.05,5.67,3,0.0,0.0,71.0
Tyler Huntley,MIA,QB,2.0,5.21,45.21,8.33,71.72,13.24,0.6,409.72,75.61,5.62,2.74,0.53,1.18,0.21,6.21,1.14,25.46,4.82,100.54,18.38,3.81,7.26,1.32,0.46,0.08,0.31,0.04,97.18,18.06,7.26,1.32,0.73,38.89,7.27,6.94,5.88,7.69,4.1,0.74,0.26,0.0,0.1,0.02,0.02,5.71,38.89,7.27,6.94,5.88,7.69,4.1,0.74,0.26,0.0,0.1,0.02,0.02,6.37,38.89,7.27,6.94,5.88,7.69,4.1,0.74,0.26,0.0,0.1,0.02,0.02,5.71,3,0.0,0.0,71.0
Davis Mills,HOU,QB,2.0,9.03,113.38,8.99,188.23,15.46,0.52,1183.62,92.8,5.21,7.28,0.63,4.87,0.34,12.41,0.99,11.33,0.9,37.97,3.15,4.0,3.21,0.28,0.51,0.03,0.87,0.06,199.56,16.36,3.21,0.28,0.86,79.01,6.59,4.22,6.62,6.82,5.97,1.13,1.36,0.21,0.36,0.05,0.03,5.88,79.01,6.59,4.22,6.62,6.82,5.97,1.13,1.1,0.46,0.36,0.07,0.03,6.05,79.01,6.59,4.22,6.62,6.82,5.97,1.13,1.1,0.46,0.36,0.07,0.03,5.91,3,7.68,130.57,38.0
Sam Darnold,MIN,QB,3.0,9.18,63.9,7.38,107.03,12.4,0.6,742.64,89.48,6.87,4.0,0.51,2.74,0.3,10.0,1.11,25.05,2.87,59.56,7.39,1.98,6.64,0.8,1.67,0.19,1.56,0.18,132.08,15.27,6.64,0.8,0.92,55.96,6.83,5.21,6.52,6.81,7.15,0.21,1.1,0.51,0.21,0.15,0.02,5.65,55.96,6.83,5.21,6.52,6.81,7.15,0.21,1.1,0.62,0.1,0.15,0.01,6.04,55.96,6.83,5.21,6.52,6.81,7.15,0.21,1.1,0.51,0.21,0.15,0.02,5.65,3,0.0,0.0,71.0
Drew Lock,NYG,QB,2.0,4.28,50.62,11.89,80.83,18.93,0.63,576.66,135.12,7.13,2.86,0.69,2.86,0.69,6.41,1.5,5.69,1.31,19.38,4.24,3.14,1.55,0.33,0.28,0.05,0.14,0.02,86.52,20.24,1.55,0.33,0.67,34.96,8.13,7.62,8.19,7.87,3.28,0.0,0.86,0.14,0.0,0.03,0.0,5.5,34.96,8.13,7.62,8.19,7.87,3.28,0.0,0.86,0.14,0.0,0.03,0.0,5.66,34.96,8.13,7.62,8.19,7.87,3.28,0.0,0.86,0.14,0.0,0.03,0.0,5.5,3,0.0,0.0,71.0
Trevor Siemian,TEN,QB,2.0,4.33,70.05,14.79,124.03,26.16,0.57,629.64,136.14,5.48,2.67,0.57,3.13,0.69,6.56,1.44,9.0,2.08,29.74,6.5,3.07,3.67,0.8,0.1,0.02,2.03,0.4,133.03,28.24,3.67,0.8,0.65,32.24,6.99,4.66,6.78,7.11,3.38,0.74,0.1,0.0,0.1,0.02,0.02,5.14,32.24,6.99,4.66,6.78,7.11,3.38,0.74,0.1,0.0,0.1,0.02,0.02,5.55,32.24,6.99,4.66,6.78,7.11,3.38,0.74,0.1,0.0,0.1,0.02,0.02,5.14,3,0.0,0.0,71.0
Trey Lance,DAL,QB,3.0,3.86,22.43,5.52,42.43,10.76,0.51,310.86,74.91,6.9,1.43,0.24,1.29,0.33,2.57,0.67,22.29,5.62,95.86,23.95,4.26,7.29,2.04,0.29,0.05,0.0,0.0,64.71,16.38,7.29,2.04,0.62,28.79,6.41,4.89,6.59,6.44,3.0,0.29,0.57,0.0,0.0,0.0,0.0,4.11,28.79,6.41,4.89,6.59,6.44,3.0,0.29,0.57,0.0,0.0,0.0,0.0,5.14,28.79,6.41,4.89,6.59,6.44,3.0,0.29,0.57,0.0,0.0,0.0,0.0,4.11,3,0.0,0.0,71.0
Jameis Winston,CLE,QB,4.0,5.97,44.49,9.92,76.13,16.49,0.56,509.23,114.65,6.26,3.74,0.73,3.51,0.75,5.23,1.29,7.77,1.35,17.28,3.25,0.58,2.64,0.42,0.1,0.01,0.1,0.01,83.9,17.85,2.64,0.42,0.77,34.43,7.31,5.64,4.94,7.74,5.15,0.1,0.26,0.26,0.21,0.17,0.04,4.88,34.43,7.31,5.64,4.94,7.74,5.15,0.1,0.26,0.26,0.21,0.17,0.04,5.1,34.43,7.31,5.64,4.94,7.74,5.15,0.1,0.26,0.26,0.21,0.17,0.04,4.88,3,0.0,0.0,71.0
P.J. Walker,FA,QB,0.0,5.9,54.46,9.2,105.1,17.74,0.52,656.62,110.67,6.22,1.51,0.26,4.28,0.72,9.56,1.62,10.59,1.79,30.56,5.14,3.34,2.9,0.49,0.0,0.0,1.38,0.23,115.69,19.53,2.9,0.49,0.77,28.51,4.81,3.2,5.48,5.12,5.38,0.26,0.26,0.0,0.0,0.0,0.0,4.11,28.51,4.81,3.2,5.48,5.12,5.38,0.26,0.26,0.0,0.0,0.0,0.0,4.35,28.51,4.81,3.2,5.48,5.12,5.38,0.26,0.26,0.0,0.0,0.0,0.0,4.11,3,0.0,0.0,71.0
John Wolford,JAC,QB,3.0,2.0,27.43,13.71,45.43,22.71,0.51,280.0,140.0,4.85,0.71,0.36,2.43,1.21,5.29,2.64,6.29,3.14,22.57,11.29,2.71,1.43,0.71,0.0,0.0,0.71,0.36,51.71,25.86,1.43,0.71,0.44,12.46,6.23,6.23,1.17,9.59,2.0,0.0,0.0,0.0,0.0,0.0,0.0,3.94,12.46,6.23,6.23,1.17,9.59,2.0,0.0,0.0,0.0,0.0,0.0,0.0,4.3,12.46,6.23,6.23,1.17,9.59,2.0,0.0,0.0,0.0,0.0,0.0,0.0,3.94,3,0.0,0.0,71.0
Mike White,BUF,QB,3.0,5.28,38.64,9.39,62.26,15.24,0.75,450.82,108.75,10.39,1.92,0.43,2.49,0.57,2.72,0.68,7.18,1.37,-3.56,-0.41,-0.35,1.62,0.35,0.26,0.06,0.9,0.17,69.44,16.61,1.62,0.35,0.73,22.86,5.55,4.73,5.24,5.34,4.67,0.0,0.0,0.26,0.36,0.29,0.12,4.01,22.86,5.55,4.73,5.24,5.34,4.67,0.0,0.0,0.26,0.36,0.29,0.12,4.18,22.86,5.55,4.73,5.24,5.34,4.67,0.0,0.0,0.26,0.36,0.29,0.12,4.01,3,0.0,0.0,71.0
Teddy Bridgewater,DET,QB,2.0,3.36,41.79,4.6,63.95,7.17,0.23,488.15,57.38,2.95,2.87,0.34,1.74,0.26,4.97,0.59,5.13,1.66,16.51,0.88,2.03,2.15,0.22,0.21,0.01,0.1,0.01,69.08,8.83,2.15,0.22,0.47,32.16,3.56,3.97,2.77,3.7,2.38,0.21,0.31,0.46,0.0,0.08,0.0,3.33,32.16,3.56,3.97,2.77,3.7,2.38,0.21,0.31,0.46,0.0,0.08,0.0,3.43,32.16,3.56,3.97,2.77,3.7,2.38,0.21,0.31,0.46,0.0,0.08,0.0,3.33,3,0.0,0.0,71.0
Dorian Thompson-Robinson,CLE,QB,3.0,8.0,60.0,7.5,112.0,14.0,0.54,440.0,55.0,3.93,1.0,0.12,4.0,0.5,6.0,0.75,14.0,1.75,65.0,8.12,4.64,4.0,0.5,0.0,0.0,0.0,0.0,126.0,15.75,4.0,0.5,0.88,26.1,3.26,1.1,4.24,3.72,8.0,0.0,0.0,0.0,0.0,0.0,0.0,3.1,26.1,3.26,1.1,4.24,3.72,8.0,0.0,0.0,0.0,0.0,0.0,0.0,3.35,26.1,3.26,1.1,4.24,3.72,8.0,0.0,0.0,0.0,0.0,0.0,0.0,3.1,1,0.0,0.0,71.0
Tim Boyle,NYG,QB,3.0,2.59,37.54,12.33,61.05,20.92,0.53,293.18,98.87,4.63,0.95,0.29,3.69,1.52,5.77,1.92,3.28,1.42,4.03,0.89,1.21,2.03,0.67,0.0,0.0,0.0,0.0,64.33,22.33,2.03,0.67,0.5,12.44,3.73,3.63,3.8,4.32,2.49,0.0,0.1,0.0,0.0,0.0,0.0,3.0,12.44,3.73,3.63,3.8,4.32,2.49,0.0,0.1,0.0,0.0,0.0,0.0,3.33,12.44,3.73,3.63,3.8,4.32,2.49,0.0,0.1,0.0,0.0,0.0,0.0,3.0,3,0.0,0.0,71.0
Case Keenum,HOU,QB,3.0,2.31,27.13,12.12,43.15,19.36,0.55,235.97,103.77,4.47,0.95,0.38,2.03,0.98,4.36,2.03,3.79,1.53,2.9,0.77,0.51,0.87,0.25,0.0,0.0,0.1,0.02,46.95,20.89,0.87,0.25,0.47,11.32,4.75,4.47,6.05,4.69,2.31,0.0,0.0,0.0,0.0,0.0,0.0,2.7,11.32,4.75,4.47,6.05,4.69,2.31,0.0,0.0,0.0,0.0,0.0,0.0,2.83,11.32,4.75,4.47,6.05,4.69,2.31,0.0,0.0,0.0,0.0,0.0,0.0,2.7,3,0.0,0.0,71.0
Brett Rypien,MIN,QB,4.0,2.41,25.13,9.17,47.13,18.03,0.46,234.1,86.09,4.31,0.51,0.13,1.67,0.58,3.33,1.15,3.46,1.35,13.97,6.54,4.36,1.15,0.45,0.0,0.0,0.9,0.38,50.59,19.37,1.15,0.45,0.48,9.36,3.27,3.44,2.11,4.3,2.41,0.0,0.0,0.0,0.0,0.0,0.0,2.6,9.36,3.27,3.44,2.11,4.3,2.41,0.0,0.0,0.0,0.0,0.0,0.0,2.83,9.36,3.27,3.44,2.11,4.3,2.41,0.0,0.0,0.0,0.0,0.0,0.0,2.6,3,0.0,0.0,71.0
Cooper Rush,DAL,QB,2.0,7.59,38.72,5.22,61.74,8.32,0.7,405.08,56.05,6.43,1.59,0.24,1.51,0.2,2.74,0.38,10.92,1.48,-2.49,-0.41,-0.19,1.0,0.13,0.0,0.0,0.1,0.03,72.67,9.8,1.0,0.13,0.86,20.55,2.89,2.05,3.06,3.16,6.97,0.26,0.36,0.0,0.0,0.0,0.0,2.58,20.55,2.89,2.05,3.06,3.16,6.97,0.26,0.36,0.0,0.0,0.0,0.0,2.65,20.55,2.89,2.05,3.06,3.16,6.97,0.26,0.36,0.0,0.0,0.0,0.0,2.58,3,0.0,0.0,71.0
Anthony Brown Jr.,ARI,QB,2.0,2.0,22.0,11.0,49.0,24.5,0.45,302.0,151.0,6.16,0.0,0.0,2.0,1.0,5.0,2.5,3.0,1.5,-5.0,-2.5,-1.67,0.0,0.0,0.0,0.0,1.0,0.5,52.0,26.0,0.0,0.0,0.44,7.5,3.75,3.75,5.16,4.07,2.0,0.0,0.0,0.0,0.0,0.0,0.0,2.53,7.5,3.75,3.75,5.16,4.07,2.0,0.0,0.0,0.0,0.0,0.0,0.0,2.53,7.5,3.75,3.75,5.16,4.07,2.0,0.0,0.0,0.0,0.0,0.0,0.0,2.53,2,0.0,0.0,71.0
Taysom Hill,NO,QB,2.0,15.59,15.18,1.12,25.67,1.89,0.59,215.05,15.53,8.83,1.56,0.1,0.51,0.04,2.72,0.18,83.72,5.38,442.85,28.48,5.26,28.05,1.8,4.87,0.32,0.64,0.04,109.38,7.27,28.05,1.8,1.0,12.59,1.05,0.96,0.94,0.99,15.18,0.21,0.0,0.1,0.1,0.02,0.01,1.55,12.59,1.05,0.96,0.94,0.99,15.18,0.21,0.0,0.1,0.1,0.02,0.01,2.45,12.59,1.05,0.96,0.94,0.99,15.18,0.21,0.0,0.1,0.1,0.02,0.01,1.55,3,0.0,0.0,71.0
Jeff Driskel,WAS,QB,1.0,2.71,13.29,9.86,24.29,19.39,0.56,149.43,122.98,6.1,1.71,1.47,1.43,1.43,2.71,2.23,10.71,5.82,45.0,26.63,4.44,4.0,3.02,0.0,0.0,0.0,0.0,35.0,25.2,4.0,3.02,0.44,15.99,12.02,11.67,0.87,0.82,2.0,0.71,0.0,0.0,0.0,0.0,0.0,0.52,15.99,12.02,11.67,0.87,0.82,2.0,0.71,0.0,0.0,0.0,0.0,0.0,2.03,15.99,12.02,11.67,0.87,0.82,2.0,0.71,0.0,0.0,0.0,0.0,0.0,0.52,2,0.0,0.0,71.0
Blaine Gabbert,FA,QB,0.0,2.15,13.79,7.43,25.62,13.46,0.58,132.9,67.88,4.94,0.26,0.26,1.92,0.96,0.74,0.34,5.41,2.4,28.13,14.3,4.04,1.38,0.66,0.0,0.0,0.0,0.0,31.03,15.85,1.38,0.66,0.43,7.23,4.22,4.2,4.92,2.87,2.15,0.0,0.0,0.0,0.0,0.0,0.0,1.64,7.23,4.22,4.2,4.92,2.87,2.15,0.0,0.0,0.0,0.0,0.0,0.0,1.97,7.23,4.22,4.2,4.92,2.87,2.15,0.0,0.0,0.0,0.0,0.0,0.0,1.64,3,0.0,0.0,71.0
Sam Ehlinger,IND,QB,3.0,1.97,16.41,4.1,25.9,6.47,0.16,146.92,36.73,1.45,0.77,0.19,0.77,0.19,3.59,0.9,4.67,1.19,23.23,5.88,1.62,1.38,0.35,0.0,0.0,0.26,0.06,30.56,7.67,1.38,0.35,0.4,9.99,2.51,1.95,1.23,2.83,1.72,0.26,0.0,0.0,0.0,0.0,0.0,1.73,9.99,2.51,1.95,1.23,2.83,1.72,0.26,0.0,0.0,0.0,0.0,0.0,1.91,9.99,2.51,1.95,1.23,2.83,1.72,0.26,0.0,0.0,0.0,0.0,0.0,1.73,3,0.0,0.0,71.0
Brian Hoyer,FA,QB,0.0,2.69,16.95,6.38,29.59,10.74,0.65,180.85,63.5,7.22,0.1,0.02,1.28,0.43,0.9,0.47,3.05,0.87,-2.74,-0.81,-0.72,0.1,0.02,0.0,0.0,0.0,0.0,32.64,11.61,0.1,0.02,0.5,6.13,2.13,2.7,1.62,2.36,2.69,0.0,0.0,0.0,0.0,0.0,0.0,1.65,6.13,2.13,2.7,1.62,2.36,2.69,0.0,0.0,0.0,0.0,0.0,0.0,1.66,6.13,2.13,2.7,1.62,2.36,2.69,0.0,0.0,0.0,0.0,0.0,0.0,1.65,3,0.0,0.0,71.0
Kyle Allen,PIT,QB,3.0,5.46,13.03,4.55,21.95,7.64,0.22,118.97,41.71,2.01,0.62,0.22,1.03,0.34,1.49,0.53,10.08,1.81,-3.87,0.48,0.48,1.9,0.41,0.0,0.0,0.36,0.14,32.03,9.45,1.9,0.41,0.73,5.08,1.98,2.35,2.01,1.89,5.46,0.0,0.0,0.0,0.0,0.0,0.0,1.4,5.08,1.98,2.35,2.01,1.89,5.46,0.0,0.0,0.0,0.0,0.0,0.0,1.61,5.08,1.98,2.35,2.01,1.89,5.46,0.0,0.0,0.0,0.0,0.0,0.0,1.4,3,0.0,0.0,71.0
Josh Johnson,BAL,QB,2.0,1.5,10.33,3.21,15.83,5.21,0.53,114.67,34.92,5.42,0.83,0.21,0.33,0.08,0.5,0.12,3.17,2.04,7.17,3.67,1.77,0.58,0.46,0.0,0.0,0.0,0.0,19.0,7.25,0.58,0.46,0.34,8.65,2.6,2.43,2.1,1.75,1.17,0.0,0.17,0.0,0.17,0.06,0.06,1.28,8.65,2.6,2.43,2.1,1.75,1.17,0.0,0.17,0.0,0.17,0.06,0.06,1.5,8.65,2.6,2.43,2.1,1.75,1.17,0.0,0.17,0.0,0.17,0.06,0.06,1.28,3,0.0,0.0,71.0
Malik Willis,GB,QB,2.0,4.14,11.71,2.22,21.0,3.68,0.72,131.71,28.89,11.86,0.0,0.0,0.86,0.12,5.71,1.36,11.29,2.3,50.14,10.02,4.3,3.0,0.56,0.29,0.04,1.29,0.32,32.29,5.97,3.0,0.56,0.64,8.59,1.65,0.46,3.76,1.9,4.14,0.0,0.0,0.0,0.0,0.0,0.0,1.12,8.59,1.65,0.46,3.76,1.9,4.14,0.0,0.0,0.0,0.0,0.0,0.0,1.4,8.59,1.65,0.46,3.76,1.9,4.14,0.0,0.0,0.0,0.0,0.0,0.0,1.12,2,0.0,0.0,71.0
C.J. Beathard,JAC,QB,4.0,6.36,27.64,3.76,37.0,5.05,0.75,236.08,31.9,6.73,0.64,0.08,0.26,0.06,4.1,0.54,6.26,0.95,21.62,2.65,2.76,1.28,0.16,0.0,0.0,0.0,0.0,43.26,6.0,1.28,0.16,0.78,13.94,1.8,0.28,2.72,2.13,6.36,0.0,0.0,0.0,0.0,0.0,0.0,1.32,13.94,1.8,0.28,2.72,2.13,6.36,0.0,0.0,0.0,0.0,0.0,0.0,1.39,13.94,1.8,0.28,2.72,2.13,6.36,0.0,0.0,0.0,0.0,0.0,0.0,1.32,3,0.0,0.0,71.0
Jaren Hall,SEA,QB,3.0,3.0,13.0,4.33,20.0,6.67,0.65,168.0,56.0,8.4,0.0,0.0,1.0,0.33,4.0,1.33,6.0,2.0,14.0,4.67,2.33,2.0,0.67,0.0,0.0,2.0,0.67,26.0,8.67,2.0,0.67,0.56,3.1,1.03,0.1,2.82,1.31,3.0,0.0,0.0,0.0,0.0,0.0,0.0,0.8,3.1,1.03,0.1,2.82,1.31,3.0,0.0,0.0,0.0,0.0,0.0,0.0,1.13,3.1,1.03,0.1,2.82,1.31,3.0,0.0,0.0,0.0,0.0,0.0,0.0,0.8,1,0.0,0.0,71.0
Clayton Tune,ARI,QB,3.0,8.0,12.0,1.5,21.0,2.62,0.57,62.0,7.75,2.95,0.0,0.0,2.0,0.25,7.0,0.88,8.0,1.0,30.0,3.75,3.75,3.0,0.38,1.0,0.12,1.0,0.12,29.0,3.62,3.0,0.38,0.88,9.5,1.19,0.15,2.11,1.61,8.0,0.0,0.0,0.0,0.0,0.0,0.0,0.94,9.5,1.19,0.15,2.11,1.61,8.0,0.0,0.0,0.0,0.0,0.0,0.0,1.13,9.5,1.19,0.15,2.11,1.61,8.0,0.0,0.0,0.0,0.0,0.0,0.0,0.94,1,0.0,0.0,71.0
Skylar Thompson,MIA,QB,3.0,2.71,17.14,2.45,30.0,4.29,0.16,152.57,21.8,1.45,0.29,0.04,0.86,0.12,1.71,0.25,4.0,0.57,6.0,0.86,0.43,0.29,0.04,0.0,0.0,0.57,0.08,34.0,4.86,0.29,0.04,0.44,5.86,0.84,1.03,1.01,1.0,2.71,0.0,0.0,0.0,0.0,0.0,0.0,1.09,5.86,0.84,1.03,1.01,1.0,2.71,0.0,0.0,0.0,0.0,0.0,0.0,1.11,5.86,0.84,1.03,1.01,1.0,2.71,0.0,0.0,0.0,0.0,0.0,0.0,1.09,2,0.0,0.0,71.0
Brandon Allen,SF,QB,3.0,2.14,7.0,3.11,11.86,4.09,0.86,58.29,24.23,6.49,0.57,0.11,0.0,0.0,1.86,0.94,4.14,2.54,-1.0,-0.77,-0.28,1.0,0.77,0.0,0.0,0.0,0.0,16.0,6.63,1.0,0.77,0.41,4.51,1.36,0.63,1.21,0.9,2.14,0.0,0.0,0.0,0.0,0.0,0.0,0.45,4.51,1.36,0.63,1.21,0.9,2.14,0.0,0.0,0.0,0.0,0.0,0.0,0.83,4.51,1.36,0.63,1.21,0.9,2.14,0.0,0.0,0.0,0.0,0.0,0.0,0.45,3,0.0,0.0,71.0
Sean Clifford,GB,QB,3.0,2.0,1.0,0.5,1.0,0.5,1.0,37.0,18.5,37.0,0.0,0.0,0.0,0.0,0.0,0.0,3.0,1.5,-2.0,-1.0,-0.67,0.0,0.0,0.0,0.0,0.0,0.0,4.0,2.0,0.0,0.0,0.44,1.3,0.65,0.65,0.92,1.09,2.0,0.0,0.0,0.0,0.0,0.0,0.0,0.4,1.3,0.65,0.65,0.92,1.09,2.0,0.0,0.0,0.0,0.0,0.0,0.0,0.4,1.3,0.65,0.65,0.92,1.09,2.0,0.0,0.0,0.0,0.0,0.0,0.0,0.4,1,0.0,0.0,71.0
Nathan Peterman,ATL,QB,2.0,2.15,3.59,1.2,6.41,2.14,0.14,35.64,11.88,1.43,0.26,0.08,0.26,0.08,0.9,0.41,2.0,1.02,-0.56,-0.48,-0.28,0.36,0.19,0.0,0.0,0.0,0.0,8.41,3.15,0.36,0.19,0.45,2.15,0.69,-0.11,1.56,0.57,2.15,0.0,0.0,0.0,0.0,0.0,0.0,0.28,2.15,0.69,-0.11,1.56,0.57,2.15,0.0,0.0,0.0,0.0,0.0,0.0,0.37,2.15,0.69,-0.11,1.56,0.57,2.15,0.0,0.0,0.0,0.0,0.0,0.0,0.28,3,0.0,0.0,71.0
AJ McCarron,FA,QB,0.0,2.0,4.0,2.0,5.0,2.5,0.8,19.0,9.5,3.8,0.0,0.0,0.0,0.0,1.0,0.5,0.0,0.0,0.0,0.0,0.0,0.0,0.0,0.0,0.0,0.0,0.0,5.0,2.5,0.0,0.0,0.44,0.8,0.4,0.4,0.57,0.76,2.0,0.0,0.0,0.0,0.0,0.0,0.0,0.31,0.8,0.4,0.4,0.57,0.76,2.0,0.0,0.0,0.0,0.0,0.0,0.0,0.31,0.8,0.4,0.4,0.57,0.76,2.0,0.0,0.0,0.0,0.0,0.0,0.0,0.31,1,0.0,0.0,71.0
Feleipe Franks,CAR,QB,3.0,5.29,0.0,0.0,0.29,0.05,0.0,0.0,0.0,0.0,0.0,0.0,0.29,0.05,0.0,0.0,1.57,0.29,1.71,0.29,0.57,0.29,0.05,0.0,0.0,0.0,0.0,1.86,0.33,0.29,0.05,0.74,-0.11,-0.02,0.0,0.14,-0.04,5.29,0.0,0.0,0.0,0.0,0.0,0.0,0.01,-0.11,-0.02,0.0,0.14,-0.04,5.29,0.0,0.0,0.0,0.0,0.0,0.0,0.03,-0.11,-0.02,0.0,0.14,-0.04,5.29,0.0,0.0,0.0,0.0,0.0,0.0,0.01,3,0.0,0.0,71.0
Logan Woodside,CIN,QB,3.0,1.31,1.92,1.92,2.56,2.56,0.48,17.31,17.31,4.33,0.0,0.0,0.64,0.64,0.64,0.64,1.26,0.79,3.23,3.69,3.74,0.1,0.03,0.0,0.0,0.0,0.0,3.82,3.36,0.1,0.03,0.32,0.39,0.43,0.44,0.01,-0.05,1.31,0.0,0.0,0.0,0.0,0.0,0.0,-0.0,0.39,0.43,0.44,0.01,-0.05,1.31,0.0,0.0,0.0,0.0,0.0,0.0,0.01,0.39,0.43,0.44,0.01,-0.05,1.31,0.0,0.0,0.0,0.0,0.0,0.0,-0.0,3,0.0,0.0,71.0
Kyle Trask,TB,QB,2.0,1.71,0.86,0.86,3.29,2.93,0.09,6.57,6.57,0.73,0.0,0.0,0.0,0.0,0.0,0.0,0.71,0.36,-0.71,-0.36,-0.71,0.0,0.0,0.0,0.0,0.0,0.0,4.0,3.29,0.0,0.0,0.39,0.19,0.22,0.22,0.05,-0.11,1.71,0.0,0.0,0.0,0.0,0.0,0.0,0.01,0.19,0.22,0.22,0.05,-0.11,1.71,0.0,0.0,0.0,0.0,0.0,0.0,0.01,0.19,0.22,0.22,0.05,-0.11,1.71,0.0,0.0,0.0,0.0,0.0,0.0,0.01,2,0.0,0.0,71.0
Chris Oladokun,KC,QB,3.0,2.0,0.0,0.0,0.0,0.0,0.0,0.0,0.0,0.0,0.0,0.0,0.0,0.0,0.0,0.0,0.0,0.0,0.0,0.0,0.0,0.0,0.0,0.0,0.0,0.0,0.0,0.0,0.0,0.0,0.0,0.44,0.0,0.0,0.0,0.0,0.0,2.0,0.0,0.0,0.0,0.0,0.0,0.0,0.0,0.0,0.0,0.0,0.0,0.0,2.0,0.0,0.0,0.0,0.0,0.0,0.0,0.0,0.0,0.0,0.0,0.0,0.0,2.0,0.0,0.0,0.0,0.0,0.0,0.0,0.0,1,0.0,0.0,71.0
Matt Barkley,FA,QB,0.0,1.0,0.0,0.0,0.0,0.0,0.0,0.0,0.0,0.0,0.0,0.0,0.0,0.0,0.0,0.0,2.14,2.14,-2.14,-2.14,-0.71,0.0,0.0,0.0,0.0,0.0,0.0,2.14,2.14,0.0,0.0,0.28,-0.21,-0.21,-0.21,0.0,0.0,1.0,0.0,0.0,0.0,0.0,0.0,0.0,0.0,-0.21,-0.21,-0.21,0.0,0.0,1.0,0.0,0.0,0.0,0.0,0.0,0.0,0.0,-0.21,-0.21,-0.21,0.0,0.0,1.0,0.0,0.0,0.0,0.0,0.0,0.0,0.0,2,0.0,0.0,71.0
Jacob Eason,FA,QB,0.0,1.64,0.97,0.97,1.79,1.79,0.19,17.69,17.69,3.54,0.0,0.0,0.36,0.36,0.0,0.0,0.0,0.0,0.0,0.0,0.0,0.0,0.0,0.0,0.0,0.0,0.0,1.79,1.79,0.0,0.0,0.38,0.36,0.36,0.36,0.0,0.0,1.64,0.0,0.0,0.0,0.0,0.0,0.0,0.0,0.36,0.36,0.36,0.0,0.0,1.64,0.0,0.0,0.0,0.0,0.0,0.0,0.0,0.36,0.36,0.36,0.0,0.0,1.64,0.0,0.0,0.0,0.0,0.0,0.0,0.0,3,0.0,0.0,71.0
Malik Cunningham,BAL,QB,3.0,2.0,0.0,0.0,0.0,0.0,0.0,0.0,0.0,0.0,0.0,0.0,0.0,0.0,1.0,0.5,0.0,0.0,0.0,0.0,0.0,0.0,0.0,0.0,0.0,0.0,0.0,0.0,0.0,0.0,0.0,0.44,0.0,0.0,0.0,0.0,0.0,2.0,0.0,0.0,0.0,0.0,0.0,0.0,0.0,0.0,0.0,0.0,0.0,0.0,2.0,0.0,0.0,0.0,0.0,0.0,0.0,0.0,0.0,0.0,0.0,0.0,0.0,2.0,0.0,0.0,0.0,0.0,0.0,0.0,0.0,1,0.0,0.0,71.0
Max Duggan,FA,QB,0.0,1.0,0.0,0.0,0.0,0.0,0.0,0.0,0.0,0.0,0.0,0.0,0.0,0.0,0.0,0.0,0.0,0.0,0.0,0.0,0.0,0.0,0.0,0.0,0.0,0.0,0.0,0.0,0.0,0.0,0.0,0.28,0.0,0.0,0.0,0.0,0.0,1.0,0.0,0.0,0.0,0.0,0.0,0.0,0.0,0.0,0.0,0.0,0.0,0.0,1.0,0.0,0.0,0.0,0.0,0.0,0.0,0.0,0.0,0.0,0.0,0.0,0.0,1.0,0.0,0.0,0.0,0.0,0.0,0.0,0.0,1,0.0,0.0,71.0
