Player,TEAM,POS,DPCHT,G,FG,FG_mean,FGA,FGA_mean,FG_PCT,LG,LG_mean,FG_10_19,FG_10_19_mean,FG_20_29,FG_20_29_mean,FG_30_39,FG_30_39_mean,FG_40_49,FG_40_49_mean,FG_50,FG_50_mean,XP,XP_mean,XPA,XPA_mean,XP_PCT,OPP,OPP_mean,INJCOR,FPTS,FPTS_mean,FPTS_median,FPTS_std,FPTS_adj,FPTS_bad,FPTS_poor,FPTS_okay,FPTS_good,FPTS_great,FPTS_QSRat,FPTS_GSRat,FPTS_Score,HALF,HALF_mean,HALF_median,HALF_std,HALF_adj,HALF_bad,HALF_poor,HALF_okay,HALF_good,HALF_great,HALF_QSRat,HALF_GSRat,HALF_Score,PPR,PPR_mean,PPR_median,PPR_std,PPR_adj,PPR_bad,PPR_poor,PPR_okay,PPR_good,PPR_great,PPR_QSRat,PPR_GSRat,PPR_Score,YOE,proj_HALF_mean,proj_HALF,proj_RANK
Evan McPherson,CIN,K,1.0,16.0,28.0,1.75,33.0,2.06,0.85,58.0,41.12,0.0,0.0,5.0,0.31,8.0,0.5,6.0,0.38,9.0,0.56,46.0,2.88,48.0,3.0,0.96,147.0,9.19,1.0,154.0,9.62,11.0,4.63,8.19,4.0,3.0,0.0,5.0,4.0,1.29,0.33,10.2,154.0,9.62,11.0,4.63,8.19,4.0,3.0,0.0,6.0,3.0,1.29,0.23,10.09,154.0,9.62,11.0,4.63,8.19,4.0,3.0,0.0,5.0,4.0,1.29,0.33,10.2,1,7.93,134.73,3.0
Wil Lutz,DEN,K,1.0,16.0,26.6,1.66,31.2,1.95,0.85,55.0,32.61,0.4,0.02,6.6,0.41,8.4,0.52,9.4,0.59,1.8,0.11,53.4,3.34,54.4,3.4,0.98,148.0,9.25,1.0,146.2,9.14,9.4,3.75,8.21,4.0,2.4,1.8,4.0,3.8,0.98,0.32,9.34,146.2,9.14,9.4,3.75,8.21,4.0,2.4,1.4,4.8,3.4,1.14,0.27,9.38,146.2,9.14,9.4,3.75,8.21,4.0,2.8,1.0,4.4,3.8,1.14,0.32,9.43,3,7.83,133.17,5.0
Greg Zuerlein,NYJ,K,1.0,16.0,29.53,1.84,36.47,2.28,0.81,57.37,35.77,0.32,0.02,5.42,0.34,12.68,0.79,8.16,0.51,2.95,0.18,39.16,2.44,42.95,2.68,0.92,152.37,9.52,1.0,141.79,8.86,9.84,4.27,7.7,4.84,1.84,2.37,2.68,4.26,0.82,0.4,9.28,141.79,8.86,9.84,4.27,7.7,5.05,1.16,3.53,1.79,4.47,0.72,0.42,9.21,141.79,8.86,9.84,4.27,7.7,5.05,1.16,2.84,3.16,3.79,0.82,0.36,9.23,3,6.12,104.11,27.0
Daniel Carlson,LV,K,1.0,16.47,33.37,2.01,36.89,2.23,0.89,53.68,37.64,0.0,0.0,12.11,0.74,9.26,0.56,7.89,0.48,4.11,0.24,35.58,2.17,38.05,2.32,0.93,148.74,9.01,1.0,151.79,9.19,9.53,4.17,8.14,4.16,3.32,2.32,3.84,2.84,0.79,0.22,9.04,151.79,9.19,9.53,4.17,8.14,4.47,3.0,1.84,3.84,3.32,0.94,0.27,9.19,151.79,9.19,9.53,4.17,8.14,4.26,2.74,2.79,3.37,3.32,0.79,0.27,9.1,3,7.44,126.52,9.0
Justin Tucker,BAL,K,1.0,16.47,30.68,1.86,32.79,1.99,0.94,59.37,40.07,0.0,0.0,7.53,0.46,8.05,0.49,11.11,0.67,4.0,0.24,43.58,2.67,44.32,2.71,0.99,142.68,8.67,1.0,154.74,9.39,9.47,3.96,8.32,3.42,3.11,3.26,2.42,4.26,0.77,0.37,9.21,154.74,9.39,9.47,3.96,8.32,3.42,3.11,3.74,2.84,3.37,0.66,0.26,9.02,154.74,9.39,9.47,3.96,8.32,3.84,3.0,3.42,1.95,4.26,0.66,0.37,9.13,3,7.61,129.32,7.0
Younghoe Koo,ATL,K,1.0,14.47,29.32,2.14,31.53,2.32,0.93,53.16,37.71,0.0,0.0,8.21,0.59,9.63,0.72,6.84,0.52,4.63,0.31,27.79,1.92,28.95,2.01,0.96,123.53,8.95,0.97,131.84,9.46,9.42,4.48,8.1,4.74,1.68,1.79,3.74,2.53,1.02,0.34,8.95,131.84,9.46,9.42,4.48,8.1,4.42,2.0,1.32,4.21,2.53,1.09,0.34,9.01,131.84,9.46,9.42,4.48,8.1,4.95,1.47,1.79,3.74,2.53,1.02,0.34,8.95,3,7.62,129.6,6.0
Chris Boswell,PIT,K,1.0,15.53,29.16,1.85,31.79,2.01,0.92,55.89,37.96,0.21,0.01,8.16,0.52,7.16,0.46,9.32,0.6,4.32,0.26,29.42,1.95,31.63,2.1,0.93,127.0,8.12,1.0,134.84,8.6,9.53,4.14,7.54,4.89,2.11,2.37,3.26,2.89,0.71,0.24,8.66,134.84,8.6,9.53,4.14,7.54,4.89,2.11,2.37,3.26,2.89,0.71,0.24,8.66,134.84,8.6,9.53,4.14,7.54,4.79,1.89,2.68,3.05,3.11,0.71,0.25,8.69,3,6.76,115.0,19.0
Matt Gay,IND,K,1.0,13.63,25.26,1.88,28.53,2.13,0.89,54.37,41.41,0.0,0.0,4.74,0.34,9.74,0.71,7.53,0.61,3.26,0.22,36.84,2.63,38.37,2.72,0.97,123.95,9.11,0.95,126.68,9.31,9.32,2.97,8.98,1.89,2.84,3.84,3.47,1.58,0.62,0.11,8.57,126.68,9.31,9.32,2.97,8.98,1.79,2.37,4.42,3.26,1.79,0.62,0.13,8.59,126.68,9.31,9.32,2.97,8.98,2.11,2.32,3.89,3.74,1.58,0.66,0.11,8.61,3,7.29,123.87,13.0
Harrison Butker,KC,K,1.0,16.0,26.89,1.68,29.79,1.86,0.9,56.63,37.07,0.63,0.04,5.53,0.35,9.95,0.62,5.58,0.35,5.21,0.33,46.89,2.93,50.37,3.15,0.93,139.74,8.73,1.0,143.58,8.98,8.89,3.38,8.29,4.0,3.11,4.11,1.84,2.95,0.56,0.23,8.62,143.58,8.98,8.89,3.38,8.29,3.89,3.0,4.53,1.84,2.74,0.48,0.21,8.55,143.58,8.98,8.89,3.38,8.29,3.89,3.32,4.0,1.84,2.95,0.56,0.23,8.62,3,6.92,117.63,17.0
Tyler Bass,BUF,K,1.0,16.6,28.0,1.69,32.8,1.98,0.86,57.4,31.95,0.4,0.02,12.6,0.75,6.6,0.4,5.6,0.34,2.8,0.17,53.4,3.22,54.2,3.28,0.99,152.6,9.21,1.0,148.6,8.97,8.6,4.37,7.75,4.0,3.4,3.8,2.4,3.0,0.49,0.22,8.32,148.6,8.97,8.6,4.37,7.75,4.0,4.4,3.4,1.8,3.0,0.43,0.22,8.25,148.6,8.97,8.6,4.37,7.75,4.4,4.0,3.4,1.8,3.0,0.43,0.22,8.25,2,6.97,118.52,16.0
Nick Folk,TEN,K,1.0,14.58,28.21,1.94,30.89,2.15,0.9,51.95,36.39,0.21,0.03,7.21,0.52,8.05,0.54,9.53,0.65,3.21,0.2,31.89,2.12,35.21,2.32,0.92,127.89,8.77,0.97,132.47,9.0,8.53,4.38,7.79,5.0,2.37,2.53,1.0,3.68,0.49,0.34,8.08,132.47,9.0,8.53,4.38,7.79,4.79,2.58,2.53,1.0,3.68,0.49,0.34,8.08,132.47,9.0,8.53,4.38,7.79,4.68,2.68,2.53,1.21,3.47,0.49,0.3,8.04,3,7.32,124.49,12.0
Dustin Hopkins,CLE,K,1.0,16.47,28.0,1.7,33.16,2.01,0.84,50.95,34.83,0.47,0.03,6.84,0.41,6.74,0.41,11.95,0.72,2.0,0.12,32.84,1.98,35.58,2.15,0.93,135.05,8.19,1.0,132.79,8.04,8.63,3.89,7.17,5.68,2.05,2.58,4.16,2.0,0.6,0.14,8.0,132.79,8.04,8.63,3.89,7.17,5.68,2.05,2.58,4.16,2.0,0.6,0.14,8.0,132.79,8.04,8.63,3.89,7.17,5.68,2.05,2.58,4.16,2.0,0.6,0.14,8.0,3,6.63,112.71,21.0
Randy Bullock,FA,K,0.0,14.74,24.63,1.68,29.42,2.01,0.84,53.53,35.56,0.0,0.0,5.42,0.36,9.47,0.65,8.11,0.55,1.63,0.12,32.53,2.19,34.47,2.32,0.95,122.74,8.35,1.0,117.79,8.02,8.42,4.17,7.02,5.63,1.26,2.32,4.21,1.32,0.64,0.11,7.86,117.79,8.02,8.42,4.17,7.02,5.63,1.26,2.32,4.21,1.32,0.64,0.11,7.86,117.79,8.02,8.42,4.17,7.02,5.42,1.47,2.32,4.0,1.53,0.64,0.13,7.88,3,4.79,81.49,33.0
Robbie Gould,FA,K,0.0,13.63,20.32,1.5,24.68,1.82,0.83,50.95,35.47,0.0,0.0,5.68,0.43,5.16,0.38,7.42,0.54,2.05,0.15,38.47,2.84,39.79,2.94,0.97,113.84,8.41,1.0,110.95,8.19,7.89,3.41,7.58,4.42,2.37,2.16,2.89,1.79,0.54,0.15,7.86,110.95,8.19,7.89,3.41,7.58,4.42,2.37,2.63,2.0,2.21,0.45,0.2,7.83,110.95,8.19,7.89,3.41,7.58,4.21,2.58,2.63,2.42,1.79,0.45,0.15,7.78,3,5.41,91.92,31.0
Joey Slye,NE,K,1.0,14.11,25.32,1.81,29.95,2.12,0.86,55.79,37.03,0.0,0.0,8.37,0.61,6.58,0.46,5.84,0.42,3.89,0.28,25.47,1.77,29.16,2.04,0.87,119.0,8.39,1.0,113.16,8.06,8.18,4.23,7.03,5.11,1.95,1.74,3.42,1.89,0.62,0.17,7.84,113.16,8.06,8.18,4.23,7.03,5.21,1.84,1.74,3.63,1.68,0.62,0.15,7.81,113.16,8.06,8.18,4.23,7.03,5.63,1.42,1.74,3.63,1.68,0.62,0.15,7.81,3,6.11,103.86,28.0
Rodrigo Blankenship,FA,K,0.0,9.4,19.4,2.12,23.2,2.6,0.82,50.0,37.66,0.0,0.0,5.8,0.61,6.6,0.66,6.6,0.82,0.4,0.02,21.4,1.92,22.8,2.08,0.91,92.4,9.9,0.83,87.0,9.15,9.8,3.56,8.34,1.8,2.2,1.0,2.8,1.6,0.8,0.13,7.73,87.0,9.15,9.8,3.56,8.34,2.2,1.4,1.4,2.8,1.6,0.8,0.13,7.73,87.0,9.15,9.8,3.56,8.34,2.2,1.4,1.4,2.8,1.6,0.8,0.13,7.73,2,4.6,78.25,34.0
Matt Prater,ARI,K,1.0,16.47,26.32,1.59,32.89,1.99,0.8,59.79,34.46,0.0,0.0,8.79,0.53,6.89,0.42,3.95,0.24,6.68,0.41,41.63,2.52,43.74,2.65,0.95,142.42,8.62,1.0,137.89,8.35,7.16,4.76,7.08,5.95,3.42,1.63,1.74,3.74,0.5,0.3,7.51,137.89,8.35,7.16,4.76,7.08,5.95,3.63,1.42,1.74,3.74,0.5,0.3,7.51,137.89,8.35,7.16,4.76,7.08,5.63,3.74,1.63,1.74,3.74,0.5,0.3,7.51,3,7.85,133.41,4.0
Riley Patterson,ATL,K,2.0,7.0,13.0,1.86,14.0,2.0,0.93,49.0,29.29,0.0,0.0,3.0,0.43,6.0,0.86,4.0,0.57,0.0,0.0,16.0,2.29,16.0,2.29,1.0,58.0,8.29,0.84,59.0,8.43,10.0,5.26,6.95,3.0,0.0,0.0,1.0,3.0,1.33,0.75,8.07,59.0,8.43,10.0,5.26,6.95,3.0,0.0,1.0,1.0,2.0,0.75,0.4,7.45,59.0,8.43,10.0,5.26,6.95,3.0,0.0,0.0,1.0,3.0,1.33,0.75,8.07,1,5.71,97.09,30.0
Jason Sanders,MIA,K,1.0,16.47,27.11,1.65,33.32,2.03,0.8,53.21,35.68,0.32,0.02,6.84,0.42,7.21,0.44,8.63,0.52,4.11,0.25,33.58,2.04,34.26,2.08,0.98,134.21,8.16,1.0,133.02,8.11,7.42,4.36,7.03,7.21,1.68,3.16,1.89,2.53,0.52,0.24,7.4,133.02,8.11,7.42,4.36,7.03,7.11,1.79,3.16,1.89,2.53,0.52,0.24,7.4,133.02,8.11,7.42,4.36,7.03,7.0,1.89,2.68,2.37,2.53,0.56,0.24,7.45,3,7.44,126.45,10.0
Zane Gonzalez,WAS,K,1.0,12.84,21.05,1.62,24.74,1.91,0.85,56.05,34.15,0.0,0.0,6.63,0.5,3.63,0.25,8.32,0.67,2.47,0.2,29.58,2.31,30.58,2.4,0.97,104.79,8.12,1.0,106.0,8.24,7.18,4.63,7.04,4.95,2.26,2.0,0.84,2.79,0.39,0.29,7.34,106.0,8.24,7.18,4.63,7.04,4.95,2.26,1.79,1.05,2.79,0.42,0.29,7.37,106.0,8.24,7.18,4.63,7.04,5.16,1.74,2.32,0.84,2.79,0.39,0.29,7.34,3,7.39,125.69,11.0
Brandon McManus,GB,K,1.0,16.16,27.26,1.7,32.58,2.03,0.84,58.37,38.67,0.0,0.0,6.47,0.4,5.79,0.36,8.63,0.54,6.37,0.4,28.47,1.75,30.11,1.86,0.94,127.84,7.94,1.0,131.63,8.18,7.53,4.66,6.97,6.21,2.53,3.16,1.53,2.74,0.38,0.21,7.33,131.63,8.18,7.53,4.66,6.97,6.42,2.32,3.37,0.84,3.21,0.35,0.25,7.35,131.63,8.18,7.53,4.66,6.97,6.53,2.21,3.16,1.53,2.74,0.38,0.21,7.33,3,7.23,122.93,14.0
Michael Badgley,DET,K,1.0,13.11,18.84,1.43,24.21,1.83,0.79,48.84,33.02,0.0,0.0,5.47,0.42,5.16,0.38,7.58,0.59,0.63,0.04,34.32,2.61,35.74,2.71,0.97,108.37,8.19,0.99,99.68,7.58,7.89,3.67,6.91,4.21,2.37,3.68,2.0,0.84,0.29,0.07,7.11,99.68,7.58,7.89,3.67,6.91,4.0,2.58,3.68,2.0,0.84,0.29,0.07,7.11,99.68,7.58,7.89,3.67,6.91,4.0,2.58,3.68,2.0,0.84,0.29,0.07,7.11,3,6.22,105.71,25.0
Greg Joseph,NYJ,K,2.0,12.69,22.85,1.34,26.31,1.55,0.6,38.08,27.41,0.0,0.0,5.54,0.33,7.62,0.45,4.85,0.28,4.85,0.28,27.69,2.39,30.46,2.55,0.93,109.38,7.2,0.86,110.77,7.28,8.15,3.72,6.45,3.69,2.08,2.77,2.08,2.08,0.38,0.15,6.77,110.77,7.28,8.15,3.72,6.45,3.69,2.08,2.08,2.08,2.77,0.48,0.21,6.94,110.77,7.28,8.15,3.72,6.45,3.69,2.08,2.77,2.08,2.08,0.38,0.15,6.77,3,11.36,193.2,1.0
Brett Maher,FA,K,0.0,9.54,17.23,1.86,21.69,2.27,0.82,48.46,33.06,0.0,0.0,5.54,0.56,7.38,0.83,3.08,0.37,1.23,0.1,18.0,1.72,19.38,1.89,0.88,84.46,8.69,0.92,75.23,7.85,7.69,4.79,6.64,4.0,1.23,1.0,1.69,1.62,0.55,0.19,6.88,75.23,7.85,7.69,4.79,6.64,4.31,0.92,1.0,1.69,1.62,0.55,0.19,6.88,75.23,7.85,7.69,4.79,6.64,4.0,1.23,1.0,1.69,1.62,0.55,0.19,6.88,3,3.95,67.09,38.0
Ryan Succop,FA,K,0.0,14.58,20.89,1.28,25.26,1.63,0.71,45.05,24.84,0.32,0.02,8.37,0.5,6.37,0.4,5.53,0.33,0.32,0.02,48.0,3.31,51.21,3.52,0.94,127.0,8.4,0.97,116.84,7.52,7.11,3.76,6.7,5.47,3.42,2.53,0.47,2.68,0.25,0.2,6.83,116.84,7.52,7.11,3.76,6.7,5.47,2.95,3.0,0.47,2.68,0.25,0.2,6.83,116.84,7.52,7.11,3.76,6.7,5.37,3.05,3.0,0.47,2.68,0.25,0.2,6.83,3,6.05,102.77,29.0
Mason Crosby,FA,K,0.0,16.47,21.53,1.3,26.21,1.58,0.86,54.95,31.54,0.53,0.03,5.0,0.3,8.16,0.49,4.95,0.3,2.89,0.18,50.26,3.06,52.68,3.2,0.96,131.32,7.94,1.0,125.58,7.61,6.63,3.97,6.74,7.42,2.16,2.68,1.58,2.63,0.35,0.2,6.83,125.58,7.61,6.63,3.97,6.74,7.74,1.84,2.68,2.0,2.21,0.35,0.17,6.79,125.58,7.61,6.63,3.97,6.74,7.53,2.05,2.68,1.58,2.63,0.35,0.2,6.83,3,4.98,84.59,32.0
Jason Myers,SEA,K,1.0,16.47,20.47,1.25,24.37,1.48,0.84,55.74,30.63,0.0,0.0,2.84,0.17,8.79,0.54,6.37,0.39,2.47,0.15,44.74,2.72,48.26,2.93,0.93,121.37,7.38,1.0,117.47,7.16,7.26,3.52,6.57,7.05,2.84,3.37,2.32,0.89,0.29,0.06,6.7,117.47,7.16,7.26,3.52,6.57,7.26,3.11,2.89,2.53,0.68,0.29,0.04,6.68,117.47,7.16,7.26,3.52,6.57,7.47,2.89,2.42,2.79,0.89,0.32,0.06,6.74,3,6.42,109.12,24.0
Jake Elliott,PHI,K,1.0,16.47,23.26,1.4,27.11,1.64,0.84,55.68,31.42,0.0,0.0,5.11,0.31,8.32,0.5,7.37,0.44,2.47,0.15,35.79,2.16,36.84,2.22,0.96,118.16,7.14,1.0,117.68,7.09,6.95,4.24,6.16,8.63,1.95,2.58,0.89,2.42,0.27,0.18,6.52,117.68,7.09,6.95,4.24,6.16,8.53,2.05,1.89,1.58,2.42,0.35,0.18,6.6,117.68,7.09,6.95,4.24,6.16,8.42,2.16,2.37,1.11,2.42,0.29,0.18,6.54,3,6.91,117.4,18.0
Cairo Santos,CHI,K,1.0,14.16,22.63,1.49,26.21,1.84,0.8,50.79,32.28,0.0,0.0,7.58,0.46,5.74,0.38,8.47,0.57,0.84,0.08,26.68,1.97,27.47,2.02,0.97,106.11,7.55,0.94,104.74,7.15,7.26,4.3,6.23,6.0,2.11,2.21,2.21,1.63,0.36,0.15,6.46,104.74,7.15,7.26,4.3,6.23,6.11,2.0,2.68,1.74,1.63,0.3,0.15,6.41,104.74,7.15,7.26,4.3,6.23,6.32,1.79,2.21,2.21,1.63,0.36,0.15,6.46,3,7.04,119.7,15.0
Dan Bailey,FA,K,0.0,16.0,19.8,1.24,24.8,1.55,0.78,51.8,25.84,0.0,0.0,7.6,0.48,5.4,0.34,4.4,0.27,2.4,0.15,38.2,2.39,43.4,2.71,0.88,117.8,7.36,1.0,106.8,6.67,6.3,3.95,5.89,7.6,3.4,1.4,2.0,1.6,0.32,0.13,6.17,106.8,6.67,6.3,3.95,5.89,7.2,3.2,2.0,2.0,1.6,0.32,0.13,6.17,106.8,6.67,6.3,3.95,5.89,7.2,3.6,1.6,2.0,1.6,0.32,0.13,6.17,3,4.59,78.05,36.0
Ka'imi Fairbairn,HOU,K,1.0,14.58,19.84,1.34,24.05,1.63,0.82,57.32,28.79,0.0,0.0,5.47,0.37,6.89,0.46,3.68,0.24,3.79,0.27,26.26,1.73,29.68,1.96,0.86,101.84,6.87,1.0,97.05,6.53,6.11,4.58,5.59,7.32,1.05,2.0,2.37,1.84,0.43,0.14,6.05,97.05,6.53,6.11,4.58,5.59,6.79,1.89,1.68,2.58,1.63,0.43,0.13,6.03,97.05,6.53,6.11,4.58,5.59,7.32,1.37,1.68,2.37,1.84,0.43,0.14,6.05,3,6.17,104.94,26.0
Stephen Gostkowski,FA,K,0.0,10.6,13.6,1.42,18.8,1.84,0.77,49.4,30.98,0.0,0.0,2.0,0.28,3.6,0.46,3.4,0.3,4.2,0.28,32.0,2.94,34.8,3.42,0.87,91.2,8.94,0.86,83.4,7.76,6.8,5.94,6.21,4.4,2.2,1.2,1.8,1.0,0.35,0.17,5.81,83.4,7.76,6.8,5.94,6.21,4.4,2.2,1.2,1.8,1.0,0.35,0.17,5.81,83.4,7.76,6.8,5.94,6.21,4.0,2.6,1.2,1.8,1.0,0.35,0.17,5.81,3,4.6,78.13,35.0
Eddy Pineiro,CAR,K,1.0,8.38,12.62,1.55,14.15,1.65,0.94,51.62,38.23,0.31,0.02,3.85,0.43,4.15,0.45,3.0,0.47,1.31,0.18,14.54,1.77,15.85,1.94,0.91,58.31,6.88,0.81,58.0,7.24,7.54,2.67,7.22,3.54,2.23,1.38,0.62,0.62,0.1,0.04,5.42,58.0,7.24,7.54,2.67,7.22,3.54,2.23,0.69,1.31,0.62,0.27,0.04,5.58,58.0,7.24,7.54,2.67,7.22,3.85,1.92,1.38,0.62,0.62,0.1,0.04,5.42,3,4.44,75.46,37.0
Sam Ficken,FA,K,0.0,11.4,15.4,1.37,19.8,1.72,0.8,54.0,25.96,0.0,0.0,3.8,0.39,6.4,0.59,3.4,0.25,1.8,0.15,16.4,1.41,19.4,1.69,0.83,78.8,6.85,0.96,69.6,6.08,5.4,5.36,5.0,6.8,0.4,1.0,1.8,1.4,0.37,0.13,5.26,69.6,6.08,5.4,5.36,5.0,6.4,1.4,0.4,1.0,2.2,0.37,0.22,5.35,69.6,6.08,5.4,5.36,5.0,6.4,1.4,0.4,1.8,1.4,0.37,0.13,5.26,3,3.86,65.57,39.0
Graham Gano,NYG,K,1.0,13.32,23.53,1.42,25.74,1.55,0.72,43.42,28.0,0.0,0.0,3.63,0.22,9.79,0.59,5.21,0.31,4.89,0.29,14.68,0.89,15.32,0.93,0.76,92.53,5.58,0.85,100.26,6.05,5.21,4.22,4.98,6.37,2.37,0.95,1.42,2.21,0.3,0.17,5.22,100.26,6.05,5.21,4.22,4.98,6.37,2.37,0.95,1.42,2.21,0.3,0.17,5.22,100.26,6.05,5.21,4.22,4.98,6.05,2.68,0.95,1.42,2.21,0.3,0.17,5.22,3,8.24,140.12,2.0
Matt Ammendola,FA,K,0.0,11.0,13.0,1.18,19.0,1.73,0.68,49.0,26.18,0.0,0.0,5.0,0.45,6.0,0.55,2.0,0.18,0.0,0.0,14.0,1.27,15.0,1.36,0.93,72.0,6.55,1.0,55.0,5.0,6.0,3.19,4.67,7.0,3.0,1.0,0.0,0.0,0.0,0.0,4.92,55.0,5.0,6.0,3.19,4.67,7.0,3.0,1.0,0.0,0.0,0.0,0.0,4.92,55.0,5.0,6.0,3.19,4.67,7.0,3.0,1.0,0.0,0.0,0.0,0.0,4.92,1,3.71,62.99,40.0
Chase McLaughlin,TB,K,1.0,11.16,12.16,1.11,16.37,1.46,0.75,53.95,28.31,0.21,0.02,2.79,0.26,3.05,0.27,3.26,0.29,2.84,0.25,24.11,1.96,24.89,2.06,0.93,74.0,6.44,0.89,69.53,6.07,5.08,4.13,5.34,5.84,1.84,1.16,1.63,0.68,0.35,0.05,4.8,69.53,6.07,5.08,4.13,5.34,5.84,1.63,1.37,1.42,0.89,0.35,0.08,4.83,69.53,6.07,5.08,4.13,5.34,5.84,1.63,1.37,1.63,0.68,0.35,0.05,4.8,3,6.6,112.2,22.0
Austin Seibert,WAS,K,2.0,7.79,11.89,1.5,14.63,1.9,0.79,50.95,32.65,0.0,0.0,1.26,0.08,5.37,0.75,4.58,0.57,0.68,0.09,11.21,1.29,12.58,1.42,0.94,56.47,7.11,0.81,52.84,6.55,5.26,5.35,5.41,3.89,0.84,0.74,1.11,1.21,0.41,0.2,4.72,52.84,6.55,5.26,5.35,5.41,3.89,0.84,0.74,0.89,1.42,0.41,0.22,4.75,52.84,6.55,5.26,5.35,5.41,4.11,0.63,0.74,1.11,1.21,0.41,0.2,4.72,3,7.51,127.59,8.0
Mike Nugent,FA,K,0.0,4.4,6.2,1.45,8.0,1.84,0.78,40.6,26.0,0.0,0.0,1.8,0.39,3.2,0.76,1.2,0.3,0.0,0.0,10.2,2.25,10.6,2.33,0.98,34.6,7.85,0.68,30.0,6.9,7.3,4.69,5.86,1.4,1.0,1.4,0.0,0.6,0.2,0.2,4.41,30.0,6.9,7.3,4.69,5.86,1.4,1.0,1.4,0.0,0.6,0.2,0.2,4.41,30.0,6.9,7.3,4.69,5.86,1.4,1.0,1.4,0.0,0.6,0.2,0.2,4.41,3,0.0,0.0,49.5
Matthew Wright,TEN,K,2.0,9.6,14.2,1.43,16.0,1.56,0.93,52.0,27.35,0.0,0.0,4.6,0.43,4.6,0.43,2.6,0.39,2.4,0.17,10.6,1.49,11.8,1.57,0.92,59.8,6.26,0.82,60.6,6.53,4.7,4.89,5.5,6.2,0.0,0.6,1.6,1.2,0.44,0.1,4.37,60.6,6.53,4.7,4.89,5.5,6.2,0.0,0.6,1.6,1.2,0.44,0.1,4.37,60.6,6.53,4.7,4.89,5.5,6.2,0.0,0.6,1.6,1.2,0.44,0.1,4.37,2,6.66,113.2,20.0
Kai Forbath,LAR,K,1.0,3.2,5.6,1.48,6.2,1.78,0.8,33.8,27.4,0.0,0.0,2.0,0.76,0.4,0.08,2.8,0.56,0.4,0.08,6.8,2.08,7.8,2.46,0.85,26.4,7.8,0.55,27.2,7.24,7.4,3.46,6.09,2.0,0.0,0.0,0.4,0.8,0.6,0.27,4.26,27.2,7.24,7.4,3.46,6.09,2.0,0.0,0.0,0.4,0.8,0.6,0.27,4.26,27.2,7.24,7.4,3.46,6.09,2.0,0.0,0.0,0.4,0.8,0.6,0.27,4.26,3,0.0,0.0,49.5
Brian Johnson,FA,K,0.0,8.0,10.0,1.25,10.0,1.25,1.0,52.0,26.25,0.0,0.0,5.0,0.62,3.0,0.38,1.0,0.12,1.0,0.12,9.0,1.12,13.0,1.62,0.69,43.0,5.38,0.88,42.0,5.25,5.5,4.2,4.58,5.0,1.0,1.0,1.0,0.0,0.14,0.0,4.21,42.0,5.25,5.5,4.2,4.58,5.0,1.0,1.0,1.0,0.0,0.14,0.0,4.21,42.0,5.25,5.5,4.2,4.58,5.0,1.0,1.0,1.0,0.0,0.14,0.0,4.21,1,0.0,0.0,49.5
Aldrick Rosas,FA,K,0.0,7.63,6.0,0.77,9.42,1.27,0.57,47.37,21.44,0.0,0.0,2.21,0.24,1.68,0.17,1.16,0.2,0.95,0.16,16.84,2.26,17.68,2.31,0.98,45.95,6.14,0.8,37.89,5.08,4.58,3.54,4.62,5.68,0.42,1.0,0.21,0.32,0.08,0.06,3.59,37.89,5.08,4.58,3.54,4.62,6.11,0.0,1.0,0.0,0.53,0.08,0.08,3.61,37.89,5.08,4.58,3.54,4.62,5.58,0.53,1.0,0.21,0.32,0.08,0.06,3.59,3,0.0,0.0,49.5
Josh Lambo,FA,K,0.0,6.05,8.53,0.83,10.16,1.31,0.52,30.42,19.43,0.0,0.0,2.53,0.16,2.53,0.28,2.0,0.18,1.47,0.21,8.89,1.67,10.68,2.16,0.79,41.16,6.1,0.68,39.42,4.77,4.63,2.91,4.37,2.89,0.63,1.16,0.53,0.84,0.2,0.07,3.47,39.42,4.77,4.63,2.91,4.37,2.89,0.63,1.16,0.74,0.63,0.2,0.05,3.44,39.42,4.77,4.63,2.91,4.37,2.58,0.95,1.16,0.53,0.84,0.2,0.07,3.47,3,0.0,0.0,49.5
Lirim Hajrullahu,FA,K,0.0,4.0,4.0,1.0,5.0,1.25,0.8,35.0,24.0,0.0,0.0,2.0,0.5,2.0,0.5,0.0,0.0,0.0,0.0,8.0,2.0,8.0,2.0,1.0,23.0,5.75,0.65,20.0,5.0,5.0,0.82,6.57,4.0,0.0,0.0,0.0,0.0,0.0,0.0,3.37,20.0,5.0,5.0,0.82,6.57,4.0,0.0,0.0,0.0,0.0,0.0,0.0,3.37,20.0,5.0,5.0,0.82,6.57,4.0,0.0,0.0,0.0,0.0,0.0,0.0,3.37,1,0.0,0.0,49.5
Cody Parkey,FA,K,0.0,6.05,6.63,0.56,7.58,0.62,0.48,25.26,14.69,0.0,0.0,1.58,0.1,1.26,0.09,3.58,0.32,0.21,0.05,16.05,2.59,18.47,3.67,0.75,41.21,5.54,0.59,39.95,4.68,4.26,2.39,2.84,3.0,0.95,0.32,1.47,0.32,0.23,0.02,2.64,39.95,4.68,4.26,2.39,2.84,3.11,0.84,0.32,1.26,0.53,0.23,0.09,2.7,39.95,4.68,4.26,2.39,2.84,3.11,0.84,0.32,1.47,0.32,0.23,0.02,2.64,3,0.0,0.0,49.5
Chris Blewitt,FA,K,0.0,2.0,2.0,1.0,5.0,2.5,0.4,52.0,48.5,0.0,0.0,0.0,0.0,0.0,0.0,1.0,0.5,1.0,0.5,2.0,1.0,2.0,1.0,1.0,17.0,8.5,0.44,11.0,5.5,5.5,0.71,7.49,2.0,0.0,0.0,0.0,0.0,0.0,0.0,2.67,11.0,5.5,5.5,0.71,7.49,2.0,0.0,0.0,0.0,0.0,0.0,0.0,2.67,11.0,5.5,5.5,0.71,7.49,2.0,0.0,0.0,0.0,0.0,0.0,0.0,2.67,1,0.0,0.0,49.5
Stephen Hauschka,FA,K,0.0,7.0,8.8,0.55,12.4,1.9,0.32,20.4,12.5,0.0,0.0,2.0,0.12,2.8,0.18,3.2,0.2,0.4,0.02,13.2,1.95,14.0,2.0,0.98,51.2,7.7,0.57,42.4,3.78,3.6,1.66,2.25,4.2,0.4,1.2,0.4,0.8,0.09,0.06,2.35,42.4,3.78,3.6,1.66,2.25,3.8,0.8,1.2,0.4,0.8,0.09,0.06,2.35,42.4,3.78,3.6,1.66,2.25,3.4,1.2,1.2,0.4,0.8,0.09,0.06,2.35,3,6.5,110.58,23.0
Tristan Vizcaino,FA,K,0.0,4.0,4.8,1.8,5.4,1.9,0.92,46.4,29.1,0.0,0.0,1.8,0.3,2.0,1.0,1.0,0.5,0.0,0.0,6.8,1.8,9.8,2.3,0.8,26.0,8.0,0.58,22.2,7.7,7.2,2.16,2.63,2.4,0.0,1.2,0.4,0.0,0.4,0.0,1.86,22.2,7.7,7.2,2.16,2.63,2.4,0.6,0.0,1.0,0.0,0.52,0.0,1.98,22.2,7.7,7.2,2.16,2.63,2.4,0.6,0.6,0.4,0.0,0.4,0.0,1.86,2,0.0,0.0,49.5
Ryan Santoso,FA,K,0.0,3.69,2.77,0.69,3.46,0.87,0.55,24.23,14.54,0.0,0.0,2.08,0.52,0.69,0.17,0.0,0.0,0.0,0.0,4.15,1.04,5.54,1.38,0.52,15.92,3.98,0.62,12.46,3.12,3.12,1.44,3.24,3.0,0.69,0.0,0.0,0.0,0.0,0.0,1.9,12.46,3.12,3.12,1.44,3.24,3.0,0.69,0.0,0.0,0.0,0.0,0.0,1.9,12.46,3.12,3.12,1.44,3.24,3.0,0.69,0.0,0.0,0.0,0.0,0.0,1.9,3,0.0,0.0,49.5
Elliott Fry,FA,K,0.0,2.2,2.8,1.2,3.4,1.4,0.88,35.6,25.2,0.0,0.0,0.4,0.4,1.8,0.6,0.6,0.2,0.0,0.0,2.8,1.2,3.8,1.8,0.68,14.0,6.0,0.45,11.8,5.0,4.0,4.0,2.65,1.6,0.0,0.0,0.0,0.6,0.3,0.3,1.74,11.8,5.0,4.0,4.0,2.65,1.6,0.0,0.0,0.0,0.6,0.3,0.3,1.74,11.8,5.0,4.0,4.0,2.65,1.6,0.0,0.0,0.0,0.6,0.3,0.3,1.74,2,0.0,0.0,49.5
Ty Long,FA,K,0.0,15.53,1.47,0.09,1.89,0.12,0.16,10.74,2.28,0.0,0.0,0.0,0.0,0.42,0.03,0.84,0.05,0.21,0.01,1.89,0.12,1.89,0.12,0.21,7.58,0.47,1.0,6.69,0.42,0.0,1.2,0.33,14.89,0.21,0.21,0.0,0.21,0.01,0.01,0.22,6.69,0.42,0.0,1.2,0.33,14.89,0.21,0.21,0.0,0.21,0.01,0.01,0.22,6.69,0.42,0.0,1.2,0.33,14.89,0.21,0.21,0.0,0.21,0.01,0.01,0.22,3,0.0,0.0,49.5
Alex Kessman,FA,K,0.0,1.0,0.0,0.0,0.0,0.0,0.0,0.0,0.0,0.0,0.0,0.0,0.0,0.0,0.0,0.0,0.0,0.0,0.0,0.0,0.0,2.0,2.0,0.0,2.0,2.0,0.28,0.0,0.0,0.0,0.0,0.0,1.0,0.0,0.0,0.0,0.0,0.0,0.0,0.0,0.0,0.0,0.0,0.0,0.0,1.0,0.0,0.0,0.0,0.0,0.0,0.0,0.0,0.0,0.0,0.0,0.0,0.0,1.0,0.0,0.0,0.0,0.0,0.0,0.0,0.0,1,0.0,0.0,49.5
Dominik Eberle,FA,K,0.0,1.0,2.0,2.0,3.0,3.0,0.67,51.0,51.0,0.0,0.0,1.0,1.0,0.0,0.0,0.0,0.0,1.0,1.0,5.0,5.0,5.0,5.0,1.0,14.0,14.0,0.28,13.0,13.0,13.0,0.0,0.0,0.0,0.0,0.0,0.0,1.0,1.0,1.0,0.0,13.0,13.0,13.0,0.0,0.0,0.0,0.0,0.0,0.0,1.0,1.0,1.0,0.0,13.0,13.0,13.0,0.0,0.0,0.0,0.0,0.0,0.0,1.0,1.0,1.0,0.0,1,0.0,0.0,49.5
Cameron Nizialek,FA,K,0.0,4.0,0.0,0.0,0.0,0.0,0.0,0.0,0.0,0.0,0.0,0.0,0.0,0.0,0.0,0.0,0.0,0.0,0.0,0.0,0.0,0.0,0.0,0.0,0.0,0.0,0.65,0.0,0.0,0.0,0.0,0.0,4.0,0.0,0.0,0.0,0.0,0.0,0.0,0.0,0.0,0.0,0.0,0.0,0.0,4.0,0.0,0.0,0.0,0.0,0.0,0.0,0.0,0.0,0.0,0.0,0.0,0.0,4.0,0.0,0.0,0.0,0.0,0.0,0.0,0.0,1,0.0,0.0,49.5
Chris Naggar,FA,K,0.0,1.0,1.0,1.0,1.0,1.0,1.0,37.0,37.0,0.0,0.0,0.0,0.0,1.0,1.0,0.0,0.0,0.0,0.0,1.0,1.0,2.0,2.0,0.5,5.0,5.0,0.28,4.0,4.0,4.0,0.0,0.0,1.0,0.0,0.0,0.0,0.0,0.0,0.0,0.0,4.0,4.0,4.0,0.0,0.0,1.0,0.0,0.0,0.0,0.0,0.0,0.0,0.0,4.0,4.0,4.0,0.0,0.0,1.0,0.0,0.0,0.0,0.0,0.0,0.0,0.0,1,0.0,0.0,49.5
JJ Molson,FA,K,0.0,1.0,0.0,0.0,0.0,0.0,0.0,0.0,0.0,0.0,0.0,0.0,0.0,0.0,0.0,0.0,0.0,0.0,0.0,0.0,0.0,0.0,0.0,0.0,0.0,0.0,0.28,0.0,0.0,0.0,0.0,0.0,1.0,0.0,0.0,0.0,0.0,0.0,0.0,0.0,0.0,0.0,0.0,0.0,0.0,1.0,0.0,0.0,0.0,0.0,0.0,0.0,0.0,0.0,0.0,0.0,0.0,0.0,1.0,0.0,0.0,0.0,0.0,0.0,0.0,0.0,1,0.0,0.0,49.5
Michael Palardy,ARI,K,2.0,16.69,0.0,0.0,0.0,0.0,0.0,0.0,0.0,0.0,0.0,0.0,0.0,0.0,0.0,0.0,0.0,0.0,0.0,0.0,0.0,0.0,0.0,0.0,0.0,0.0,1.0,0.0,0.0,0.0,0.0,0.0,16.69,0.0,0.0,0.0,0.0,0.0,0.0,0.0,0.0,0.0,0.0,0.0,0.0,16.69,0.0,0.0,0.0,0.0,0.0,0.0,0.0,0.0,0.0,0.0,0.0,0.0,16.69,0.0,0.0,0.0,0.0,0.0,0.0,0.0,3,0.0,0.0,49.5
