Player,TEAM,POS,DPCHT,G,rush_ATT,rush_ATT_mean,rush_YDS,rush_YDS_mean,rush_Y/A,rush_FD,rush_FD_mean,rush_LG,rush_LG_mean,rush_20,rush_20_mean,rush_TD,rush_TD_mean,rec_REC,rec_REC_mean,rec_TGT,rec_TGT_mean,rec_YDS,rec_YDS_mean,rec_Y/R,rec_FD,rec_FD_mean,rec_TD,rec_TD_mean,TOU,TOU_mean,OPP,OPP_mean,FD,FD_mean,FL,FL_mean,FL/T,INJCOR,FPTS,FPTS_mean,FPTS_median,FPTS_std,FPTS_adj,FPTS_bad,FPTS_poor,FPTS_okay,FPTS_good,FPTS_great,FPTS_QSRat,FPTS_GSRat,FPTS_Score,HALF,HALF_mean,HALF_median,HALF_std,HALF_adj,HALF_bad,HALF_poor,HALF_okay,HALF_good,HALF_great,HALF_QSRat,HALF_GSRat,HALF_Score,PPR,PPR_mean,PPR_median,PPR_std,PPR_adj,PPR_bad,PPR_poor,PPR_okay,PPR_good,PPR_great,PPR_QSRat,PPR_GSRat,PPR_Score
Christian McCaffrey,SF,RB,1.0,16,287,17.94,1387,86.69,4.83,57.0,3.56,84,26.31,6,0.38,15,0.94,116,7.25,142,8.88,1005,62.81,8.66,58.0,3.62,4,0.25,403,25.19,429,26.81,115.0,7.19,0,0.0,0.0,1.0,355.2,22.2,21.8,9.41,20.47,0,1,1,1,13,7.0,4.33,25.01,413.2,25.82,25.15,9.51,24.07,1,0,0,1,14,15.0,7.0,32.96,471.2,29.45,28.95,9.95,27.94,1,0,0,1,14,15.0,7.0,32.44
Dalvin Cook,DAL,RB,1.0,14,250,17.86,1135,81.07,4.54,60.0,4.29,75,20.43,7,0.5,13,0.93,53,3.79,63,4.5,519,37.07,9.79,26.0,1.86,0,0.0,303,21.64,313,22.36,86.0,6.14,2,0.14,0.01,1.0,239.4,17.1,16.65,7.04,16.96,1,0,1,5,7,6.0,1.0,19.49,265.9,18.99,19.15,7.13,19.03,1,0,1,5,7,6.0,1.0,24.39,292.4,20.89,21.65,7.33,21.39,1,0,2,3,8,3.67,1.33,22.9
Ezekiel Elliott,LAC,RB,1.0,16,301,18.81,1357,84.81,4.51,78.0,4.88,33,16.75,4,0.25,12,0.75,54,3.38,71,4.44,420,26.25,7.78,21.0,1.31,2,0.12,355,22.19,372,23.25,99.0,6.19,2,0.12,0.01,1.0,257.7,16.11,14.5,5.89,16.7,0,1,2,6,7,4.33,0.78,18.05,284.7,17.79,16.65,5.89,18.7,0,1,1,6,8,7.0,1.0,23.56,311.7,19.48,18.2,6.09,20.89,0,1,1,6,8,7.0,1.0,21.96
Derrick Henry,BAL,RB,1.0,15,303,20.2,1540,102.67,5.08,73.0,4.87,74,28.47,9,0.6,16,1.07,18,1.2,24,1.6,206,13.73,11.44,4.0,0.27,2,0.13,321,21.4,327,21.8,77.0,5.13,3,0.2,0.01,1.0,276.6,18.44,16.8,10.08,16.71,1,1,3,2,8,2.0,1.14,18.27,285.6,19.04,17.3,10.14,17.47,1,2,2,2,8,2.0,1.14,21.34,294.6,19.64,17.8,10.22,18.51,2,1,2,3,7,2.0,0.88,19.19
Saquon Barkley,PHI,RB,1.0,13,217,16.69,1003,77.15,4.62,45.0,3.46,68,25.54,8,0.62,6,0.46,52,4.0,73,5.62,438,33.69,8.42,14.0,1.08,2,0.15,269,20.69,290,22.31,59.0,4.54,0,0.0,0.0,1.0,192.1,14.78,13.9,10.27,13.33,2,2,1,3,5,1.6,0.62,15.2,218.1,16.78,15.5,10.39,15.3,2,2,0,4,5,2.25,0.62,19.22,244.1,18.78,17.0,10.57,17.55,0,4,0,4,5,2.25,0.62,18.45
Aaron Jones Sr.,MIN,RB,1.0,16,236,14.75,1084,67.75,4.59,55.0,3.44,56,17.31,5,0.31,16,1.0,49,3.06,68,4.25,474,29.62,9.67,18.0,1.12,3,0.19,285,17.81,304,19.0,73.0,4.56,2,0.12,0.01,1.0,265.8,16.61,14.3,12.02,14.41,5,0,0,4,7,2.2,0.78,15.89,290.3,18.14,15.8,12.67,15.74,5,0,0,5,6,2.2,0.6,19.15,314.8,19.68,17.45,13.41,17.32,4,1,0,5,6,2.2,0.6,18.17
Chris Carson,FA,RB,0.0,15,278,18.53,1230,82.0,4.42,75.0,5.0,59,19.6,8,0.53,7,0.47,37,2.47,47,3.13,266,17.73,7.19,10.0,0.67,2,0.13,315,21.0,325,21.67,85.0,5.67,4,0.27,0.01,1.0,195.6,13.04,14.5,6.63,13.12,1,4,1,3,6,1.5,0.67,15.27,214.1,14.27,15.0,6.71,14.52,1,3,2,3,6,1.5,0.67,18.87,232.6,15.51,15.0,6.88,16.13,2,2,3,3,5,1.14,0.5,16.3
Leonard Fournette,FA,RB,0.0,15,265,17.67,1152,76.8,4.35,55.0,3.67,81,28.4,7,0.47,3,0.2,76,5.07,100,6.67,522,34.8,6.87,23.0,1.53,0,0.0,341,22.73,365,24.33,78.0,5.2,1,0.07,0.0,1.0,183.4,12.23,9.2,6.78,12.24,0,5,4,3,3,0.67,0.25,12.07,221.4,14.76,12.2,6.92,14.9,0,1,5,6,3,1.5,0.25,17.52,259.4,17.29,15.2,7.24,17.77,0,1,5,5,4,1.5,0.36,17.39
Austin Ekeler,WAS,RB,1.0,16,132,8.25,557,34.81,4.22,32.0,2.0,35,12.31,4,0.25,3,0.19,92,5.75,108,6.75,993,62.06,10.79,42.0,2.62,8,0.5,224,14.0,240,15.0,74.0,4.62,2,0.12,0.01,1.0,217.0,13.56,10.05,8.45,12.85,1,2,5,3,5,1.0,0.45,12.2,263.0,16.44,14.05,8.51,15.76,1,0,6,4,5,1.29,0.45,17.47,309.0,19.31,17.3,8.85,18.86,1,1,4,3,7,1.67,0.78,18.21
Todd Gurley II,FA,RB,0.0,15,223,14.87,857,57.13,3.84,51.0,3.4,25,14.87,5,0.33,12,0.8,31,2.07,49,3.27,207,13.8,6.68,8.0,0.53,2,0.13,254,16.93,272,18.13,59.0,3.93,2,0.13,0.01,1.0,188.4,12.56,12.7,5.35,13.34,2,1,3,2,7,1.5,0.88,14.46,203.9,13.59,14.2,5.86,14.3,2,1,4,2,6,1.14,0.67,17.02,219.4,14.63,15.7,6.47,15.45,3,0,4,4,4,1.14,0.36,15.82
Mark Ingram II,FA,RB,0.0,15,202,13.47,1018,67.87,5.04,53.0,3.53,53,20.73,6,0.4,10,0.67,26,1.73,29,1.93,247,16.47,9.5,16.0,1.07,5,0.33,228,15.2,231,15.4,69.0,4.6,2,0.13,0.01,1.0,216.5,14.43,12.4,7.96,13.88,0,3,3,4,5,1.5,0.5,13.96,229.5,15.3,13.4,8.1,14.85,1,3,3,3,5,1.14,0.5,16.82,242.5,16.17,14.4,8.27,16.07,1,4,2,3,5,1.14,0.5,15.41
Alvin Kamara,NO,RB,1.0,14,171,12.21,797,56.93,4.66,32.0,2.29,40,18.21,5,0.36,5,0.36,81,5.79,97,6.93,533,38.07,6.58,28.0,2.0,1,0.07,252,18.0,268,19.14,60.0,4.29,1,0.07,0.0,1.0,167.5,11.96,9.55,7.09,11.84,1,3,4,2,4,0.75,0.4,11.76,208.0,14.86,12.65,7.64,14.63,1,1,5,2,5,1.0,0.56,16.61,248.5,17.75,16.15,8.38,17.58,2,0,2,4,6,2.5,0.75,18.02
Nick Chubb,CLE,RB,1.0,16,298,18.62,1494,93.38,5.01,62.0,3.88,88,28.38,11,0.69,8,0.5,36,2.25,49,3.06,278,17.38,7.72,13.0,0.81,0,0.0,334,20.88,347,21.69,75.0,4.69,3,0.19,0.01,1.0,219.2,13.7,10.8,8.4,13.0,2,0,6,3,5,1.0,0.45,13.23,237.2,14.82,11.65,8.86,14.07,2,1,5,3,5,1.0,0.45,16.34,255.2,15.95,12.9,9.37,15.36,2,2,5,2,5,0.78,0.45,14.84
Josh Jacobs,GB,RB,1.0,13,242,18.62,1150,88.46,4.75,53.0,4.08,51,23.0,8,0.62,7,0.54,20,1.54,27,2.08,166,12.77,8.3,8.0,0.62,0,0.0,262,20.15,269,20.69,61.0,4.69,1,0.08,0.0,1.0,171.6,13.2,10.8,7.26,12.99,2,0,5,2,4,0.86,0.44,13.01,181.6,13.97,11.9,7.4,13.86,2,0,6,1,4,0.62,0.44,15.95,191.6,14.74,12.9,7.6,14.96,2,2,4,1,4,0.62,0.44,14.44
Joe Mixon,HOU,RB,1.0,16,278,17.38,1137,71.06,4.09,56.0,3.5,41,15.94,6,0.38,5,0.31,35,2.19,45,2.81,287,17.94,8.2,14.0,0.88,3,0.19,313,19.56,323,20.19,70.0,4.38,0,0.0,0.0,1.0,190.4,11.9,11.95,7.69,11.54,3,3,1,5,4,1.29,0.33,13.02,207.9,12.99,13.2,7.69,12.77,3,4,1,6,2,1.0,0.14,15.79,225.4,14.09,14.45,7.74,14.23,3,3,2,6,2,1.0,0.14,14.68
Marlon Mack,FA,RB,0.0,14,247,17.64,1091,77.93,4.42,67.0,4.79,63,21.71,9,0.64,8,0.57,14,1.0,17,1.21,82,5.86,5.86,2.0,0.14,0,0.0,261,18.64,264,18.86,69.0,4.93,0,0.0,0.0,1.0,167.3,11.95,12.3,6.65,12.02,2,2,3,3,4,1.0,0.4,13.1,174.3,12.45,12.65,6.62,12.7,2,3,2,5,2,1.0,0.17,15.71,181.3,12.95,12.9,6.65,13.59,2,5,0,5,2,1.0,0.17,13.7
Le'Veon Bell,FA,RB,0.0,15,245,16.33,789,52.6,3.22,36.0,2.4,19,10.8,0,0.0,3,0.2,66,4.4,78,5.2,461,30.73,6.98,20.0,1.33,1,0.07,311,20.73,323,21.53,56.0,3.73,1,0.07,0.0,1.0,149.0,9.93,9.3,3.54,11.7,1,2,6,5,1,0.67,0.07,11.39,182.0,12.13,11.8,4.0,14.05,1,3,4,6,1,0.88,0.07,15.37,215.0,14.33,13.3,4.76,16.35,1,1,6,4,3,0.88,0.25,15.24
Melvin Gordon III,FA,RB,0.0,12,162,13.5,612,51.0,3.78,39.0,3.25,24,14.42,2,0.17,8,0.67,42,3.5,55,4.58,296,24.67,7.05,11.0,0.92,1,0.08,204,17.0,217,18.08,50.0,4.17,3,0.25,0.01,1.0,138.8,11.57,10.2,6.68,11.62,3,1,2,2,4,1.0,0.5,12.12,159.8,13.32,11.25,6.77,13.51,3,1,3,1,4,0.71,0.5,15.16,180.8,15.07,12.5,6.97,15.62,0,4,3,0,5,0.71,0.71,14.61
James Conner,ARI,RB,1.0,10,116,11.6,464,46.4,4.0,26.0,2.6,25,13.8,2,0.2,4,0.4,34,3.4,38,3.8,251,25.1,7.38,14.0,1.4,3,0.3,150,15.0,154,15.4,40.0,4.0,1,0.1,0.01,0.96,111.5,11.15,10.8,7.79,10.78,3,1,1,2,3,1.0,0.43,11.28,128.5,12.85,11.75,8.69,12.25,3,1,1,2,3,1.0,0.43,14.21,145.5,14.55,12.5,9.69,13.9,2,1,2,2,3,1.0,0.43,13.14
Devin Singletary,NYG,RB,1.0,12,151,12.58,775,64.58,5.13,37.0,3.08,38,18.25,7,0.58,2,0.17,29,2.42,41,3.42,194,16.17,6.69,5.0,0.42,2,0.17,180,15.0,192,16.0,42.0,3.5,1,0.08,0.01,1.0,118.9,9.91,10.35,4.93,10.74,3,1,2,4,2,1.0,0.2,11.3,133.4,11.12,11.8,5.35,11.97,2,3,2,3,2,0.71,0.2,13.9,147.9,12.32,12.05,5.9,13.33,2,3,2,3,2,0.71,0.2,12.79
Devonta Freeman,FA,RB,0.0,14,184,13.14,656,46.86,3.57,31.0,2.21,28,12.71,3,0.21,2,0.14,59,4.21,70,5.0,410,29.29,6.95,17.0,1.21,4,0.29,243,17.36,254,18.14,48.0,3.43,2,0.14,0.01,1.0,138.6,9.9,7.75,7.15,9.78,3,4,3,2,2,0.4,0.17,9.53,168.1,12.01,9.7,7.78,11.77,3,4,1,3,3,0.75,0.27,13.27,197.6,14.11,11.45,8.53,13.92,2,4,2,3,3,0.75,0.27,13.12
Kenyan Drake,FA,RB,0.0,14,170,12.14,817,58.36,4.81,48.0,3.43,80,18.93,4,0.29,8,0.57,50,3.57,68,4.86,345,24.64,6.9,15.0,1.07,0,0.0,220,15.71,238,17.0,63.0,4.5,1,0.07,0.0,1.0,164.2,11.73,6.85,11.17,10.36,4,5,1,1,3,0.4,0.27,9.42,189.2,13.51,8.5,10.9,12.18,2,6,2,1,3,0.4,0.27,13.05,214.2,15.3,10.2,10.67,14.26,2,5,2,2,3,0.56,0.27,12.47
Miles Sanders,CAR,RB,1.0,16,179,11.19,818,51.12,4.57,30.0,1.88,65,20.06,5,0.31,3,0.19,50,3.12,63,3.94,509,31.81,10.18,19.0,1.19,3,0.19,229,14.31,242,15.12,49.0,3.06,1,0.06,0.0,1.0,168.7,10.54,7.25,7.73,10.21,5,4,2,1,4,0.45,0.33,9.45,193.7,12.11,8.85,8.24,11.7,4,4,3,1,4,0.45,0.33,12.22,218.7,13.67,10.65,8.78,13.38,5,1,5,1,4,0.45,0.33,12.08
Phillip Lindsay,FA,RB,0.0,16,224,14.0,1011,63.19,4.51,38.0,2.38,40,17.19,7,0.44,7,0.44,35,2.19,48,3.0,196,12.25,5.6,9.0,0.56,0,0.0,259,16.19,272,17.0,47.0,2.94,0,0.0,0.0,1.0,162.7,10.17,7.15,6.49,10.29,2,6,2,3,3,0.6,0.23,9.65,180.2,11.26,8.6,6.81,11.41,3,6,1,3,3,0.6,0.23,12.15,197.7,12.36,10.6,7.2,12.71,4,3,3,3,3,0.6,0.23,12.0
Carlos Hyde,FA,RB,0.0,16,245,15.31,1070,66.88,4.37,55.0,3.44,58,19.5,8,0.5,6,0.38,10,0.62,16,1.0,42,2.62,4.2,2.0,0.12,0,0.0,255,15.94,261,16.31,57.0,3.56,2,0.12,0.01,1.0,143.2,8.95,8.4,4.59,9.87,3,2,6,3,2,0.45,0.14,9.67,148.2,9.26,8.9,4.55,10.38,3,5,3,4,1,0.45,0.07,11.76,153.2,9.57,9.65,4.57,11.04,4,5,4,3,0,0.23,0.0,10.21
Damien Williams,FA,RB,0.0,11,111,10.09,498,45.27,4.49,22.0,2.0,91,21.91,2,0.18,5,0.45,30,2.73,37,3.36,213,19.36,7.1,10.0,0.91,2,0.18,141,12.82,148,13.45,32.0,2.91,1,0.09,0.01,1.0,111.1,10.1,8.9,8.01,9.7,3,1,3,2,2,0.57,0.22,9.73,126.1,11.46,9.0,8.35,11.04,3,2,2,2,2,0.57,0.22,11.76,141.1,12.83,9.0,8.77,12.56,3,3,0,3,2,0.83,0.22,11.13
Kerryon Johnson,FA,RB,0.0,8,113,14.12,403,50.38,3.57,22.0,2.75,20,10.62,1,0.12,3,0.38,10,1.25,15,1.88,127,15.88,12.7,7.0,0.88,1,0.12,123,15.38,128,16.0,29.0,3.62,1,0.12,0.01,0.88,75.0,9.38,10.8,4.57,10.36,2,1,1,4,0,1.0,0.0,9.78,80.0,10.0,11.05,4.81,11.05,2,1,2,3,0,0.6,0.0,11.65,85.0,10.62,11.3,5.08,11.93,2,1,2,3,0,0.6,0.0,10.23
David Montgomery,DET,RB,1.0,16,242,15.12,889,55.56,3.67,50.0,3.12,55,14.44,3,0.19,6,0.38,25,1.56,35,2.19,185,11.56,7.4,7.0,0.44,1,0.06,267,16.69,277,17.31,57.0,3.56,2,0.12,0.01,1.0,145.4,9.09,6.65,6.15,9.32,5,4,2,2,3,0.45,0.23,8.96,157.9,9.87,7.4,6.37,10.17,6,3,2,2,3,0.45,0.23,11.38,170.4,10.65,8.3,6.64,11.18,8,1,2,3,2,0.45,0.14,10.26
James White,FA,RB,0.0,15,67,4.47,263,17.53,3.93,15.0,1.0,32,8.27,1,0.07,1,0.07,72,4.8,95,6.33,645,43.0,8.96,31.0,2.07,5,0.33,139,9.27,162,10.8,46.0,3.07,1,0.07,0.01,1.0,128.2,8.55,7.4,6.79,8.55,3,4,5,2,1,0.25,0.07,7.88,164.2,10.95,9.9,7.16,10.95,2,1,9,2,1,0.25,0.07,11.38,200.2,13.35,12.9,7.69,13.5,2,1,7,4,1,0.5,0.07,12.33
Sony Michel,FA,RB,0.0,16,247,15.44,912,57.0,3.69,55.0,3.44,26,13.75,3,0.19,7,0.44,12,0.75,20,1.25,94,5.88,7.83,7.0,0.44,0,0.0,259,16.19,267,16.69,62.0,3.88,1,0.06,0.0,1.0,140.6,8.79,7.95,5.73,9.17,5,3,3,3,2,0.45,0.14,9.25,146.6,9.16,7.95,5.9,9.62,6,3,2,3,2,0.45,0.14,11.37,152.6,9.54,7.95,6.1,10.22,7,2,5,0,2,0.14,0.14,9.32
Ronald Jones II,FA,RB,0.0,16,172,10.75,724,45.25,4.21,34.0,2.12,49,16.44,6,0.38,6,0.38,31,1.94,40,2.5,309,19.31,9.97,12.0,0.75,0,0.0,203,12.69,212,13.25,46.0,2.88,2,0.12,0.01,1.0,135.3,8.46,8.15,5.25,9.02,5,3,2,5,1,0.6,0.07,8.96,150.8,9.43,8.85,5.79,9.95,5,3,2,4,2,0.6,0.14,11.15,166.3,10.39,10.1,6.44,11.0,6,2,3,3,2,0.45,0.14,10.5
Jordan Howard,FA,RB,0.0,10,119,11.9,525,52.5,4.41,28.0,2.8,20,13.2,1,0.1,6,0.6,10,1.0,14,1.4,69,6.9,6.9,3.0,0.3,1,0.1,129,12.9,133,13.3,31.0,3.1,0,0.0,0.0,0.96,101.4,10.14,7.65,8.66,9.55,3,2,1,2,2,0.67,0.25,8.94,106.4,10.64,8.15,8.94,10.07,3,2,1,2,2,0.67,0.25,10.89,111.4,11.14,8.65,9.25,10.76,3,3,1,2,1,0.43,0.11,9.42
Adrian Peterson,FA,RB,0.0,16,211,13.19,898,56.12,4.26,41.0,2.56,32,15.19,6,0.38,5,0.31,17,1.06,23,1.44,142,8.88,8.35,7.0,0.44,0,0.0,228,14.25,234,14.62,48.0,3.0,2,0.12,0.01,1.0,130.0,8.12,7.65,5.25,8.67,6,2,2,5,1,0.6,0.07,8.76,138.5,8.66,8.25,5.45,9.27,8,0,2,6,0,0.6,0.0,10.65,147.0,9.19,9.0,5.7,10.02,8,0,2,6,0,0.6,0.0,9.75
David Johnson,FA,RB,0.0,13,94,7.23,345,26.54,3.67,20.0,1.54,18,9.0,0,0.0,2,0.15,36,2.77,47,3.62,370,28.46,10.28,17.0,1.31,4,0.31,130,10.0,141,10.85,37.0,2.85,1,0.08,0.01,1.0,105.5,8.12,7.4,8.2,7.74,6,1,0,4,2,0.86,0.18,8.28,123.5,9.5,7.9,9.39,8.88,6,1,0,3,3,0.86,0.3,10.49,141.5,10.88,8.4,10.62,10.16,6,1,1,2,3,0.62,0.3,9.59
Kareem Hunt,KC,RB,1.0,9,43,4.78,179,19.89,4.16,8.0,0.89,16,7.22,0,0.0,2,0.22,37,4.11,44,4.89,285,31.67,7.7,17.0,1.89,1,0.11,80,8.89,87,9.67,25.0,2.78,0,0.0,0.0,0.93,64.4,7.16,7.4,4.29,8.03,3,1,3,2,0,0.29,0.0,6.95,82.9,9.21,10.9,4.75,10.21,3,0,4,2,0,0.29,0.0,10.45,101.4,11.27,12.6,5.49,12.4,2,1,2,4,0,0.8,0.0,10.95
Raheem Mostert,MIA,RB,1.0,16,137,8.56,772,48.25,5.64,31.0,1.94,41,15.19,3,0.19,8,0.5,14,0.88,22,1.38,180,11.25,12.86,6.0,0.38,2,0.12,151,9.44,159,9.94,37.0,2.31,2,0.12,0.01,1.0,151.2,9.45,7.9,8.11,9.04,7,1,1,3,4,0.78,0.33,9.02,158.2,9.89,8.15,8.42,9.5,8,0,2,2,4,0.6,0.33,10.3,165.2,10.32,8.4,8.75,10.12,8,0,3,1,4,0.45,0.33,9.36
Jamaal Williams,NO,RB,2.0,14,107,7.64,456,32.57,4.26,23.0,1.64,45,10.86,1,0.07,1,0.07,39,2.79,45,3.21,253,18.07,6.49,16.0,1.14,5,0.36,146,10.43,152,10.86,39.0,2.79,0,0.0,0.0,1.0,106.9,7.64,7.35,5.38,8.1,5,2,4,2,1,0.27,0.08,7.72,126.4,9.03,8.95,5.99,9.45,6,1,4,2,1,0.27,0.08,10.29,145.9,10.42,10.45,6.7,10.91,6,1,3,3,1,0.4,0.08,10.22
Duke Johnson Jr.,FA,RB,0.0,16,83,5.19,410,25.62,4.94,17.0,1.06,40,13.81,3,0.19,2,0.12,44,2.75,62,3.88,410,25.62,9.32,18.0,1.12,3,0.19,127,7.94,145,9.06,35.0,2.19,1,0.06,0.01,1.0,110.0,6.88,6.15,4.55,7.6,7,2,3,4,0,0.33,0.0,6.82,132.0,8.25,7.35,5.18,8.95,6,4,2,3,1,0.33,0.07,9.03,154.0,9.62,8.75,5.87,10.42,6,3,4,1,2,0.23,0.14,9.07
Tevin Coleman,FA,RB,0.0,14,137,9.79,544,38.86,3.97,26.0,1.86,48,14.57,4,0.29,6,0.43,21,1.5,30,2.14,180,12.86,8.57,9.0,0.64,1,0.07,158,11.29,167,11.93,35.0,2.5,0,0.0,0.0,1.0,114.4,8.17,5.85,9.04,7.61,6,4,0,2,2,0.4,0.17,7.28,124.9,8.92,6.85,9.18,8.39,6,3,2,2,1,0.27,0.08,8.99,135.4,9.67,7.85,9.35,9.32,6,3,2,2,1,0.27,0.08,8.52
Tarik Cohen,FA,RB,0.0,16,64,4.0,213,13.31,3.33,15.0,0.94,19,7.44,0,0.0,0,0.0,79,4.94,104,6.5,456,28.5,5.77,18.0,1.12,3,0.19,143,8.94,168,10.5,33.0,2.06,0,0.0,0.0,1.0,84.9,5.31,4.75,3.18,6.42,10,2,3,1,0,0.07,0.0,5.61,124.4,7.78,7.65,3.62,9.23,7,3,5,1,0,0.07,0.0,8.93,163.9,10.24,10.35,4.4,11.92,4,4,4,4,0,0.33,0.0,10.37
Royce Freeman,LAR,RB,1.0,16,132,8.25,496,31.0,3.76,22.0,1.38,26,10.19,1,0.06,3,0.19,43,2.69,50,3.12,256,16.0,5.95,10.0,0.62,1,0.06,175,10.94,182,11.38,32.0,2.0,0,0.0,0.0,1.0,99.2,6.2,6.4,3.66,7.24,7,3,5,1,0,0.07,0.0,6.69,120.7,7.54,7.35,3.93,8.77,6,3,5,2,0,0.14,0.0,8.78,142.2,8.89,8.85,4.33,10.38,7,2,5,2,0,0.14,0.0,9.02
LeSean McCoy,FA,RB,0.0,13,101,7.77,465,35.77,4.6,24.0,1.85,39,14.85,4,0.31,4,0.31,28,2.15,34,2.62,181,13.92,6.46,5.0,0.38,1,0.08,129,9.92,135,10.38,29.0,2.23,2,0.15,0.02,1.0,90.6,6.97,4.4,5.9,7.22,7,0,3,2,1,0.3,0.08,6.18,104.6,8.05,6.3,6.15,8.36,7,1,2,2,1,0.3,0.08,8.51,118.6,9.12,8.3,6.45,9.65,6,2,2,2,1,0.3,0.08,8.71
Latavius Murray,FA,RB,0.0,16,146,9.12,637,39.81,4.36,38.0,2.38,30,12.62,3,0.19,5,0.31,34,2.12,43,2.69,235,14.69,6.91,9.0,0.56,1,0.06,180,11.25,189,11.81,47.0,2.94,0,0.0,0.0,1.0,123.2,7.7,4.15,8.52,7.28,9,0,4,1,2,0.23,0.14,6.25,140.2,8.76,5.15,9.44,8.18,9,1,3,1,2,0.23,0.14,8.48,157.2,9.82,6.15,10.4,9.22,9,1,4,0,2,0.14,0.14,7.71
Chris Thompson,FA,RB,0.0,11,37,3.36,138,12.55,3.73,9.0,0.82,16,7.18,0,0.0,0,0.0,42,3.82,58,5.27,378,34.36,9.0,16.0,1.45,0,0.0,79,7.18,95,8.64,25.0,2.27,0,0.0,0.0,1.0,51.6,4.69,4.3,2.79,5.86,7,2,2,0,0,0.0,0.0,4.93,72.6,6.6,7.2,3.5,7.9,5,4,1,1,0,0.1,0.0,8.18,93.6,8.51,9.2,4.36,9.92,4,4,1,2,0,0.22,0.0,8.8
Chris Thompson,FA,RB,0.0,11,37,3.36,138,12.55,3.73,7.0,0.64,16,7.18,0,0.0,0,0.0,42,3.82,58,5.27,378,34.36,9.0,16.0,1.45,0,0.0,79,7.18,95,8.64,23.0,2.09,0,0.0,0.0,1.0,51.6,4.69,4.3,2.79,5.86,7,2,2,0,0,0.0,0.0,4.93,72.6,6.6,7.2,3.5,7.9,5,4,1,1,0,0.1,0.0,8.09,93.6,8.51,9.2,4.36,9.92,4,4,1,2,0,0.22,0.0,8.8
Matt Breida,FA,RB,0.0,13,123,9.46,623,47.92,5.07,23.0,1.77,83,20.08,4,0.31,1,0.08,19,1.46,22,1.69,120,9.23,6.32,6.0,0.46,1,0.08,142,10.92,145,11.15,29.0,2.23,1,0.08,0.01,1.0,84.3,6.48,5.0,6.73,6.5,7,2,2,1,1,0.18,0.08,6.07,93.8,7.22,5.5,7.03,7.25,8,1,2,1,1,0.18,0.08,7.69,103.3,7.95,6.0,7.36,8.13,8,0,3,1,1,0.18,0.08,7.12
Bo Scarbrough,FA,RB,0.0,6,89,14.83,377,62.83,4.24,15.0,2.5,30,18.0,2,0.33,1,0.17,1,0.17,4,0.67,5,0.83,5.0,0.0,0.0,0,0.0,90,15.0,93,15.5,15.0,2.5,1,0.17,0.01,0.78,42.2,7.03,7.4,2.95,8.67,2,1,2,1,0,0.2,0.0,6.45,42.7,7.12,7.65,2.95,8.89,2,3,1,0,0,0.0,0.0,7.64,43.2,7.2,7.9,2.97,9.24,2,3,1,0,0,0.0,0.0,6.58
Peyton Barber,FA,RB,0.0,16,154,9.62,470,29.38,3.05,23.0,1.44,17,8.56,0,0.0,6,0.38,16,1.0,24,1.5,115,7.19,7.19,4.0,0.25,1,0.06,170,10.62,178,11.12,27.0,1.69,1,0.06,0.01,1.0,100.5,6.28,4.9,5.0,6.78,8,3,3,1,1,0.14,0.07,6.07,108.5,6.78,5.9,5.0,7.42,9,3,2,1,1,0.14,0.07,7.57,116.5,7.28,6.9,5.04,8.19,9,4,1,2,0,0.14,0.0,7.34
Rex Burkhead,FA,RB,0.0,13,65,5.0,302,23.23,4.65,18.0,1.38,33,9.08,1,0.08,3,0.23,27,2.08,38,2.92,279,21.46,10.33,10.0,0.77,0,0.0,92,7.08,103,7.92,28.0,2.15,1,0.08,0.01,1.0,74.1,5.7,4.8,4.7,6.25,7,2,1,3,0,0.3,0.0,5.59,87.6,6.74,5.8,5.46,7.22,8,1,1,3,0,0.3,0.0,7.45,101.1,7.78,6.4,6.26,8.28,8,1,0,3,1,0.44,0.08,7.31
Nyheim Hines,CLE,RB,2.0,16,52,3.25,199,12.44,3.83,16.0,1.0,18,7.25,0,0.0,2,0.12,44,2.75,58,3.62,320,20.0,7.27,15.0,0.94,0,0.0,96,6.0,110,6.88,31.0,1.94,1,0.06,0.01,1.0,73.9,4.62,4.45,3.49,5.46,11,2,2,1,0,0.07,0.0,4.74,95.9,5.99,6.25,3.46,7.2,8,5,2,1,0,0.07,0.0,7.13,117.9,7.37,7.85,3.57,9.03,7,5,3,1,0,0.07,0.0,7.53
Boston Scott,FA,RB,0.0,11,61,5.55,245,22.27,4.02,17.0,1.55,25,8.82,1,0.09,5,0.45,24,2.18,26,2.36,204,18.55,8.5,10.0,0.91,0,0.0,85,7.73,87,7.91,27.0,2.45,1,0.09,0.01,1.0,72.9,6.63,3.0,9.89,6.04,8,1,0,0,2,0.22,0.22,4.98,84.9,7.72,4.2,10.68,6.99,8,0,1,0,2,0.22,0.22,7.07,96.9,8.81,4.6,11.6,8.04,7,1,1,0,2,0.22,0.22,6.43
Derrius Guice,FA,RB,0.0,5,42,8.4,245,49.0,5.83,9.0,1.8,60,21.6,3,0.6,2,0.4,7,1.4,9,1.8,79,15.8,11.29,2.0,0.4,1,0.2,49,9.8,51,10.2,11.0,2.2,0,0.0,0.0,0.72,50.4,10.08,4.2,9.56,9.26,3,0,0,1,1,0.67,0.25,5.38,53.9,10.78,5.3,9.69,10.0,3,0,0,1,1,0.67,0.25,7.01,57.4,11.48,6.8,9.85,10.92,3,0,0,1,1,0.67,0.25,6.61
DeAndre Washington,FA,RB,0.0,16,108,6.75,387,24.19,3.58,23.0,1.44,36,8.5,1,0.06,3,0.19,36,2.25,41,2.56,292,18.25,8.11,10.0,0.62,0,0.0,144,9.0,149,9.31,33.0,2.06,0,0.0,0.0,1.0,85.9,5.37,2.75,5.28,5.72,12,0,1,2,1,0.23,0.07,4.71,103.9,6.49,3.45,6.06,6.77,11,1,1,0,3,0.23,0.23,6.65,121.9,7.62,4.4,6.92,7.92,11,1,1,1,2,0.23,0.14,6.35
Jaylen Samuels,FA,RB,0.0,14,66,4.71,175,12.5,2.65,9.0,0.64,13,5.86,0,0.0,1,0.07,47,3.36,57,4.07,305,21.79,6.49,19.0,1.36,1,0.07,113,8.07,123,8.79,28.0,2.0,1,0.07,0.01,1.0,58.4,4.17,3.3,4.31,4.68,10,2,1,1,0,0.08,0.0,4.18,81.9,5.85,4.55,5.58,6.23,10,1,0,2,1,0.27,0.08,6.65,105.4,7.53,5.8,7.05,7.79,10,1,0,1,2,0.27,0.17,6.88
Gus Edwards,LAC,RB,2.0,16,133,8.31,711,44.44,5.35,46.0,2.88,63,16.94,5,0.31,2,0.12,7,0.44,7,0.44,45,2.81,6.43,2.0,0.12,0,0.0,140,8.75,140,8.75,48.0,3.0,1,0.06,0.01,1.0,85.6,5.35,3.55,4.22,6.03,9,4,1,1,1,0.14,0.07,4.99,89.1,5.57,3.8,4.26,6.35,11,3,1,0,1,0.07,0.07,6.62,92.6,5.79,4.05,4.31,6.77,11,3,1,1,0,0.07,0.0,5.3
Rashaad Penny,FA,RB,0.0,10,65,6.5,370,37.0,5.69,16.0,1.6,58,14.6,4,0.4,3,0.3,8,0.8,11,1.1,83,8.3,10.38,3.0,0.3,1,0.1,73,7.3,76,7.6,19.0,1.9,1,0.1,0.01,0.96,67.3,6.73,3.35,8.44,6.38,6,1,0,1,2,0.43,0.25,5.3,71.3,7.13,3.8,8.85,6.77,7,0,0,1,2,0.43,0.25,6.57,75.3,7.53,4.05,9.3,7.27,7,0,0,1,2,0.43,0.25,5.91
Frank Gore,FA,RB,0.0,16,166,10.38,599,37.44,3.61,30.0,1.88,41,12.38,4,0.25,2,0.12,13,0.81,16,1.0,100,6.25,7.69,5.0,0.31,0,0.0,179,11.19,182,11.38,35.0,2.19,0,0.0,0.0,1.0,81.9,5.12,3.8,4.67,5.62,10,3,0,3,0,0.23,0.0,5.21,88.4,5.52,4.2,4.92,6.07,10,3,1,2,0,0.14,0.0,6.53,94.9,5.93,4.5,5.22,6.61,11,2,1,2,0,0.14,0.0,5.78
Brian Hill,FA,RB,0.0,12,78,6.5,323,26.92,4.14,19.0,1.58,27,11.42,2,0.17,2,0.17,10,0.83,14,1.17,69,5.75,6.9,4.0,0.33,1,0.08,88,7.33,92,7.67,23.0,1.92,0,0.0,0.0,1.0,57.2,4.77,3.2,4.46,5.3,8,1,1,2,0,0.2,0.0,4.43,62.2,5.18,4.25,4.44,5.85,8,1,1,2,0,0.2,0.0,6.03,67.2,5.6,5.25,4.49,6.48,9,1,1,1,0,0.09,0.0,5.59
Alexander Mattison,LV,RB,1.0,13,100,7.69,462,35.54,4.62,19.0,1.46,35,15.46,4,0.31,1,0.08,10,0.77,12,0.92,82,6.31,8.2,3.0,0.23,0,0.0,110,8.46,112,8.62,22.0,1.69,1,0.08,0.01,1.0,58.4,4.49,4.9,3.2,5.43,8,4,0,1,0,0.08,0.0,5.11,63.4,4.88,4.9,3.46,5.85,9,2,2,0,0,0.0,0.0,6.01,68.4,5.26,4.9,3.81,6.35,9,2,2,0,0,0.0,0.0,5.36
Mark Walton,FA,RB,0.0,7,53,7.57,201,28.71,3.79,11.0,1.57,19,10.57,0,0.0,0,0.0,15,2.14,21,3.0,89,12.71,5.93,3.0,0.43,0,0.0,68,9.71,74,10.57,14.0,2.0,1,0.14,0.01,0.84,27.0,3.86,3.4,2.34,5.03,5,1,1,0,0,0.0,0.0,3.71,34.5,4.93,4.9,3.02,6.12,6,0,1,0,0,0.0,0.0,5.57,42.0,6.0,6.4,3.76,7.26,6,0,1,0,0,0.0,0.0,5.46
Tony Pollard,TEN,RB,1.0,15,86,5.73,455,30.33,5.29,21.0,1.4,44,10.47,4,0.27,2,0.13,15,1.0,20,1.33,107,7.13,7.13,4.0,0.27,1,0.07,101,6.73,106,7.07,25.0,1.67,1,0.07,0.01,1.0,74.2,4.95,2.5,6.93,4.92,11,1,0,1,2,0.25,0.15,4.2,81.7,5.45,2.8,7.45,5.4,11,1,0,1,2,0.25,0.15,5.35,89.2,5.95,2.8,7.99,5.96,11,1,0,1,2,0.25,0.15,4.74
Jalen Richard,FA,RB,0.0,16,39,2.44,145,9.06,3.72,10.0,0.62,13,6.19,0,0.0,0,0.0,36,2.25,43,2.69,323,20.19,8.97,15.0,0.94,0,0.0,75,4.69,82,5.12,25.0,1.56,0,0.0,0.0,1.0,46.8,2.92,2.9,2.04,3.95,14,2,0,0,0,0.0,0.0,3.25,64.8,4.05,4.3,2.57,5.24,13,3,0,0,0,0.0,0.0,5.11,82.8,5.18,5.4,3.18,6.53,12,3,1,0,0,0.0,0.0,5.28
Chase Edmonds,TB,RB,1.0,13,60,4.62,303,23.31,5.05,12.0,0.92,37,8.54,4,0.31,4,0.31,12,0.92,21,1.62,105,8.08,8.75,5.0,0.38,1,0.08,72,5.54,81,6.23,17.0,1.31,0,0.0,0.0,1.0,70.8,5.45,1.3,9.59,5.0,10,0,0,2,1,0.3,0.08,3.64,76.8,5.91,2.3,9.94,5.45,10,0,0,2,1,0.3,0.08,4.87,82.8,6.37,3.3,10.31,5.99,10,0,0,2,1,0.3,0.08,4.83
Darrel Williams,FA,RB,0.0,12,41,3.42,141,11.75,3.44,12.0,1.0,41,7.08,1,0.08,3,0.25,15,1.25,20,1.67,167,13.92,11.13,11.0,0.92,1,0.08,56,4.67,61,5.08,23.0,1.92,1,0.08,0.02,1.0,52.8,4.4,1.25,5.43,4.66,7,1,2,1,1,0.2,0.09,3.26,60.3,5.02,1.8,6.05,5.25,8,1,1,2,0,0.2,0.0,4.55,67.8,5.65,2.55,6.7,5.92,8,1,1,2,0,0.2,0.0,4.16
Ito Smith,FA,RB,0.0,7,22,3.14,106,15.14,4.82,10.0,1.43,28,10.71,1,0.14,1,0.14,11,1.57,14,2.0,87,12.43,7.91,2.0,0.29,0,0.0,33,4.71,36,5.14,12.0,1.71,0,0.0,0.0,0.84,25.3,3.61,4.0,3.4,4.3,5,1,1,0,0,0.0,0.0,3.21,30.8,4.4,4.5,4.21,5.03,5,0,2,0,0,0.0,0.0,4.48,36.3,5.19,5.0,5.11,5.81,5,0,2,0,0,0.0,0.0,4.05
J.D. McKissic,FA,RB,0.0,16,38,2.38,205,12.81,5.39,8.0,0.5,44,8.38,2,0.12,0,0.0,34,2.12,42,2.62,233,14.56,6.85,7.0,0.44,1,0.06,72,4.5,80,5.0,15.0,0.94,0,0.0,0.0,1.0,49.8,3.11,2.2,3.37,3.71,12,3,0,1,0,0.07,0.0,2.96,66.8,4.18,3.6,3.71,4.92,12,3,0,1,0,0.07,0.0,4.47,83.8,5.24,4.4,4.18,6.17,12,2,1,1,0,0.07,0.0,4.82
Giovani Bernard,FA,RB,0.0,16,53,3.31,170,10.62,3.21,10.0,0.62,25,8.06,1,0.06,0,0.0,30,1.88,43,2.69,234,14.62,7.8,7.0,0.44,0,0.0,83,5.19,96,6.0,17.0,1.06,1,0.06,0.01,1.0,38.4,2.4,2.15,1.96,3.28,15,1,0,0,0,0.0,0.0,2.77,53.4,3.34,3.65,2.14,4.52,15,1,0,0,0,0.0,0.0,4.4,68.4,4.28,5.0,2.4,5.79,15,1,0,0,0,0.0,0.0,4.92
Darrel Williams,FA,RB,0.0,12,41,3.42,141,11.75,3.44,12.0,1.0,41,7.08,1,0.08,3,0.25,15,1.25,20,1.67,167,13.92,11.13,7.0,0.58,1,0.08,56,4.67,61,5.08,19.0,1.58,1,0.08,0.02,1.0,52.8,4.4,1.25,5.43,4.66,7,1,2,1,1,0.2,0.09,3.26,60.3,5.02,1.8,6.05,5.25,8,1,1,2,0,0.2,0.0,4.38,67.8,5.65,2.55,6.7,5.92,8,1,1,2,0,0.2,0.0,4.16
Kalen Ballage,FA,RB,0.0,12,74,6.17,135,11.25,1.82,10.0,0.83,8,5.08,0,0.0,3,0.25,14,1.17,24,2.0,63,5.25,4.5,4.0,0.33,0,0.0,88,7.33,98,8.17,14.0,1.17,0,0.0,0.0,1.0,37.8,3.15,2.25,2.61,4.0,9,2,1,0,0,0.0,0.0,3.32,44.8,3.73,2.75,3.08,4.61,8,3,1,0,0,0.0,0.0,4.35,51.8,4.32,3.25,3.67,5.25,10,1,1,0,0,0.0,0.0,4.22
Benny Snell Jr.,FA,RB,0.0,13,108,8.31,426,32.77,3.94,19.0,1.46,23,9.54,3,0.23,2,0.15,3,0.23,4,0.31,23,1.77,7.67,1.0,0.08,0,0.0,111,8.54,112,8.62,20.0,1.54,1,0.08,0.01,1.0,54.9,4.22,1.4,5.45,4.46,9,0,2,2,0,0.18,0.0,3.45,56.4,4.34,1.4,5.6,4.62,9,0,2,2,0,0.18,0.0,4.28,57.9,4.45,1.4,5.75,4.85,9,1,1,2,0,0.18,0.0,3.6
T.J. Yeldon,FA,RB,0.0,6,17,2.83,63,10.5,3.71,5.0,0.83,12,5.5,0,0.0,0,0.0,13,2.17,15,2.5,124,20.67,9.54,6.0,1.0,0,0.0,30,5.0,32,5.33,11.0,1.83,1,0.17,0.03,0.78,16.7,2.78,2.85,2.59,3.54,5,1,0,0,0,0.0,0.0,2.42,23.2,3.87,4.35,3.42,4.65,5,1,0,0,0,0.0,0.0,4.15,29.7,4.95,5.85,4.28,5.8,5,0,1,0,0,0.0,0.0,4.07
Justin Jackson,FA,RB,0.0,7,29,4.14,200,28.57,6.9,9.0,1.29,40,15.71,3,0.43,0,0.0,9,1.29,11,1.57,22,3.14,2.44,6.0,0.86,0,0.0,38,5.43,40,5.71,15.0,2.14,0,0.0,0.0,0.84,22.2,3.17,2.5,2.2,4.2,5,2,0,0,0,0.0,0.0,2.72,26.7,3.81,2.7,2.33,5.05,5,2,0,0,0,0.0,0.0,4.14,31.2,4.46,3.7,2.65,5.89,6,1,0,0,0,0.0,0.0,3.69
Malcolm Brown,FA,RB,0.0,14,69,4.93,255,18.21,3.7,16.0,1.14,17,7.71,0,0.0,5,0.36,2,0.14,6,0.43,16,1.14,8.0,1.0,0.07,0,0.0,71,5.07,75,5.36,17.0,1.21,0,0.0,0.0,1.0,57.1,4.08,2.2,4.99,4.41,10,0,3,0,1,0.08,0.08,3.39,58.1,4.15,2.2,5.04,4.53,10,2,1,0,1,0.08,0.08,4.05,59.1,4.22,2.2,5.09,4.74,10,3,0,1,0,0.08,0.0,3.42
Dare Ogunbowale,HOU,RB,2.0,16,11,0.69,17,1.06,1.55,3.0,0.19,12,1.44,0,0.0,2,0.12,35,2.19,46,2.88,286,17.88,8.17,14.0,0.88,0,0.0,46,2.88,57,3.56,17.0,1.06,1,0.06,0.02,1.0,40.3,2.52,1.95,2.32,3.3,14,1,1,0,0,0.0,0.0,2.45,57.8,3.61,3.2,2.61,4.65,14,1,1,0,0,0.0,0.0,4.03,75.3,4.71,4.45,3.04,6.01,13,2,1,0,0,0.0,0.0,4.54
Patrick Laird,FA,RB,0.0,15,62,4.13,168,11.2,2.71,9.0,0.6,18,4.8,0,0.0,1,0.07,23,1.53,30,2.0,204,13.6,8.87,13.0,0.87,0,0.0,85,5.67,92,6.13,22.0,1.47,0,0.0,0.0,1.0,45.2,3.01,1.8,3.99,3.44,10,3,1,1,0,0.07,0.0,2.81,56.7,3.78,2.0,4.87,4.16,11,0,3,1,0,0.07,0.0,3.91,68.2,4.55,2.0,5.8,4.94,10,1,3,1,0,0.07,0.0,3.49
Dion Lewis,FA,RB,0.0,16,54,3.38,210,13.12,3.89,6.0,0.38,17,5.75,0,0.0,0,0.0,25,1.56,32,2.0,164,10.25,6.56,7.0,0.44,1,0.06,79,4.94,86,5.38,13.0,0.81,1,0.06,0.01,1.0,41.4,2.59,1.95,2.61,3.29,14,0,2,0,0,0.0,0.0,2.63,53.9,3.37,3.1,2.77,4.28,14,1,1,0,0,0.0,0.0,3.89,66.4,4.15,4.2,3.09,5.27,13,3,0,0,0,0.0,0.0,4.33
Justin Jackson,FA,RB,0.0,7,29,4.14,200,28.57,6.9,9.0,1.29,40,15.71,3,0.43,0,0.0,9,1.29,11,1.57,22,3.14,2.44,2.0,0.29,0,0.0,38,5.43,40,5.71,11.0,1.57,0,0.0,0.0,0.84,22.2,3.17,2.5,2.2,4.2,5,2,0,0,0,0.0,0.0,2.72,26.7,3.81,2.7,2.33,5.05,5,2,0,0,0,0.0,0.0,3.86,31.2,4.46,3.7,2.65,5.89,6,1,0,0,0,0.0,0.0,3.69
Myles Gaskin,JAC,RB,1.0,7,36,5.14,133,19.0,3.69,7.0,1.0,27,9.0,1,0.14,1,0.14,7,1.0,12,1.71,51,7.29,7.29,2.0,0.29,0,0.0,43,6.14,48,6.86,9.0,1.29,0,0.0,0.0,0.84,24.4,3.49,1.7,4.41,3.88,5,1,0,1,0,0.17,0.0,2.63,27.9,3.99,2.2,4.56,4.47,5,1,0,1,0,0.17,0.0,3.63,31.4,4.49,2.7,4.71,5.13,5,1,1,0,0,0.0,0.0,3.19
Ty Johnson,BUF,RB,1.0,16,63,3.94,273,17.06,4.33,11.0,0.69,40,8.88,1,0.06,0,0.0,24,1.5,31,1.94,109,6.81,4.54,4.0,0.25,0,0.0,87,5.44,94,5.88,15.0,0.94,1,0.06,0.01,1.0,36.2,2.26,1.95,1.96,3.09,14,2,0,0,0,0.0,0.0,2.6,48.2,3.01,2.2,2.21,4.05,14,2,0,0,0,0.0,0.0,3.55,60.2,3.76,3.45,2.62,4.98,15,1,0,0,0,0.0,0.0,3.96
Kyle Juszczyk,SF,RB,2.0,12,3,0.25,7,0.58,2.33,1.0,0.08,6,0.67,0,0.0,0,0.0,20,1.67,24,2.0,239,19.92,11.95,11.0,0.92,1,0.08,23,1.92,27,2.25,12.0,1.0,0,0.0,0.0,1.0,30.6,2.55,2.1,2.56,3.26,10,2,0,0,0,0.0,0.0,2.37,40.6,3.38,2.9,3.35,4.09,9,2,1,0,0,0.0,0.0,3.52,50.6,4.22,3.65,4.24,4.95,9,2,1,0,0,0.0,0.0,3.67
Qadree Ollison,FA,RB,0.0,8,22,2.75,50,6.25,2.27,6.0,0.75,6,2.62,0,0.0,4,0.5,1,0.12,2,0.25,7,0.88,7.0,1.0,0.12,0,0.0,23,2.88,24,3.0,7.0,0.88,0,0.0,0.0,0.88,29.7,3.71,3.5,3.66,4.33,4,3,1,0,0,0.0,0.0,3.04,30.2,3.78,3.5,3.76,4.44,6,1,1,0,0,0.0,0.0,3.51,30.7,3.84,3.5,3.87,4.61,7,1,0,0,0,0.0,0.0,3.13
Jonathan Williams,FA,RB,0.0,9,49,5.44,235,26.11,4.8,13.0,1.44,48,8.33,1,0.11,1,0.11,5,0.56,5,0.56,59,6.56,11.8,3.0,0.33,0,0.0,54,6.0,54,6.0,16.0,1.78,0,0.0,0.0,0.93,35.4,3.93,0.0,7.17,3.88,7,0,0,1,1,0.29,0.12,2.49,37.9,4.21,0.0,7.62,4.15,7,0,0,1,1,0.29,0.12,3.48,40.4,4.49,0.0,8.08,4.49,7,0,0,1,1,0.29,0.12,2.71
Jordan Wilkins,FA,RB,0.0,14,51,3.64,307,21.93,6.02,12.0,0.86,55,11.43,2,0.14,2,0.14,7,0.5,11,0.79,43,3.07,6.14,1.0,0.07,0,0.0,58,4.14,62,4.43,13.0,0.93,0,0.0,0.0,1.0,47.0,3.36,1.75,4.28,3.77,10,1,2,1,0,0.08,0.0,2.76,50.5,3.61,2.0,4.37,4.08,10,2,1,1,0,0.08,0.0,3.45,54.0,3.86,2.35,4.49,4.46,10,3,0,1,0,0.08,0.0,3.28
Jeff Wilson Jr.,MIA,RB,2.5,11,27,2.45,105,9.55,3.89,9.0,0.82,25,4.91,1,0.09,4,0.36,3,0.27,5,0.45,34,3.09,11.33,2.0,0.18,1,0.09,30,2.73,32,2.91,11.0,1.0,0,0.0,0.0,1.0,43.9,3.99,0.7,5.8,4.15,8,0,1,2,0,0.22,0.0,2.52,45.4,4.13,1.2,5.79,4.36,8,0,1,2,0,0.22,0.0,3.3,46.9,4.26,1.7,5.78,4.63,8,1,0,2,0,0.22,0.0,3.11
Wayne Gallman Jr.,FA,RB,0.0,10,29,2.9,110,11.0,3.79,6.0,0.6,22,5.7,1,0.1,2,0.2,11,1.1,16,1.6,102,10.2,9.27,4.0,0.4,1,0.1,40,4.0,45,4.5,10.0,1.0,1,0.1,0.02,0.96,37.2,3.72,0.9,7.05,3.69,8,0,1,0,1,0.11,0.11,2.5,42.7,4.27,1.15,8.02,4.15,8,0,1,0,1,0.11,0.11,3.28,48.2,4.82,1.35,8.99,4.69,8,0,1,0,1,0.11,0.11,3.06
Jeff Wilson Jr.,MIA,RB,2.5,11,27,2.45,105,9.55,3.89,9.0,0.82,25,4.91,1,0.09,4,0.36,3,0.27,5,0.45,34,3.09,11.33,1.0,0.09,1,0.09,30,2.73,32,2.91,10.0,0.91,0,0.0,0.0,1.0,43.9,3.99,0.7,5.8,4.15,8,0,1,2,0,0.22,0.0,2.52,45.4,4.13,1.2,5.79,4.36,8,0,1,2,0,0.22,0.0,3.26,46.9,4.26,1.7,5.78,4.63,8,1,0,2,0,0.22,0.0,3.11
Jon Hilliman,FA,RB,0.0,3,30,10.0,91,30.33,3.03,6.0,2.0,10,7.67,0,0.0,0,0.0,3,1.0,4,1.33,1,0.33,0.33,1.0,0.33,0,0.0,33,11.0,34,11.33,7.0,2.33,2,0.67,0.06,0.56,5.2,1.73,1.5,0.59,3.2,3,0,0,0,0,0.0,0.0,1.68,6.7,2.23,2.5,0.83,3.83,3,0,0,0,0,0.0,0.0,3.21,8.2,2.73,3.4,1.24,4.36,3,0,0,0,0,0.0,0.0,2.36
Spencer Ware,FA,RB,0.0,3,17,5.67,51,17.0,3.0,3.0,1.0,6,5.33,0,0.0,0,0.0,5,1.67,7,2.33,22,7.33,4.4,1.0,0.33,0,0.0,22,7.33,24,8.0,4.0,1.33,0,0.0,0.0,0.56,7.3,2.43,3.5,1.93,3.33,3,0,0,0,0,0.0,0.0,1.97,9.8,3.27,4.5,2.22,4.38,3,0,0,0,0,0.0,0.0,3.09,12.3,4.1,5.5,2.51,5.49,3,0,0,0,0,0.0,0.0,2.9
Justice Hill,BAL,RB,2.0,16,58,3.62,225,14.06,3.88,10.0,0.62,18,7.62,0,0.0,2,0.12,8,0.5,15,0.94,70,4.38,8.75,5.0,0.31,0,0.0,66,4.12,73,4.56,15.0,0.94,0,0.0,0.0,1.0,41.5,2.59,1.45,3.42,3.08,14,0,0,2,0,0.14,0.0,2.46,45.5,2.84,1.7,3.74,3.35,14,0,1,1,0,0.07,0.0,3.04,49.5,3.09,1.95,4.08,3.67,14,0,1,1,0,0.07,0.0,2.8
Bilal Powell,FA,RB,0.0,14,59,4.21,229,16.36,3.88,12.0,0.86,17,7.0,0,0.0,0,0.0,7,0.5,12,0.86,33,2.36,4.71,2.0,0.14,0,0.0,66,4.71,71,5.07,14.0,1.0,0,0.0,0.0,1.0,26.2,1.87,1.3,2.36,2.44,13,0,1,0,0,0.0,0.0,2.0,29.7,2.12,1.4,2.63,2.73,13,0,1,0,0,0.0,0.0,2.66,33.2,2.37,1.55,2.92,3.06,13,0,1,0,0,0.0,0.0,2.35
C.J. Prosise,FA,RB,0.0,9,23,2.56,72,8.0,3.13,4.0,0.44,17,6.22,0,0.0,1,0.11,10,1.11,12,1.33,76,8.44,7.6,3.0,0.33,0,0.0,33,3.67,35,3.89,7.0,0.78,1,0.11,0.03,0.93,18.8,2.09,1.7,2.1,2.8,8,1,0,0,0,0.0,0.0,2.03,23.8,2.64,1.7,2.53,3.43,8,1,0,0,0,0.0,0.0,2.65,28.8,3.2,1.7,3.14,4.05,8,1,0,0,0,0.0,0.0,2.49
Marshawn Lynch,FA,RB,0.0,2,12,6.0,34,17.0,2.83,2.0,1.0,15,7.5,0,0.0,1,0.5,0,0.0,0,0.0,0,0.0,0.0,0.0,0.0,0,0.0,12,6.0,12,6.0,2.0,1.0,0,0.0,0.0,0.44,9.4,4.7,4.7,6.65,4.73,1,0,1,0,0,0.0,0.0,1.93,9.4,4.7,4.7,6.65,4.79,1,0,1,0,0,0.0,0.0,2.44,9.4,4.7,4.7,6.65,4.93,1,1,0,0,0,0.0,0.0,1.97
Darwin Thompson,FA,RB,0.0,12,37,3.08,128,10.67,3.46,9.0,0.75,12,4.0,0,0.0,1,0.08,9,0.75,10,0.83,43,3.58,4.78,2.0,0.17,0,0.0,46,3.83,47,3.92,11.0,0.92,0,0.0,0.0,1.0,23.1,1.92,0.75,3.05,2.35,11,0,1,0,0,0.0,0.0,1.63,27.6,2.3,1.0,3.19,2.82,11,0,1,0,0,0.0,0.0,2.38,32.1,2.68,1.35,3.42,3.32,10,1,1,0,0,0.0,0.0,2.26
Ryquell Armstead,FA,RB,0.0,16,35,2.19,108,6.75,3.09,5.0,0.31,16,3.62,0,0.0,0,0.0,14,0.88,24,1.5,144,9.0,10.29,9.0,0.56,2,0.12,49,3.06,59,3.69,14.0,0.88,0,0.0,0.0,1.0,37.2,2.33,0.45,4.4,2.59,13,1,0,2,0,0.14,0.0,1.78,44.2,2.76,0.5,5.09,3.01,13,0,2,1,0,0.07,0.0,2.3,51.2,3.2,0.5,5.83,3.47,13,0,2,0,1,0.07,0.07,2.14
Darwin Thompson,FA,RB,0.0,12,37,3.08,128,10.67,3.46,7.0,0.58,12,4.0,0,0.0,1,0.08,9,0.75,10,0.83,43,3.58,4.78,2.0,0.17,0,0.0,46,3.83,47,3.92,9.0,0.75,0,0.0,0.0,1.0,23.1,1.92,0.75,3.05,2.35,11,0,1,0,0,0.0,0.0,1.63,27.6,2.3,1.0,3.19,2.82,11,0,1,0,0,0.0,0.0,2.29,32.1,2.68,1.35,3.42,3.32,10,1,1,0,0,0.0,0.0,2.26
Kerrith Whyte Jr.,FA,RB,0.0,6,24,4.0,122,20.33,5.08,5.0,0.83,21,9.0,1,0.17,0,0.0,1,0.17,1,0.17,9,1.5,9.0,1.0,0.17,0,0.0,25,4.17,25,4.17,6.0,1.0,0,0.0,0.0,0.78,13.1,2.18,1.6,2.05,2.95,6,0,0,0,0,0.0,0.0,1.75,13.6,2.27,1.6,2.19,3.05,6,0,0,0,0,0.0,0.0,2.28,14.1,2.35,1.6,2.34,3.2,6,0,0,0,0,0.0,0.0,1.83
Mike Boone,CAR,RB,2.0,16,49,3.06,273,17.06,5.57,9.0,0.56,59,6.5,3,0.19,3,0.19,3,0.19,4,0.25,17,1.06,5.67,1.0,0.06,0,0.0,52,3.25,53,3.31,10.0,0.62,0,0.0,0.0,1.0,47.0,2.94,0.0,6.71,2.95,14,0,0,0,2,0.14,0.14,1.9,48.5,3.03,0.0,6.91,3.06,14,0,0,0,2,0.14,0.14,2.25,50.0,3.12,0.0,7.11,3.23,14,0,0,1,1,0.14,0.07,1.91
Brandon Bolden,FA,RB,0.0,15,15,1.0,68,4.53,4.53,5.0,0.33,21,4.2,1,0.07,3,0.2,9,0.6,11,0.73,111,7.4,12.33,6.0,0.4,1,0.07,24,1.6,26,1.73,11.0,0.73,0,0.0,0.0,1.0,41.9,2.79,0.7,3.87,3.22,11,2,2,0,0,0.0,0.0,1.74,46.4,3.09,0.7,4.14,3.55,12,1,2,0,0,0.0,0.0,2.24,50.9,3.39,0.7,4.48,3.93,12,1,2,0,0,0.0,0.0,2.03
Tra Carson,FA,RB,0.0,4,18,4.5,48,12.0,2.67,3.0,0.75,12,4.75,0,0.0,0,0.0,4,1.0,4,1.0,18,4.5,4.5,1.0,0.25,0,0.0,22,5.5,22,5.5,4.0,1.0,0,0.0,0.0,0.65,6.6,1.65,1.6,1.91,2.27,4,0,0,0,0,0.0,0.0,1.36,8.6,2.15,1.7,2.59,2.77,4,0,0,0,0,0.0,0.0,2.02,10.6,2.65,1.7,3.43,3.28,4,0,0,0,0,0.0,0.0,1.65
Darren Sproles,FA,RB,0.0,6,17,2.83,66,11.0,3.88,3.0,0.5,17,5.5,0,0.0,0,0.0,6,1.0,10,1.67,24,4.0,4.0,1.0,0.17,0,0.0,23,3.83,27,4.5,4.0,0.67,0,0.0,0.0,0.78,11.0,1.83,0.45,3.18,2.22,5,0,1,0,0,0.0,0.0,1.19,14.0,2.33,0.95,3.7,2.75,5,0,1,0,0,0.0,0.0,1.85,17.0,2.83,1.2,4.25,3.33,5,0,1,0,0,0.0,0.0,1.77
Ameer Abdullah,LV,RB,2.0,16,23,1.44,115,7.19,5.0,4.0,0.25,15,4.12,0,0.0,0,0.0,15,0.94,21,1.31,88,5.5,5.87,5.0,0.31,1,0.06,38,2.38,44,2.75,9.0,0.56,1,0.06,0.03,1.0,24.3,1.52,0.2,2.39,1.97,14,1,1,0,0,0.0,0.0,1.14,31.8,1.99,0.65,2.93,2.49,14,1,1,0,0,0.0,0.0,1.81,39.3,2.46,1.0,3.58,3.01,14,1,1,0,0,0.0,0.0,1.88
C.J. Ham,MIN,RB,2.0,16,7,0.44,17,1.06,2.43,2.0,0.12,9,1.06,0,0.0,0,0.0,17,1.06,26,1.62,149,9.31,8.76,6.0,0.38,1,0.06,24,1.5,33,2.06,8.0,0.5,1,0.06,0.04,1.0,20.6,1.29,0.5,1.99,1.75,15,1,0,0,0,0.0,0.0,1.11,29.1,1.82,0.8,2.23,2.44,15,1,0,0,0,0.0,0.0,1.75,37.6,2.35,1.3,2.56,3.13,15,1,0,0,0,0.0,0.0,1.98
Ty Montgomery II,FA,RB,0.0,16,32,2.0,103,6.44,3.22,2.0,0.12,15,4.38,0,0.0,0,0.0,13,0.81,17,1.06,90,5.62,6.92,3.0,0.19,0,0.0,45,2.81,49,3.06,5.0,0.31,0,0.0,0.0,1.0,19.3,1.21,0.8,1.69,1.71,15,1,0,0,0,0.0,0.0,1.31,25.8,1.61,1.0,2.2,2.17,15,1,0,0,0,0.0,0.0,1.73,32.3,2.02,1.0,2.74,2.64,15,1,0,0,0,0.0,0.0,1.76
Dontrell Hilliard,FA,RB,0.0,14,13,0.93,49,3.5,3.77,3.0,0.21,11,2.07,0,0.0,2,0.14,12,0.86,15,1.07,92,6.57,7.67,4.0,0.29,0,0.0,25,1.79,28,2.0,7.0,0.5,0,0.0,0.0,1.0,26.1,1.86,0.0,3.49,2.2,12,0,1,1,0,0.08,0.0,1.19,32.1,2.29,0.0,3.84,2.68,12,1,0,1,0,0.08,0.0,1.63,38.1,2.72,0.0,4.25,3.19,11,2,1,0,0,0.0,0.0,1.48
Wendell Smallwood,FA,RB,0.0,15,22,1.47,81,5.4,3.68,4.0,0.27,17,4.07,0,0.0,0,0.0,9,0.6,13,0.87,64,4.27,7.11,4.0,0.27,0,0.0,31,2.07,35,2.33,8.0,0.53,0,0.0,0.0,1.0,14.5,0.97,0.4,1.19,1.5,15,0,0,0,0,0.0,0.0,0.99,19.0,1.27,0.8,1.34,1.93,15,0,0,0,0,0.0,0.0,1.59,23.5,1.57,1.3,1.56,2.36,15,0,0,0,0,0.0,0.0,1.7
Darrell Henderson Jr.,FA,RB,0.0,13,39,3.0,147,11.31,3.77,10.0,0.77,22,5.31,1,0.08,0,0.0,4,0.31,6,0.46,37,2.85,9.25,1.0,0.08,0,0.0,43,3.31,45,3.46,11.0,0.85,0,0.0,0.0,1.0,18.4,1.42,0.0,2.3,1.86,12,1,0,0,0,0.0,0.0,1.09,20.4,1.57,0.0,2.6,2.02,12,1,0,0,0,0.0,0.0,1.58,22.4,1.72,0.0,2.91,2.22,12,1,0,0,0,0.0,0.0,1.24
C.J. Anderson,FA,RB,0.0,2,16,8.0,43,21.5,2.69,1.0,0.5,9,8.0,0,0.0,0,0.0,0,0.0,0,0.0,0,0.0,0.0,0.0,0.0,0,0.0,16,8.0,16,8.0,1.0,0.5,0,0.0,0.0,0.44,4.3,2.15,2.15,1.91,2.95,2,0,0,0,0,0.0,0.0,1.26,4.3,2.15,2.15,1.91,2.99,2,0,0,0,0,0.0,0.0,1.51,4.3,2.15,2.15,1.91,3.08,2,0,0,0,0,0.0,0.0,1.28
Wes Hills,FA,RB,0.0,1,10,10.0,21,21.0,2.1,3.0,3.0,15,15.0,0,0.0,2,2.0,2,2.0,2,2.0,1,1.0,0.5,0.0,0.0,0,0.0,12,12.0,12,12.0,3.0,3.0,0,0.0,0.0,0.28,14.2,14.2,14.2,0.0,0.0,0,0,0,1,0,1.0,0.0,0.0,15.2,15.2,15.2,0.0,0.0,0,0,0,1,0,1.0,0.0,1.5,16.2,16.2,16.2,0.0,0.0,0,0,0,1,0,1.0,0.0,0.0
Dalyn Dawkins,FA,RB,0.0,2,11,5.5,26,13.0,2.36,2.0,1.0,14,7.5,0,0.0,0,0.0,0,0.0,1,0.5,0,0.0,0.0,0.0,0.0,0,0.0,11,5.5,12,6.0,2.0,1.0,0,0.0,0.0,0.44,2.6,1.3,1.3,1.56,1.88,2,0,0,0,0,0.0,0.0,0.83,2.6,1.3,1.3,1.56,1.91,2,0,0,0,0,0.0,0.0,1.33,2.6,1.3,1.3,1.56,1.96,2,0,0,0,0,0.0,0.0,0.84
Paul Perkins,FA,RB,0.0,4,12,3.0,29,7.25,2.42,3.0,0.75,13,4.5,0,0.0,0,0.0,1,0.25,1,0.25,9,2.25,9.0,0.0,0.0,0,0.0,13,3.25,13,3.25,3.0,0.75,0,0.0,0.0,0.65,3.8,0.95,1.0,0.89,1.58,4,0,0,0,0,0.0,0.0,0.88,4.3,1.08,1.0,1.06,1.73,4,0,0,0,0,0.0,0.0,1.29,4.8,1.2,1.0,1.26,1.91,4,0,0,0,0,0.0,0.0,0.96
Reggie Bonnafon,FA,RB,0.0,16,16,1.0,116,7.25,7.25,2.0,0.12,59,5.38,1,0.06,1,0.06,6,0.38,10,0.62,57,3.56,9.5,1.0,0.06,0,0.0,22,1.38,26,1.62,3.0,0.19,0,0.0,0.0,1.0,23.3,1.46,0.25,3.51,1.72,15,0,0,1,0,0.07,0.0,1.04,26.3,1.64,0.25,3.56,1.96,15,0,0,1,0,0.07,0.0,1.23,29.3,1.83,0.25,3.64,2.23,15,0,0,1,0,0.07,0.0,1.25
Andy Janovich,FA,RB,0.0,8,1,0.12,1,0.12,1.0,1.0,0.12,1,0.12,0,0.0,1,0.12,5,0.62,5,0.62,42,5.25,8.4,1.0,0.12,0,0.0,6,0.75,6,0.75,2.0,0.25,0,0.0,0.0,0.88,10.3,1.29,0.4,2.2,1.71,7,1,0,0,0,0.0,0.0,0.81,12.8,1.6,0.65,2.38,2.11,7,1,0,0,0,0.0,0.0,1.17,15.3,1.91,0.9,2.6,2.54,7,1,0,0,0,0.0,0.0,1.28
Travis Homer,CHI,RB,1.0,16,18,1.12,114,7.12,6.33,6.0,0.38,29,4.0,1,0.06,0,0.0,11,0.69,13,0.81,56,3.5,5.09,3.0,0.19,0,0.0,29,1.81,31,1.94,9.0,0.56,0,0.0,0.0,1.0,17.0,1.06,0.0,2.49,1.37,15,0,1,0,0,0.0,0.0,0.74,22.5,1.41,0.0,3.33,1.7,14,1,1,0,0,0.0,0.0,1.16,28.0,1.75,0.0,4.21,2.06,14,1,0,1,0,0.07,0.0,1.11
Trey Edmunds,FA,RB,0.0,12,22,1.83,92,7.67,4.18,2.0,0.17,45,5.17,1,0.08,0,0.0,6,0.5,7,0.58,48,4.0,8.0,2.0,0.17,0,0.0,28,2.33,29,2.42,4.0,0.33,0,0.0,0.0,1.0,14.0,1.17,0.0,2.23,1.54,11,1,0,0,0,0.0,0.0,0.86,17.0,1.42,0.0,2.44,1.86,11,1,0,0,0,0.0,0.0,1.15,20.0,1.67,0.0,2.73,2.19,12,0,0,0,0,0.0,0.0,1.12
Jay Ajayi,FA,RB,0.0,4,10,2.5,30,7.5,3.0,3.0,0.75,11,5.5,0,0.0,0,0.0,0,0.0,1,0.25,0,0.0,0.0,0.0,0.0,0,0.0,10,2.5,11,2.75,3.0,0.75,0,0.0,0.0,0.65,3.0,0.75,0.7,0.68,1.34,4,0,0,0,0,0.0,0.0,0.71,3.0,0.75,0.7,0.68,1.35,4,0,0,0,0,0.0,0.0,1.09,3.0,0.75,0.7,0.68,1.39,4,0,0,0,0,0.0,0.0,0.72
Alec Ingold,MIA,RB,4.0,16,10,0.62,17,1.06,1.7,7.0,0.44,4,1.12,0,0.0,0,0.0,6,0.38,6,0.38,44,2.75,7.33,4.0,0.25,1,0.06,16,1.0,16,1.0,11.0,0.69,0,0.0,0.0,1.0,12.1,0.76,0.05,1.84,1.05,15,1,0,0,0,0.0,0.0,0.54,15.1,0.94,0.05,2.1,1.28,15,1,0,0,0,0.0,0.0,0.98,18.1,1.13,0.05,2.42,1.53,15,1,0,0,0,0.0,0.0,0.73
Zach Line,FA,RB,0.0,12,7,0.58,20,1.67,2.86,5.0,0.42,5,1.25,0,0.0,0,0.0,6,0.5,10,0.83,36,3.0,6.0,1.0,0.08,0,0.0,13,1.08,17,1.42,6.0,0.5,0,0.0,0.0,1.0,5.6,0.47,0.15,0.66,0.84,12,0,0,0,0,0.0,0.0,0.54,8.6,0.72,0.2,0.9,1.2,12,0,0,0,0,0.0,0.0,0.95,11.6,0.97,0.2,1.19,1.56,12,0,0,0,0,0.0,0.0,0.85
Cordarrelle Patterson,PIT,RB,1.0,16,17,1.06,103,6.44,6.06,4.0,0.25,46,5.94,1,0.06,0,0.0,11,0.69,17,1.06,83,5.19,7.55,3.0,0.19,0,0.0,28,1.75,34,2.12,7.0,0.44,0,0.0,0.0,1.0,0.0,0.0,0.0,0.0,0.0,16,0,0,0,0,0.0,0.0,0.21,5.5,0.34,0.5,0.35,0.73,16,0,0,0,0,0.0,0.0,0.92,11.0,0.69,1.0,0.7,1.26,16,0,0,0,0,0.0,0.0,1.12
Khari Blasingame,PHI,RB,2.0,6,0,0.0,0,0.0,0.0,0.0,0.0,0,0.0,0,0.0,0,0.0,4,0.67,5,0.83,54,9.0,13.5,2.0,0.33,0,0.0,4,0.67,5,0.83,2.0,0.33,0,0.0,0.0,0.78,5.4,0.9,0.0,1.88,1.24,6,0,0,0,0,0.0,0.0,0.45,7.4,1.23,0.25,2.24,1.65,6,0,0,0,0,0.0,0.0,0.83,9.4,1.57,0.5,2.61,2.08,6,0,0,0,0,0.0,0.0,0.87
Javorius Allen,FA,RB,0.0,11,10,0.91,36,3.27,3.6,4.0,0.36,19,2.45,0,0.0,1,0.09,1,0.09,2,0.18,9,0.82,9.0,0.0,0.0,0,0.0,11,1.0,12,1.09,4.0,0.36,0,0.0,0.0,1.0,10.5,0.95,0.0,2.63,1.21,10,0,1,0,0,0.0,0.0,0.59,11.0,1.0,0.0,2.64,1.28,10,1,0,0,0,0.0,0.0,0.8,11.5,1.05,0.0,2.66,1.38,10,1,0,0,0,0.0,0.0,0.66
Javorius Allen,FA,RB,0.0,11,10,0.91,36,3.27,3.6,3.0,0.27,19,2.45,0,0.0,1,0.09,1,0.09,2,0.18,9,0.82,9.0,0.0,0.0,0,0.0,11,1.0,12,1.09,3.0,0.27,0,0.0,0.0,1.0,10.5,0.95,0.0,2.63,1.21,10,0,1,0,0,0.0,0.0,0.59,11.0,1.0,0.0,2.64,1.28,10,1,0,0,0,0.0,0.0,0.76,11.5,1.05,0.0,2.66,1.38,10,1,0,0,0,0.0,0.0,0.66
Derek Watt,FA,RB,0.0,16,7,0.44,10,0.62,1.43,6.0,0.38,3,0.5,0,0.0,1,0.06,3,0.19,5,0.31,32,2.0,10.67,1.0,0.06,0,0.0,10,0.62,12,0.75,7.0,0.44,0,0.0,0.0,1.0,10.2,0.64,0.0,1.63,0.91,15,1,0,0,0,0.0,0.0,0.44,11.7,0.73,0.0,1.67,1.05,15,1,0,0,0,0.0,0.0,0.72,13.2,0.82,0.0,1.73,1.21,16,0,0,0,0,0.0,0.0,0.56
Danny Vitale,FA,RB,0.0,15,1,0.07,3,0.2,3.0,0.0,0.0,3,0.2,0,0.0,0,0.0,7,0.47,12,0.8,97,6.47,13.86,3.0,0.2,0,0.0,8,0.53,13,0.87,3.0,0.2,0,0.0,0.0,1.0,10.0,0.67,0.0,1.29,1.01,15,0,0,0,0,0.0,0.0,0.49,13.5,0.9,0.0,1.62,1.31,15,0,0,0,0,0.0,0.0,0.71,17.0,1.13,0.0,1.96,1.61,15,0,0,0,0,0.0,0.0,0.73
Mike Davis,FA,RB,0.0,12,13,1.08,27,2.25,2.08,2.0,0.17,8,1.42,0,0.0,0,0.0,7,0.58,8,0.67,22,1.83,3.14,1.0,0.08,0,0.0,20,1.67,21,1.75,3.0,0.25,0,0.0,0.0,1.0,4.9,0.41,0.0,1.03,0.65,12,0,0,0,0,0.0,0.0,0.44,8.4,0.7,0.0,1.89,0.98,11,1,0,0,0,0.0,0.0,0.69,11.9,0.99,0.0,2.76,1.3,11,1,0,0,0,0.0,0.0,0.69
Patrick Ricard,BAL,RB,3.0,16,0,0.0,0,0.0,0.0,0.0,0.0,0,0.0,0,0.0,0,0.0,8,0.5,11,0.69,47,2.94,5.88,3.0,0.19,1,0.06,8,0.5,11,0.69,3.0,0.19,0,0.0,0.0,1.0,10.7,0.67,0.0,1.6,0.96,15,1,0,0,0,0.0,0.0,0.45,14.7,0.92,0.0,1.86,1.29,15,1,0,0,0,0.0,0.0,0.68,18.7,1.17,0.0,2.16,1.62,16,0,0,0,0,0.0,0.0,0.72
Josh Adams,FA,RB,0.0,3,8,2.67,12,4.0,1.5,1.0,0.33,10,4.33,0,0.0,0,0.0,0,0.0,0,0.0,0,0.0,0.0,0.0,0.0,0,0.0,8,2.67,8,2.67,1.0,0.33,0,0.0,0.0,0.56,1.2,0.4,0.6,0.35,0.84,3,0,0,0,0,0.0,0.0,0.47,1.2,0.4,0.6,0.35,0.85,3,0,0,0,0,0.0,0.0,0.64,1.2,0.4,0.6,0.35,0.88,3,0,0,0,0,0.0,0.0,0.48
Kenjon Barner,FA,RB,0.0,14,4,0.29,28,2.0,7.0,1.0,0.07,12,1.57,0,0.0,0,0.0,6,0.43,8,0.57,22,1.57,3.67,1.0,0.07,0,0.0,10,0.71,12,0.86,2.0,0.14,1,0.07,0.1,1.0,9.1,0.65,0.0,2.09,0.87,13,0,1,0,0,0.0,0.0,0.43,12.1,0.86,0.0,2.09,1.18,13,1,0,0,0,0.0,0.0,0.63,15.1,1.08,0.0,2.15,1.5,13,1,0,0,0,0.0,0.0,0.69
Damien Harris,FA,RB,0.0,2,4,2.0,12,6.0,3.0,1.0,0.5,13,6.5,0,0.0,0,0.0,0,0.0,0,0.0,0,0.0,0.0,0.0,0.0,0,0.0,4,2.0,4,2.0,1.0,0.5,0,0.0,0.0,0.44,1.2,0.6,0.6,0.85,1.01,2,0,0,0,0,0.0,0.0,0.37,1.2,0.6,0.6,0.85,1.02,2,0,0,0,0,0.0,0.0,0.63,1.2,0.6,0.6,0.85,1.05,2,0,0,0,0,0.0,0.0,0.38
D'Ernest Johnson,JAC,RB,2.5,16,4,0.25,21,1.31,5.25,2.0,0.12,13,1.19,0,0.0,0,0.0,6,0.38,7,0.44,71,4.44,11.83,1.0,0.06,0,0.0,10,0.62,11,0.69,3.0,0.19,0,0.0,0.0,1.0,9.2,0.57,0.0,1.48,0.84,16,0,0,0,0,0.0,0.0,0.41,12.2,0.76,0.0,1.92,1.06,15,1,0,0,0,0.0,0.0,0.59,15.2,0.95,0.0,2.36,1.29,15,1,0,0,0,0.0,0.0,0.59
Devine Ozigbo,FA,RB,0.0,10,9,0.9,27,2.7,3.0,1.0,0.1,9,0.9,0,0.0,0,0.0,3,0.3,5,0.5,23,2.3,7.67,1.0,0.1,0,0.0,12,1.2,14,1.4,2.0,0.2,0,0.0,0.0,0.96,5.0,0.5,0.0,1.58,0.72,10,0,0,0,0,0.0,0.0,0.41,6.5,0.65,0.0,2.06,0.89,9,1,0,0,0,0.0,0.0,0.58,8.0,0.8,0.0,2.53,1.07,9,1,0,0,0,0.0,0.0,0.55
D'Ernest Johnson,JAC,RB,2.5,16,4,0.25,21,1.31,5.25,1.0,0.06,13,1.19,0,0.0,0,0.0,6,0.38,7,0.44,71,4.44,11.83,1.0,0.06,0,0.0,10,0.62,11,0.69,2.0,0.12,0,0.0,0.0,1.0,9.2,0.57,0.0,1.48,0.84,16,0,0,0,0,0.0,0.0,0.41,12.2,0.76,0.0,1.92,1.06,15,1,0,0,0,0.0,0.0,0.56,15.2,0.95,0.0,2.36,1.29,15,1,0,0,0,0.0,0.0,0.59
Josh Ferguson,FA,RB,0.0,2,3,1.5,9,4.5,3.0,1.0,0.5,7,3.5,0,0.0,0,0.0,0,0.0,0,0.0,0,0.0,0.0,0.0,0.0,0,0.0,3,1.5,3,1.5,1.0,0.5,0,0.0,0.0,0.44,0.9,0.45,0.45,0.64,0.81,2,0,0,0,0,0.0,0.0,0.29,0.9,0.45,0.45,0.64,0.82,2,0,0,0,0,0.0,0.0,0.54,0.9,0.45,0.45,0.64,0.85,2,0,0,0,0,0.0,0.0,0.3
Andrew Beck,HOU,RB,3.0,16,1,0.06,3,0.19,3.0,1.0,0.06,3,0.19,0,0.0,0,0.0,9,0.56,12,0.75,90,5.62,10.0,6.0,0.38,1,0.06,10,0.62,13,0.81,7.0,0.44,0,0.0,0.0,1.0,0.0,0.0,0.0,0.0,0.0,16,0,0,0,0,0.0,0.0,0.08,4.5,0.28,0.0,0.36,0.59,16,0,0,0,0,0.0,0.0,0.54,9.0,0.56,0.0,0.73,1.03,16,0,0,0,0,0.0,0.0,0.49
Taiwan Jones,FA,RB,0.0,11,9,0.82,40,3.64,4.44,3.0,0.27,11,1.0,0,0.0,0,0.0,1,0.09,1,0.09,9,0.82,9.0,0.0,0.0,0,0.0,10,0.91,10,0.91,3.0,0.27,0,0.0,0.0,1.0,4.9,0.45,0.0,1.48,0.65,11,0,0,0,0,0.0,0.0,0.35,5.4,0.49,0.0,1.63,0.71,11,0,0,0,0,0.0,0.0,0.51,5.9,0.54,0.0,1.78,0.78,11,0,0,0,0,0.0,0.0,0.4
Alfred Morris,FA,RB,0.0,1,1,1.0,4,4.0,4.0,1.0,1.0,4,4.0,0,0.0,0,0.0,0,0.0,0,0.0,0,0.0,0.0,0.0,0.0,0,0.0,1,1.0,1,1.0,1.0,1.0,0,0.0,0.0,0.28,0.4,0.4,0.4,0.0,0.0,1,0,0,0,0,0.0,0.0,0.0,0.4,0.4,0.4,0.0,0.0,1,0,0,0,0,0.0,0.0,0.5,0.4,0.4,0.4,0.0,0.0,1,0,0,0,0,0.0,0.0,0.0
Troymaine Pope,FA,RB,0.0,14,10,0.71,20,1.43,2.0,2.0,0.14,8,0.57,0,0.0,0,0.0,2,0.14,3,0.21,14,1.0,7.0,1.0,0.07,1,0.07,12,0.86,13,0.93,3.0,0.21,1,0.07,0.08,1.0,7.4,0.53,0.0,2.61,0.67,13,0,1,0,0,0.0,0.0,0.36,8.4,0.6,0.0,2.87,0.75,13,0,1,0,0,0.0,0.0,0.5,9.4,0.67,0.0,3.13,0.85,13,0,1,0,0,0.0,0.0,0.43
Zach Zenner,FA,RB,0.0,6,3,0.5,-2,-0.33,-0.67,0.0,0.0,1,0.17,0,0.0,0,0.0,2,0.33,3,0.5,19,3.17,9.5,2.0,0.33,0,0.0,5,0.83,6,1.0,2.0,0.33,0,0.0,0.0,0.78,1.7,0.28,0.0,0.6,0.52,6,0,0,0,0,0.0,0.0,0.24,2.7,0.45,0.0,0.84,0.77,6,0,0,0,0,0.0,0.0,0.49,3.7,0.62,0.0,1.09,1.02,6,0,0,0,0,0.0,0.0,0.4
Devontae Booker,FA,RB,0.0,16,2,0.12,9,0.56,4.5,0.0,0.0,5,0.56,0,0.0,0,0.0,6,0.38,9,0.56,57,3.56,9.5,1.0,0.06,0,0.0,8,0.5,11,0.69,1.0,0.06,0,0.0,0.0,1.0,6.6,0.41,0.0,0.75,0.72,16,0,0,0,0,0.0,0.0,0.36,9.6,0.6,0.0,1.08,0.96,16,0,0,0,0,0.0,0.0,0.49,12.6,0.79,0.0,1.43,1.21,16,0,0,0,0,0.0,0.0,0.55
Elijhaa Penny,FA,RB,0.0,16,15,0.94,39,2.44,2.6,2.0,0.12,6,1.31,0,0.0,0,0.0,2,0.12,4,0.25,9,0.56,4.5,1.0,0.06,0,0.0,17,1.06,19,1.19,3.0,0.19,0,0.0,0.0,1.0,4.8,0.3,0.0,0.65,0.54,16,0,0,0,0,0.0,0.0,0.33,5.8,0.36,0.0,0.78,0.63,16,0,0,0,0,0.0,0.0,0.46,6.8,0.42,0.0,0.93,0.73,16,0,0,0,0,0.0,0.0,0.41
Patrick DiMarco,FA,RB,0.0,16,3,0.19,7,0.44,2.33,1.0,0.06,4,0.44,0,0.0,0,0.0,5,0.31,7,0.44,41,2.56,8.2,1.0,0.06,0,0.0,8,0.5,10,0.62,2.0,0.12,0,0.0,0.0,1.0,4.8,0.3,0.0,0.79,0.51,16,0,0,0,0,0.0,0.0,0.27,7.3,0.46,0.0,1.0,0.75,16,0,0,0,0,0.0,0.0,0.42,9.8,0.61,0.0,1.24,0.98,16,0,0,0,0,0.0,0.0,0.45
Dwayne Washington,FA,RB,0.0,16,8,0.5,60,3.75,7.5,2.0,0.12,31,2.88,1,0.06,0,0.0,1,0.06,1,0.06,6,0.38,6.0,0.0,0.0,0,0.0,9,0.56,9,0.56,2.0,0.12,0,0.0,0.0,1.0,6.6,0.41,0.0,1.04,0.66,16,0,0,0,0,0.0,0.0,0.32,7.1,0.44,0.0,1.05,0.72,16,0,0,0,0,0.0,0.0,0.41,7.6,0.48,0.0,1.08,0.79,16,0,0,0,0,0.0,0.0,0.37
Tony Brooks-James,FA,RB,0.0,3,8,2.67,7,2.33,0.88,1.0,0.33,8,2.67,0,0.0,0,0.0,0,0.0,0,0.0,0,0.0,0.0,0.0,0.0,0,0.0,8,2.67,8,2.67,1.0,0.33,0,0.0,0.0,0.56,0.7,0.23,0.0,0.78,0.4,3,0,0,0,0,0.0,0.0,0.24,0.7,0.23,0.0,0.78,0.41,3,0,0,0,0,0.0,0.0,0.41,0.7,0.23,0.0,0.78,0.42,3,0,0,0,0,0.0,0.0,0.24
Alex Armah Jr.,FA,RB,0.0,16,6,0.38,11,0.69,1.83,1.0,0.06,4,0.62,0,0.0,1,0.06,2,0.12,2,0.12,6,0.38,3.0,0.0,0.0,0,0.0,8,0.5,8,0.5,1.0,0.06,0,0.0,0.0,1.0,7.7,0.48,0.0,1.51,0.7,15,1,0,0,0,0.0,0.0,0.33,8.7,0.54,0.0,1.52,0.8,16,0,0,0,0,0.0,0.0,0.4,9.7,0.61,0.0,1.55,0.92,16,0,0,0,0,0.0,0.0,0.42
Anthony Sherman,FA,RB,0.0,16,4,0.25,9,0.56,2.25,3.0,0.19,5,0.44,0,0.0,0,0.0,2,0.12,3,0.19,22,1.38,11.0,2.0,0.12,0,0.0,6,0.38,7,0.44,5.0,0.31,0,0.0,0.0,1.0,3.1,0.19,0.0,0.42,0.39,16,0,0,0,0,0.0,0.0,0.2,4.1,0.26,0.0,0.57,0.48,16,0,0,0,0,0.0,0.0,0.39,5.1,0.32,0.0,0.73,0.58,16,0,0,0,0,0.0,0.0,0.28
Dexter Williams,FA,RB,0.0,4,5,1.25,11,2.75,2.2,1.0,0.25,5,1.75,0,0.0,0,0.0,0,0.0,0,0.0,0,0.0,0.0,0.0,0.0,0,0.0,5,1.25,5,1.25,1.0,0.25,0,0.0,0.0,0.65,1.1,0.28,0.1,0.43,0.55,4,0,0,0,0,0.0,0.0,0.25,1.1,0.28,0.1,0.43,0.56,4,0,0,0,0,0.0,0.0,0.38,1.1,0.28,0.1,0.43,0.57,4,0,0,0,0,0.0,0.0,0.26
J.P. Holtz,FA,RB,0.0,15,0,0.0,0,0.0,0.0,0.0,0.0,0,0.0,0,0.0,0,0.0,7,0.47,8,0.53,91,6.07,13.0,4.0,0.27,0,0.0,7,0.47,8,0.53,4.0,0.27,0,0.0,0.0,1.0,0.0,0.0,0.0,0.0,0.0,15,0,0,0,0,0.0,0.0,0.05,3.5,0.23,0.0,0.42,0.48,15,0,0,0,0,0.0,0.0,0.38,7.0,0.47,0.0,0.83,0.82,15,0,0,0,0,0.0,0.0,0.38
James Develin,FA,RB,0.0,2,2,1.0,3,1.5,1.5,1.0,0.5,2,1.0,0,0.0,0,0.0,0,0.0,0,0.0,0,0.0,0.0,0.0,0.0,0,0.0,2,1.0,2,1.0,1.0,0.5,0,0.0,0.0,0.44,0.3,0.15,0.15,0.21,0.36,2,0,0,0,0,0.0,0.0,0.13,0.3,0.15,0.15,0.21,0.36,2,0,0,0,0,0.0,0.0,0.38,0.3,0.15,0.15,0.21,0.37,2,0,0,0,0,0.0,0.0,0.14
Nick Bawden,FA,RB,0.0,10,0,0.0,0,0.0,0.0,0.0,0.0,0,0.0,0,0.0,0,0.0,4,0.4,6,0.6,17,1.7,4.25,1.0,0.1,0,0.0,4,0.4,6,0.6,1.0,0.1,0,0.0,0.0,0.96,1.7,0.17,0.0,0.33,0.36,10,0,0,0,0,0.0,0.0,0.2,3.7,0.37,0.0,0.54,0.71,10,0,0,0,0,0.0,0.0,0.38,5.7,0.57,0.0,0.77,1.02,10,0,0,0,0,0.0,0.0,0.45
Tyler Ervin,FA,RB,0.0,10,1,0.1,10,1.0,10.0,1.0,0.1,10,1.0,0,0.0,0,0.0,2,0.2,4,0.4,11,1.1,5.5,1.0,0.1,0,0.0,3,0.3,5,0.5,2.0,0.2,0,0.0,0.0,0.96,2.1,0.21,0.0,0.49,0.41,10,0,0,0,0,0.0,0.0,0.2,3.1,0.31,0.0,0.69,0.56,10,0,0,0,0,0.0,0.0,0.36,4.1,0.41,0.0,0.89,0.71,10,0,0,0,0,0.0,0.0,0.32
T.J. Logan,FA,RB,0.0,12,3,0.25,10,0.83,3.33,1.0,0.08,6,0.83,0,0.0,0,0.0,2,0.17,3,0.25,13,1.08,6.5,1.0,0.08,0,0.0,5,0.42,6,0.5,2.0,0.17,0,0.0,0.0,1.0,2.3,0.19,0.0,0.34,0.41,12,0,0,0,0,0.0,0.0,0.21,3.3,0.27,0.0,0.48,0.54,12,0,0,0,0,0.0,0.0,0.35,4.3,0.36,0.0,0.66,0.67,12,0,0,0,0,0.0,0.0,0.32
Keith Smith,FA,RB,0.0,16,5,0.31,8,0.5,1.6,4.0,0.25,3,0.5,0,0.0,0,0.0,1,0.06,4,0.25,13,0.81,13.0,1.0,0.06,0,0.0,6,0.38,9,0.56,5.0,0.31,0,0.0,0.0,1.0,2.1,0.13,0.0,0.34,0.28,16,0,0,0,0,0.0,0.0,0.17,2.6,0.16,0.0,0.46,0.32,16,0,0,0,0,0.0,0.0,0.34,3.1,0.19,0.0,0.58,0.37,16,0,0,0,0,0.0,0.0,0.21
Ricky Ortiz,FA,RB,0.0,2,0,0.0,0,0.0,0.0,0.0,0.0,0,0.0,0,0.0,0,0.0,1,0.5,1,0.5,8,4.0,8.0,0.0,0.0,0,0.0,1,0.5,1,0.5,0.0,0.0,0,0.0,0.0,0.44,0.8,0.4,0.4,0.57,0.74,2,0,0,0,0,0.0,0.0,0.22,1.3,0.65,0.65,0.92,1.09,2,0,0,0,0,0.0,0.0,0.33,1.8,0.9,0.9,1.27,1.43,2,0,0,0,0,0.0,0.0,0.43
Samaje Perine,KC,RB,2.0,7,5,0.71,16,2.29,3.2,1.0,0.14,9,1.29,0,0.0,0,0.0,0,0.0,0,0.0,0,0.0,0.0,0.0,0.0,0,0.0,5,0.71,5,0.71,1.0,0.14,0,0.0,0.0,0.84,1.6,0.23,0.0,0.6,0.42,7,0,0,0,0,0.0,0.0,0.2,1.6,0.23,0.0,0.6,0.42,7,0,0,0,0,0.0,0.0,0.27,1.6,0.23,0.0,0.6,0.44,7,0,0,0,0,0.0,0.0,0.21
John Kelly Jr.,CLE,RB,3.0,5,3,0.6,9,1.8,3.0,1.0,0.2,6,1.2,0,0.0,0,0.0,0,0.0,0,0.0,0,0.0,0.0,0.0,0.0,0,0.0,3,0.6,3,0.6,1.0,0.2,0,0.0,0.0,0.72,0.9,0.18,0.0,0.4,0.36,5,0,0,0,0,0.0,0.0,0.15,0.9,0.18,0.0,0.4,0.37,5,0,0,0,0,0.0,0.0,0.25,0.9,0.18,0.0,0.4,0.38,5,0,0,0,0,0.0,0.0,0.15
Roosevelt Nix,FA,RB,0.0,3,0,0.0,0,0.0,0.0,0.0,0.0,0,0.0,0,0.0,0,0.0,2,0.67,3,1.0,4,1.33,2.0,0.0,0.0,0,0.0,2,0.67,3,1.0,0.0,0.0,0,0.0,0.0,0.56,0.4,0.13,0.0,0.23,0.31,3,0,0,0,0,0.0,0.0,0.13,1.4,0.47,0.0,0.81,0.81,3,0,0,0,0,0.0,0.0,0.24,2.4,0.8,0.0,1.39,1.24,3,0,0,0,0,0.0,0.0,0.33
Jordan Scarlett,FA,RB,0.0,9,4,0.44,9,1.0,2.25,1.0,0.11,6,0.67,0,0.0,0,0.0,0,0.0,0,0.0,0,0.0,0.0,0.0,0.0,0,0.0,4,0.44,4,0.44,1.0,0.11,0,0.0,0.0,0.93,0.9,0.1,0.0,0.3,0.22,9,0,0,0,0,0.0,0.0,0.12,0.9,0.1,0.0,0.3,0.22,9,0,0,0,0,0.0,0.0,0.18,0.9,0.1,0.0,0.3,0.23,9,0,0,0,0,0.0,0.0,0.13
Nick Bellore,WAS,RB,2.0,14,0,0.0,0,0.0,0.0,0.0,0.0,0,0.0,0,0.0,0,0.0,2,0.14,2,0.14,23,1.64,11.5,2.0,0.14,1,0.07,2,0.14,2,0.14,2.0,0.14,0,0.0,0.0,1.0,0.0,0.0,0.0,0.0,0.0,14,0,0,0,0,0.0,0.0,0.01,1.0,0.07,0.0,0.18,0.18,14,0,0,0,0,0.0,0.0,0.16,2.0,0.14,0.0,0.36,0.31,14,0,0,0,0,0.0,0.0,0.14
Jakob Johnson,FA,RB,0.0,4,0,0.0,0,0.0,0.0,0.0,0.0,0,0.0,0,0.0,0,0.0,1,0.25,2,0.5,5,1.25,5.0,0.0,0.0,0,0.0,1,0.25,2,0.5,0.0,0.0,0,0.0,0.0,0.65,0.5,0.12,0.0,0.25,0.29,4,0,0,0,0,0.0,0.0,0.11,1.0,0.25,0.0,0.5,0.49,4,0,0,0,0,0.0,0.0,0.16,1.5,0.38,0.0,0.75,0.68,4,0,0,0,0,0.0,0.0,0.21
De'Lance Turner,FA,RB,0.0,9,4,0.44,6,0.67,1.5,1.0,0.11,5,0.56,0,0.0,0,0.0,0,0.0,0,0.0,0,0.0,0.0,0.0,0.0,0,0.0,4,0.44,4,0.44,1.0,0.11,0,0.0,0.0,0.93,0.6,0.07,0.0,0.2,0.16,9,0,0,0,0,0.0,0.0,0.1,0.6,0.07,0.0,0.2,0.16,9,0,0,0,0,0.0,0.0,0.16,0.6,0.07,0.0,0.2,0.17,9,0,0,0,0,0.0,0.0,0.1
Ryan Nall,FA,RB,0.0,8,2,0.25,8,1.0,4.0,1.0,0.12,7,0.88,0,0.0,0,0.0,0,0.0,0,0.0,0,0.0,0.0,0.0,0.0,0,0.0,2,0.25,2,0.25,1.0,0.12,0,0.0,0.0,0.88,0.8,0.1,0.0,0.28,0.22,8,0,0,0,0,0.0,0.0,0.1,0.8,0.1,0.0,0.28,0.22,8,0,0,0,0,0.0,0.0,0.16,0.8,0.1,0.0,0.28,0.23,8,0,0,0,0,0.0,0.0,0.1
Cethan Carter,FA,RB,0.0,15,0,0.0,0,0.0,0.0,0.0,0.0,0,0.0,0,0.0,0,0.0,2,0.13,3,0.2,13,0.87,6.5,2.0,0.13,1,0.07,2,0.13,3,0.2,2.0,0.13,0,0.0,0.0,1.0,0.0,0.0,0.0,0.0,0.0,15,0,0,0,0,0.0,0.0,0.02,1.0,0.07,0.0,0.26,0.15,15,0,0,0,0,0.0,0.0,0.15,2.0,0.13,0.0,0.52,0.27,15,0,0,0,0,0.0,0.0,0.13
Buddy Howell,FA,RB,0.0,16,5,0.31,10,0.62,2.0,1.0,0.06,4,0.44,0,0.0,0,0.0,0,0.0,0,0.0,0,0.0,0.0,0.0,0.0,0,0.0,5,0.31,5,0.31,1.0,0.06,0,0.0,0.0,1.0,1.0,0.06,0.0,0.17,0.16,16,0,0,0,0,0.0,0.0,0.09,1.0,0.06,0.0,0.17,0.16,16,0,0,0,0,0.0,0.0,0.13,1.0,0.06,0.0,0.17,0.16,16,0,0,0,0,0.0,0.0,0.1
Senorise Perry,FA,RB,0.0,11,3,0.27,3,0.27,1.0,0.0,0.0,6,0.55,0,0.0,0,0.0,1,0.09,1,0.09,1,0.09,1.0,0.0,0.0,0,0.0,4,0.36,4,0.36,0.0,0.0,0,0.0,0.0,1.0,0.4,0.04,0.0,0.12,0.1,11,0,0,0,0,0.0,0.0,0.08,0.9,0.08,0.0,0.27,0.19,11,0,0,0,0,0.0,0.0,0.11,1.4,0.13,0.0,0.42,0.27,11,0,0,0,0,0.0,0.0,0.14
Michael Burton,DEN,RB,1.0,11,0,0.0,0,0.0,0.0,0.0,0.0,0,0.0,0,0.0,0,0.0,0,0.0,1,0.09,0,0.0,0.0,0.0,0.0,0,0.0,0,0.0,1,0.09,0.0,0.0,0,0.0,0.0,1.0,0.0,0.0,0.0,0.0,0.0,11,0,0,0,0,0.0,0.0,0.01,0.0,0.0,0.0,0.0,0.0,11,0,0,0,0,0.0,0.0,0.01,0.0,0.0,0.0,0.0,0.0,11,0,0,0,0,0.0,0.0,0.01
Jamize Olawale,FA,RB,0.0,16,0,0.0,0,0.0,0.0,0.0,0.0,0,0.0,0,0.0,0,0.0,0,0.0,2,0.12,0,0.0,0.0,0.0,0.0,0,0.0,0,0.0,2,0.12,0.0,0.0,0,0.0,0.0,1.0,0.0,0.0,0.0,0.0,0.0,16,0,0,0,0,0.0,0.0,0.01,0.0,0.0,0.0,0.0,0.0,16,0,0,0,0,0.0,0.0,0.01,0.0,0.0,0.0,0.0,0.0,16,0,0,0,0,0.0,0.0,0.01
Alex Collins,FA,RB,0.0,1,0,0.0,0,0.0,0.0,0.0,0.0,0,0.0,0,0.0,0,0.0,0,0.0,0,0.0,0,0.0,0.0,0.0,0.0,0,0.0,0,0.0,0,0.0,0.0,0.0,0,0.0,0.0,0.28,0.0,0.0,0.0,0.0,0.0,1,0,0,0,0,0.0,0.0,0.0,0.0,0.0,0.0,0.0,0.0,1,0,0,0,0,0.0,0.0,0.0,0.0,0.0,0.0,0.0,0.0,1,0,0,0,0,0.0,0.0,0.0
Chandler Cox,FA,RB,0.0,13,0,0.0,0,0.0,0.0,0.0,0.0,0,0.0,0,0.0,0,0.0,0,0.0,0,0.0,0,0.0,0.0,0.0,0.0,0,0.0,0,0.0,0,0.0,0.0,0.0,0,0.0,0.0,1.0,0.0,0.0,0.0,0.0,0.0,13,0,0,0,0,0.0,0.0,0.0,0.0,0.0,0.0,0.0,0.0,13,0,0,0,0,0.0,0.0,0.0,0.0,0.0,0.0,0.0,0.0,13,0,0,0,0,0.0,0.0,0.0
Cullen Gillaspia,FA,RB,0.0,16,0,0.0,0,0.0,0.0,0.0,0.0,0,0.0,0,0.0,0,0.0,0,0.0,0,0.0,0,0.0,0.0,0.0,0.0,0,0.0,0,0.0,0,0.0,0.0,0.0,0,0.0,0.0,1.0,0.0,0.0,0.0,0.0,0.0,16,0,0,0,0,0.0,0.0,0.0,0.0,0.0,0.0,0.0,0.0,16,0,0,0,0,0.0,0.0,0.0,0.0,0.0,0.0,0.0,0.0,16,0,0,0,0,0.0,0.0,0.0
Christine Michael,FA,RB,0.0,1,0,0.0,0,0.0,0.0,0.0,0.0,0,0.0,0,0.0,0,0.0,0,0.0,0,0.0,0,0.0,0.0,0.0,0.0,0,0.0,0,0.0,0,0.0,0.0,0.0,0,0.0,0.0,0.28,0.0,0.0,0.0,0.0,0.0,1,0,0,0,0,0.0,0.0,0.0,0.0,0.0,0.0,0.0,0.0,1,0,0,0,0,0.0,0.0,0.0,0.0,0.0,0.0,0.0,0.0,1,0,0,0,0,0.0,0.0,0.0
Craig Reynolds,DET,RB,2.0,3,0,0.0,0,0.0,0.0,0.0,0.0,0,0.0,0,0.0,0,0.0,0,0.0,0,0.0,0,0.0,0.0,0.0,0.0,0,0.0,0,0.0,0,0.0,0.0,0.0,0,0.0,0.0,0.56,0.0,0.0,0.0,0.0,0.0,3,0,0,0,0,0.0,0.0,0.0,0.0,0.0,0.0,0.0,0.0,3,0,0,0,0,0.0,0.0,0.0,0.0,0.0,0.0,0.0,0.0,3,0,0,0,0,0.0,0.0,0.0
Brandin Bryant,FA,RB,0.0,4,0,0.0,0,0.0,0.0,0.0,0.0,0,0.0,0,0.0,0,0.0,0,0.0,0,0.0,0,0.0,0.0,0.0,0.0,0,0.0,0,0.0,0,0.0,0.0,0.0,0,0.0,0.0,0.65,0.0,0.0,0.0,0.0,0.0,4,0,0,0,0,0.0,0.0,0.0,0.0,0.0,0.0,0.0,0.0,4,0,0,0,0,0.0,0.0,0.0,0.0,0.0,0.0,0.0,0.0,4,0,0,0,0,0.0,0.0,0.0
Lavon Coleman,FA,RB,0.0,1,0,0.0,0,0.0,0.0,0.0,0.0,0,0.0,0,0.0,0,0.0,0,0.0,0,0.0,0,0.0,0.0,0.0,0.0,0,0.0,0,0.0,0,0.0,0.0,0.0,0,0.0,0.0,0.28,0.0,0.0,0.0,0.0,0.0,1,0,0,0,0,0.0,0.0,0.0,0.0,0.0,0.0,0.0,0.0,1,0,0,0,0,0.0,0.0,0.0,0.0,0.0,0.0,0.0,0.0,1,0,0,0,0,0.0,0.0,0.0
DuJuan Harris,FA,RB,0.0,1,0,0.0,0,0.0,0.0,0.0,0.0,0,0.0,0,0.0,0,0.0,0,0.0,0,0.0,0,0.0,0.0,0.0,0.0,0,0.0,0,0.0,0,0.0,0.0,0.0,0,0.0,0.0,0.28,0.0,0.0,0.0,0.0,0.0,1,0,0,0,0,0.0,0.0,0.0,0.0,0.0,0.0,0.0,0.0,1,0,0,0,0,0.0,0.0,0.0,0.0,0.0,0.0,0.0,0.0,1,0,0,0,0,0.0,0.0,0.0
Derrick Coleman,FA,RB,0.0,1,0,0.0,0,0.0,0.0,0.0,0.0,0,0.0,0,0.0,0,0.0,0,0.0,0,0.0,0,0.0,0.0,0.0,0.0,0,0.0,0,0.0,0,0.0,0.0,0.0,0,0.0,0.0,0.28,0.0,0.0,0.0,0.0,0.0,1,0,0,0,0,0.0,0.0,0.0,0.0,0.0,0.0,0.0,0.0,1,0,0,0,0,0.0,0.0,0.0,0.0,0.0,0.0,0.0,0.0,1,0,0,0,0,0.0,0.0,0.0
Donnie Ernsberger,FA,RB,0.0,1,0,0.0,0,0.0,0.0,0.0,0.0,0,0.0,0,0.0,0,0.0,0,0.0,0,0.0,0,0.0,0.0,0.0,0.0,0,0.0,0,0.0,0,0.0,0.0,0.0,0,0.0,0.0,0.28,0.0,0.0,0.0,0.0,0.0,1,0,0,0,0,0.0,0.0,0.0,0.0,0.0,0.0,0.0,0.0,1,0,0,0,0,0.0,0.0,0.0,0.0,0.0,0.0,0.0,0.0,1,0,0,0,0,0.0,0.0,0.0
D.J. Foster,FA,RB,0.0,6,0,0.0,0,0.0,0.0,0.0,0.0,0,0.0,0,0.0,0,0.0,0,0.0,0,0.0,0,0.0,0.0,0.0,0.0,0,0.0,0,0.0,0,0.0,0.0,0.0,0,0.0,0.0,0.78,0.0,0.0,0.0,0.0,0.0,6,0,0,0,0,0.0,0.0,0.0,0.0,0.0,0.0,0.0,0.0,6,0,0,0,0,0.0,0.0,0.0,0.0,0.0,0.0,0.0,0.0,6,0,0,0,0,0.0,0.0,0.0
David Fluellen,FA,RB,0.0,2,0,0.0,0,0.0,0.0,0.0,0.0,0,0.0,0,0.0,0,0.0,0,0.0,0,0.0,0,0.0,0.0,0.0,0.0,0,0.0,0,0.0,0,0.0,0.0,0.0,0,0.0,0.0,0.44,0.0,0.0,0.0,0.0,0.0,2,0,0,0,0,0.0,0.0,0.0,0.0,0.0,0.0,0.0,0.0,2,0,0,0,0,0.0,0.0,0.0,0.0,0.0,0.0,0.0,0.0,2,0,0,0,0,0.0,0.0,0.0
Austin Walter,FA,RB,0.0,1,0,0.0,0,0.0,0.0,0.0,0.0,0,0.0,0,0.0,0,0.0,0,0.0,0,0.0,0,0.0,0.0,0.0,0.0,0,0.0,0,0.0,0,0.0,0.0,0.0,0,0.0,0.0,0.28,0.0,0.0,0.0,0.0,0.0,1,0,0,0,0,0.0,0.0,0.0,0.0,0.0,0.0,0.0,0.0,1,0,0,0,0,0.0,0.0,0.0,0.0,0.0,0.0,0.0,0.0,1,0,0,0,0,0.0,0.0,0.0
Detrez Newsome,FA,RB,0.0,1,0,0.0,0,0.0,0.0,0.0,0.0,0,0.0,0,0.0,0,0.0,0,0.0,0,0.0,0,0.0,0.0,0.0,0.0,0,0.0,0,0.0,0,0.0,0.0,0.0,0,0.0,0.0,0.28,0.0,0.0,0.0,0.0,0.0,1,0,0,0,0,0.0,0.0,0.0,0.0,0.0,0.0,0.0,0.0,1,0,0,0,0,0.0,0.0,0.0,0.0,0.0,0.0,0.0,0.0,1,0,0,0,0,0.0,0.0,0.0
Cameron Artis-Payne,FA,RB,0.0,1,0,0.0,0,0.0,0.0,0.0,0.0,0,0.0,0,0.0,0,0.0,0,0.0,0,0.0,0,0.0,0.0,0.0,0.0,0,0.0,0,0.0,0,0.0,0.0,0.0,0,0.0,0.0,0.28,0.0,0.0,0.0,0.0,0.0,1,0,0,0,0,0.0,0.0,0.0,0.0,0.0,0.0,0.0,0.0,1,0,0,0,0,0.0,0.0,0.0,0.0,0.0,0.0,0.0,0.0,1,0,0,0,0,0.0,0.0,0.0
Bryce Love,FA,RB,0.0,1,0,0.0,0,0.0,0.0,0.0,0.0,0,0.0,0,0.0,0,0.0,0,0.0,0,0.0,0,0.0,0.0,0.0,0.0,0,0.0,0,0.0,0,0.0,0.0,0.0,0,0.0,0.0,0.28,0.0,0.0,0.0,0.0,0.0,1,0,0,0,0,0.0,0.0,0.0,0.0,0.0,0.0,0.0,0.0,1,0,0,0,0,0.0,0.0,0.0,0.0,0.0,0.0,0.0,0.0,1,0,0,0,0,0.0,0.0,0.0
Chris Ivory,FA,RB,0.0,1,0,0.0,0,0.0,0.0,0.0,0.0,0,0.0,0,0.0,0,0.0,0,0.0,0,0.0,0,0.0,0.0,0.0,0.0,0,0.0,0,0.0,0,0.0,0.0,0.0,0,0.0,0.0,0.28,0.0,0.0,0.0,0.0,0.0,1,0,0,0,0,0.0,0.0,0.0,0.0,0.0,0.0,0.0,0.0,1,0,0,0,0,0.0,0.0,0.0,0.0,0.0,0.0,0.0,0.0,1,0,0,0,0,0.0,0.0,0.0
Jeremy McNichols,WAS,RB,3.0,1,0,0.0,0,0.0,0.0,0.0,0.0,0,0.0,0,0.0,0,0.0,0,0.0,0,0.0,0,0.0,0.0,0.0,0.0,0,0.0,0,0.0,0,0.0,0.0,0.0,0,0.0,0.0,0.28,0.0,0.0,0.0,0.0,0.0,1,0,0,0,0,0.0,0.0,0.0,0.0,0.0,0.0,0.0,0.0,1,0,0,0,0,0.0,0.0,0.0,0.0,0.0,0.0,0.0,0.0,1,0,0,0,0,0.0,0.0,0.0
Jeremy Hill,FA,RB,0.0,1,0,0.0,0,0.0,0.0,0.0,0.0,0,0.0,0,0.0,0,0.0,0,0.0,0,0.0,0,0.0,0.0,0.0,0.0,0,0.0,0,0.0,0,0.0,0.0,0.0,0,0.0,0.0,0.28,0.0,0.0,0.0,0.0,0.0,1,0,0,0,0,0.0,0.0,0.0,0.0,0.0,0.0,0.0,0.0,1,0,0,0,0,0.0,0.0,0.0,0.0,0.0,0.0,0.0,0.0,1,0,0,0,0,0.0,0.0,0.0
Jeremy Langford,FA,RB,0.0,1,0,0.0,0,0.0,0.0,0.0,0.0,0,0.0,0,0.0,0,0.0,0,0.0,0,0.0,0,0.0,0.0,0.0,0.0,0,0.0,0,0.0,0,0.0,0.0,0.0,0,0.0,0.0,0.28,0.0,0.0,0.0,0.0,0.0,1,0,0,0,0,0.0,0.0,0.0,0.0,0.0,0.0,0.0,0.0,1,0,0,0,0,0.0,0.0,0.0,0.0,0.0,0.0,0.0,0.0,1,0,0,0,0,0.0,0.0,0.0
Jamaal Charles,FA,RB,0.0,1,0,0.0,0,0.0,0.0,0.0,0.0,0,0.0,0,0.0,0,0.0,0,0.0,0,0.0,0,0.0,0.0,0.0,0.0,0,0.0,0,0.0,0,0.0,0.0,0.0,0,0.0,0.0,0.28,0.0,0.0,0.0,0.0,0.0,1,0,0,0,0,0.0,0.0,0.0,0.0,0.0,0.0,0.0,0.0,1,0,0,0,0,0.0,0.0,0.0,0.0,0.0,0.0,0.0,0.0,1,0,0,0,0,0.0,0.0,0.0
Jason Cabinda,FA,RB,0.0,5,0,0.0,0,0.0,0.0,0.0,0.0,0,0.0,0,0.0,0,0.0,0,0.0,0,0.0,0,0.0,0.0,0.0,0.0,0,0.0,0,0.0,0,0.0,0.0,0.0,0,0.0,0.0,0.72,0.0,0.0,0.0,0.0,0.0,5,0,0,0,0,0.0,0.0,0.0,0.0,0.0,0.0,0.0,0.0,5,0,0,0,0,0.0,0.0,0.0,0.0,0.0,0.0,0.0,0.0,5,0,0,0,0,0.0,0.0,0.0
Rod Smith,FA,RB,0.0,7,0,0.0,0,0.0,0.0,0.0,0.0,0,0.0,0,0.0,0,0.0,0,0.0,0,0.0,0,0.0,0.0,0.0,0.0,0,0.0,0,0.0,0,0.0,0.0,0.0,0,0.0,0.0,0.84,0.0,0.0,0.0,0.0,0.0,7,0,0,0,0,0.0,0.0,0.0,0.0,0.0,0.0,0.0,0.0,7,0,0,0,0,0.0,0.0,0.0,0.0,0.0,0.0,0.0,0.0,7,0,0,0,0,0.0,0.0,0.0
LeGarrette Blount,FA,RB,0.0,1,0,0.0,0,0.0,0.0,0.0,0.0,0,0.0,0,0.0,0,0.0,0,0.0,0,0.0,0,0.0,0.0,0.0,0.0,0,0.0,0,0.0,0,0.0,0.0,0.0,0,0.0,0.0,0.28,0.0,0.0,0.0,0.0,0.0,1,0,0,0,0,0.0,0.0,0.0,0.0,0.0,0.0,0.0,0.0,1,0,0,0,0,0.0,0.0,0.0,0.0,0.0,0.0,0.0,0.0,1,0,0,0,0,0.0,0.0,0.0
Kenneth Dixon,FA,RB,0.0,1,0,0.0,0,0.0,0.0,0.0,0.0,0,0.0,0,0.0,0,0.0,0,0.0,0,0.0,0,0.0,0.0,0.0,0.0,0,0.0,0,0.0,0,0.0,0.0,0.0,0,0.0,0.0,0.28,0.0,0.0,0.0,0.0,0.0,1,0,0,0,0,0.0,0.0,0.0,0.0,0.0,0.0,0.0,0.0,1,0,0,0,0,0.0,0.0,0.0,0.0,0.0,0.0,0.0,0.0,1,0,0,0,0,0.0,0.0,0.0
Lamar Miller,FA,RB,0.0,1,0,0.0,0,0.0,0.0,0.0,0.0,0,0.0,0,0.0,0,0.0,0,0.0,0,0.0,0,0.0,0.0,0.0,0.0,0,0.0,0,0.0,0,0.0,0.0,0.0,0,0.0,0.0,0.28,0.0,0.0,0.0,0.0,0.0,1,0,0,0,0,0.0,0.0,0.0,0.0,0.0,0.0,0.0,0.0,1,0,0,0,0,0.0,0.0,0.0,0.0,0.0,0.0,0.0,0.0,1,0,0,0,0,0.0,0.0,0.0
Jonathan Stewart,FA,RB,0.0,1,0,0.0,0,0.0,0.0,0.0,0.0,0,0.0,0,0.0,0,0.0,0,0.0,0,0.0,0,0.0,0.0,0.0,0.0,0,0.0,0,0.0,0,0.0,0.0,0.0,0,0.0,0.0,0.28,0.0,0.0,0.0,0.0,0.0,1,0,0,0,0,0.0,0.0,0.0,0.0,0.0,0.0,0.0,0.0,1,0,0,0,0,0.0,0.0,0.0,0.0,0.0,0.0,0.0,0.0,1,0,0,0,0,0.0,0.0,0.0
Jordan Chunn,FA,RB,0.0,1,0,0.0,0,0.0,0.0,0.0,0.0,0,0.0,0,0.0,0,0.0,0,0.0,0,0.0,0,0.0,0.0,0.0,0.0,0,0.0,0,0.0,0,0.0,0.0,0.0,0,0.0,0.0,0.28,0.0,0.0,0.0,0.0,0.0,1,0,0,0,0,0.0,0.0,0.0,0.0,0.0,0.0,0.0,0.0,1,0,0,0,0,0.0,0.0,0.0,0.0,0.0,0.0,0.0,0.0,1,0,0,0,0,0.0,0.0,0.0
Justin Davis,FA,RB,0.0,1,0,0.0,0,0.0,0.0,0.0,0.0,0,0.0,0,0.0,0,0.0,0,0.0,0,0.0,0,0.0,0.0,0.0,0.0,0,0.0,0,0.0,0,0.0,0.0,0.0,0,0.0,0.0,0.28,0.0,0.0,0.0,0.0,0.0,1,0,0,0,0,0.0,0.0,0.0,0.0,0.0,0.0,0.0,0.0,1,0,0,0,0,0.0,0.0,0.0,0.0,0.0,0.0,0.0,0.0,1,0,0,0,0,0.0,0.0,0.0
Joe Williams,FA,RB,0.0,1,0,0.0,0,0.0,0.0,0.0,0.0,0,0.0,0,0.0,0,0.0,0,0.0,0,0.0,0,0.0,0.0,0.0,0.0,0,0.0,0,0.0,0,0.0,0.0,0.0,0,0.0,0.0,0.28,0.0,0.0,0.0,0.0,0.0,1,0,0,0,0,0.0,0.0,0.0,0.0,0.0,0.0,0.0,0.0,1,0,0,0,0,0.0,0.0,0.0,0.0,0.0,0.0,0.0,0.0,1,0,0,0,0,0.0,0.0,0.0
Tre Madden,FA,RB,0.0,1,0,0.0,0,0.0,0.0,0.0,0.0,0,0.0,0,0.0,0,0.0,0,0.0,0,0.0,0,0.0,0.0,0.0,0.0,0,0.0,0,0.0,0,0.0,0.0,0.0,0,0.0,0.0,0.28,0.0,0.0,0.0,0.0,0.0,1,0,0,0,0,0.0,0.0,0.0,0.0,0.0,0.0,0.0,0.0,1,0,0,0,0,0.0,0.0,0.0,0.0,0.0,0.0,0.0,0.0,1,0,0,0,0,0.0,0.0,0.0
Robert Turbin,FA,RB,0.0,2,0,0.0,0,0.0,0.0,0.0,0.0,0,0.0,0,0.0,0,0.0,0,0.0,0,0.0,0,0.0,0.0,0.0,0.0,0,0.0,0,0.0,0,0.0,0.0,0.0,0,0.0,0.0,0.44,0.0,0.0,0.0,0.0,0.0,2,0,0,0,0,0.0,0.0,0.0,0.0,0.0,0.0,0.0,0.0,2,0,0,0,0,0.0,0.0,0.0,0.0,0.0,0.0,0.0,0.0,2,0,0,0,0,0.0,0.0,0.0
Mike Gillislee,FA,RB,0.0,1,0,0.0,0,0.0,0.0,0.0,0.0,0,0.0,0,0.0,0,0.0,0,0.0,0,0.0,0,0.0,0.0,0.0,0.0,0,0.0,0,0.0,0,0.0,0.0,0.0,0,0.0,0.0,0.28,0.0,0.0,0.0,0.0,0.0,1,0,0,0,0,0.0,0.0,0.0,0.0,0.0,0.0,0.0,0.0,1,0,0,0,0,0.0,0.0,0.0,0.0,0.0,0.0,0.0,0.0,1,0,0,0,0,0.0,0.0,0.0
Stevan Ridley,FA,RB,0.0,1,0,0.0,0,0.0,0.0,0.0,0.0,0,0.0,0,0.0,0,0.0,0,0.0,0,0.0,0,0.0,0.0,0.0,0.0,0,0.0,0,0.0,0,0.0,0.0,0.0,0,0.0,0.0,0.28,0.0,0.0,0.0,0.0,0.0,1,0,0,0,0,0.0,0.0,0.0,0.0,0.0,0.0,0.0,0.0,1,0,0,0,0,0.0,0.0,0.0,0.0,0.0,0.0,0.0,0.0,1,0,0,0,0,0.0,0.0,0.0
Travaris Cadet,FA,RB,0.0,1,0,0.0,0,0.0,0.0,0.0,0.0,0,0.0,0,0.0,0,0.0,0,0.0,0,0.0,0,0.0,0.0,0.0,0.0,0,0.0,0,0.0,0,0.0,0.0,0.0,0,0.0,0.0,0.28,0.0,0.0,0.0,0.0,0.0,1,0,0,0,0,0.0,0.0,0.0,0.0,0.0,0.0,0.0,0.0,1,0,0,0,0,0.0,0.0,0.0,0.0,0.0,0.0,0.0,0.0,1,0,0,0,0,0.0,0.0,0.0
Trenton Cannon,FA,RB,0.0,4,0,0.0,0,0.0,0.0,0.0,0.0,0,0.0,0,0.0,0,0.0,0,0.0,0,0.0,0,0.0,0.0,0.0,0.0,0,0.0,0,0.0,0,0.0,0.0,0.0,0,0.0,0.0,0.65,0.0,0.0,0.0,0.0,0.0,4,0,0,0,0,0.0,0.0,0.0,0.0,0.0,0.0,0.0,0.0,4,0,0,0,0,0.0,0.0,0.0,0.0,0.0,0.0,0.0,0.0,4,0,0,0,0,0.0,0.0,0.0
Trayveon Williams,CIN,RB,1.0,11,0,0.0,0,0.0,0.0,0.0,0.0,0,0.0,0,0.0,0,0.0,0,0.0,0,0.0,0,0.0,0.0,0.0,0.0,0,0.0,0,0.0,0,0.0,0.0,0.0,0,0.0,0.0,1.0,0.0,0.0,0.0,0.0,0.0,11,0,0,0,0,0.0,0.0,0.0,0.0,0.0,0.0,0.0,0.0,11,0,0,0,0,0.0,0.0,0.0,0.0,0.0,0.0,0.0,0.0,11,0,0,0,0,0.0,0.0,0.0
Corey Clement,FA,RB,0.0,4,0,0.0,0,0.0,0.0,0.0,0.0,0,0.0,0,0.0,0,0.0,0,0.0,0,0.0,0,0.0,0.0,0.0,0.0,0,0.0,0,0.0,0,0.0,0.0,0.0,2,0.5,0.0,0.65,-4.0,-1.0,-1.0,1.15,-1.56,4,0,0,0,0,0.0,0.0,-0.66,-4.0,-1.0,-1.0,1.15,-1.58,4,0,0,0,0,0.0,0.0,-0.67,-4.0,-1.0,-1.0,1.15,-1.63,4,0,0,0,0,0.0,0.0,-0.68
