Player,TEAM,POS,DPCHT,G,rush_ATT,rush_ATT_mean,rush_YDS,rush_YDS_mean,rush_Y/A,rush_FD,rush_FD_mean,rush_LG,rush_LG_mean,rush_20,rush_20_mean,rush_TD,rush_TD_mean,rec_REC,rec_REC_mean,rec_TGT,rec_TGT_mean,rec_YDS,rec_YDS_mean,rec_Y/R,rec_FD,rec_FD_mean,rec_TD,rec_TD_mean,TOU,TOU_mean,OPP,OPP_mean,FD,FD_mean,FL,FL_mean,FL/T,INJCOR,FPTS,FPTS_mean,FPTS_median,FPTS_std,FPTS_adj,FPTS_bad,FPTS_poor,FPTS_okay,FPTS_good,FPTS_great,FPTS_QSRat,FPTS_GSRat,FPTS_Score,HALF,HALF_mean,HALF_median,HALF_std,HALF_adj,HALF_bad,HALF_poor,HALF_okay,HALF_good,HALF_great,HALF_QSRat,HALF_GSRat,HALF_Score,PPR,PPR_mean,PPR_median,PPR_std,PPR_adj,PPR_bad,PPR_poor,PPR_okay,PPR_good,PPR_great,PPR_QSRat,PPR_GSRat,PPR_Score,YOE,proj_HALF_mean,proj_HALF,proj_RANK
Christian McCaffrey,SF,RB,1.0,15.0,239.29,15.83,1222.29,80.27,5.03,67.14,4.37,57.71,23.36,7.71,0.47,10.43,0.66,67.86,4.58,84.14,5.62,583.0,39.6,8.63,31.0,2.14,5.57,0.35,307.14,20.41,323.43,21.45,98.14,6.5,1.14,0.07,0.01,0.98,275.79,17.99,17.24,8.06,17.21,0.57,0.29,1.0,3.57,9.57,10.1,2.08,20.26,309.71,20.28,19.44,8.7,19.31,0.29,0.57,0.71,3.71,9.71,10.9,2.16,25.38,343.64,22.57,21.47,9.44,21.7,0.29,0.57,0.14,4.29,9.71,11.48,2.16,23.89,3,20.56,349.45,1.0
Derrick Henry,BAL,RB,1.0,15.43,291.0,19.55,1240.14,83.42,4.25,61.57,4.15,66.29,22.46,6.14,0.4,12.0,0.82,28.0,1.85,35.14,2.3,258.0,17.05,9.03,8.14,0.56,0.0,0.0,319.0,21.41,326.14,21.86,69.71,4.71,0.86,0.05,0.0,0.98,227.1,15.3,16.59,8.75,14.33,3.14,1.14,0.57,2.14,8.43,2.33,1.25,17.07,241.1,16.23,17.99,8.81,15.38,3.29,1.57,0.0,2.29,8.29,2.33,1.15,20.33,255.1,17.15,19.15,8.92,16.68,3.29,0.86,0.71,2.86,7.71,2.33,1.02,18.85,3,13.06,222.01,8.0
Kyren Williams,LAR,RB,1.0,10.67,163.67,14.13,809.0,69.35,4.67,43.33,3.7,43.0,16.01,4.67,0.39,8.0,0.67,24.33,2.15,36.0,3.17,162.67,14.61,7.11,7.67,0.71,2.0,0.17,188.0,16.28,199.67,17.29,51.0,4.41,1.33,0.11,0.01,0.96,155.83,13.28,13.13,6.03,13.09,2.33,1.67,0.0,0.67,6.0,3.33,2.0,15.16,168.0,14.36,14.5,6.52,14.13,2.33,1.67,0.0,1.33,5.33,3.33,1.33,18.03,180.17,15.44,15.17,7.09,15.37,2.33,1.67,0.0,2.0,4.67,3.33,0.93,16.36,2,10.75,182.82,19.0
James Conner,ARI,RB,1.0,13.29,200.0,15.09,925.14,70.06,4.61,53.86,4.06,36.71,18.58,7.57,0.58,8.14,0.61,33.86,2.55,41.0,3.1,233.57,17.42,6.8,12.57,0.94,1.86,0.14,233.86,17.64,241.0,18.19,66.43,5.0,0.29,0.02,0.0,1.0,175.3,13.16,13.8,7.44,12.9,0.86,3.14,1.57,2.29,5.43,1.41,0.71,14.53,192.23,14.44,14.97,7.73,14.21,1.43,2.86,1.43,2.71,4.86,1.34,0.58,17.87,209.16,15.71,15.69,8.13,15.72,0.86,3.43,1.57,2.71,4.71,1.29,0.55,16.21,3,11.22,190.74,15.0
Alvin Kamara,NO,RB,1.0,13.57,200.86,14.8,781.14,57.46,3.89,41.43,3.07,21.71,13.59,1.29,0.09,4.0,0.3,65.86,4.9,80.71,5.98,469.0,34.64,7.34,20.86,1.55,1.86,0.14,266.71,19.7,281.57,20.78,62.29,4.62,1.14,0.08,0.0,1.0,161.3,11.95,11.11,6.77,12.01,2.0,1.29,2.29,4.14,3.86,1.9,0.41,13.27,194.23,14.4,13.51,7.3,14.42,1.29,2.29,1.57,4.43,4.0,2.37,0.45,17.7,227.16,16.85,15.97,8.09,16.92,0.71,2.86,1.57,3.29,5.14,2.37,0.69,17.59,3,12.86,218.65,11.0
Saquon Barkley,PHI,RB,1.0,14.57,248.57,17.0,1009.29,68.74,4.02,50.71,3.46,45.86,20.29,7.0,0.48,6.57,0.44,45.57,3.11,64.14,4.39,294.14,20.15,6.51,13.86,0.96,2.57,0.19,294.14,20.11,312.71,21.39,64.57,4.43,1.29,0.09,0.01,1.0,184.34,12.59,11.9,6.97,12.52,2.29,2.86,1.0,2.57,5.86,1.66,0.73,13.99,207.13,14.14,13.64,7.41,14.04,1.86,3.14,0.57,3.29,5.71,1.92,0.68,17.63,229.91,15.7,15.18,7.9,15.79,2.29,2.14,1.14,3.0,6.0,1.92,0.74,16.78,3,10.38,176.39,21.0
Jonathan Taylor,IND,RB,1.0,11.57,198.86,17.02,928.14,78.06,4.56,50.43,4.23,58.71,21.3,5.71,0.47,7.71,0.65,24.57,2.09,31.86,2.69,179.71,15.17,7.35,5.71,0.48,0.86,0.07,223.43,19.11,230.71,19.71,56.14,4.71,1.14,0.09,0.0,0.98,159.93,13.47,12.54,7.62,13.08,1.57,1.29,1.71,2.43,4.57,1.94,0.68,14.1,172.21,14.51,14.3,7.73,14.26,1.86,0.43,2.57,2.29,4.43,1.52,0.64,17.41,184.5,15.56,15.66,7.95,15.65,1.86,0.43,2.29,3.0,4.0,1.61,0.54,16.1,3,13.05,221.81,9.0
Josh Jacobs,GB,RB,1.0,14.43,261.29,18.02,1056.86,71.47,3.93,52.43,3.49,64.57,18.05,4.0,0.27,8.14,0.55,44.0,3.03,58.29,4.06,333.14,23.05,7.65,15.14,1.06,0.0,0.0,305.29,21.06,319.57,22.08,67.57,4.55,1.14,0.08,0.0,1.0,185.57,12.6,11.56,7.36,12.37,1.57,2.43,3.0,2.86,4.57,1.06,0.51,13.37,207.57,14.12,12.93,7.71,13.92,1.29,2.71,2.71,2.43,5.29,1.18,0.61,16.98,229.57,15.63,14.06,8.19,15.67,1.43,2.57,3.0,2.29,5.14,1.06,0.59,15.78,3,13.78,234.33,6.0
Austin Ekeler,WAS,RB,1.0,15.14,190.0,12.58,750.43,49.15,3.92,40.14,2.64,56.0,15.09,3.29,0.22,8.29,0.53,69.71,4.5,92.0,6.0,547.86,35.71,8.13,26.14,1.7,3.14,0.19,259.71,17.08,282.0,18.57,66.29,4.33,3.57,0.24,0.02,1.0,191.83,12.4,9.45,7.56,12.02,2.71,3.14,1.29,1.86,6.14,1.84,0.69,12.41,226.69,14.65,12.88,7.81,14.29,1.71,2.14,3.14,1.43,6.71,1.62,0.82,16.95,261.54,16.9,16.06,8.22,16.76,1.71,1.57,2.86,2.0,7.0,3.08,0.91,17.48,3,13.85,235.38,5.0
Joe Mixon,HOU,RB,1.0,16.29,249.14,15.28,999.0,61.25,4.0,54.57,3.34,41.14,15.15,3.71,0.23,9.0,0.55,52.86,3.27,64.86,4.01,385.71,23.84,7.3,14.43,0.89,2.71,0.17,302.0,18.55,314.0,19.29,69.0,4.23,0.14,0.01,0.0,1.0,209.61,12.87,11.7,7.65,12.71,0.57,2.43,4.29,4.86,4.14,1.25,0.37,13.29,236.04,14.5,12.84,7.93,14.35,0.71,2.0,3.57,5.57,4.43,1.77,0.39,16.8,262.47,16.13,13.78,8.29,16.22,0.71,2.43,3.71,4.43,5.0,1.44,0.47,15.72,3,11.21,190.5,16.0
Breece Hall,NYJ,RB,1.0,13.67,175.33,12.56,817.0,61.03,4.9,33.33,2.52,76.0,24.75,5.67,0.42,4.67,0.38,57.0,3.88,73.67,5.2,466.67,33.55,9.01,21.33,1.48,3.0,0.21,232.33,16.44,249.0,17.76,54.67,4.0,0.33,0.05,0.0,0.95,175.03,12.99,13.27,8.47,12.35,2.33,2.0,1.67,2.33,5.33,1.58,0.6,13.23,203.53,14.93,14.53,8.89,14.28,2.0,1.0,2.67,2.67,5.33,2.75,0.6,16.74,232.03,16.87,15.53,9.47,16.41,2.0,0.0,4.0,1.67,6.0,1.58,0.73,15.73,2,10.41,177.04,20.0
Travis Etienne Jr.,JAC,RB,1.0,17.0,251.33,14.79,1047.0,61.59,4.22,52.67,3.1,62.0,19.53,6.67,0.39,9.0,0.53,50.33,2.96,63.67,3.74,422.67,24.86,8.48,20.67,1.21,0.67,0.04,301.67,17.75,315.0,18.53,73.33,4.31,1.0,0.06,0.0,1.0,206.3,12.14,11.3,8.0,11.64,3.67,2.33,2.67,3.0,5.33,0.98,0.47,12.56,231.47,13.62,13.13,8.11,13.19,3.33,1.67,3.33,3.33,5.33,1.14,0.47,16.15,256.63,15.09,14.97,8.26,14.99,3.33,1.67,2.67,4.0,5.33,1.4,0.47,15.59,2,12.45,211.61,13.0
Bijan Robinson,ATL,RB,1.0,17.0,214.0,12.59,976.0,57.41,4.56,50.0,2.94,38.0,16.24,7.0,0.41,4.0,0.24,58.0,3.41,86.0,5.06,487.0,28.65,8.4,24.0,1.41,4.0,0.24,272.0,16.0,300.0,17.65,74.0,4.35,3.0,0.18,0.01,1.0,188.3,11.08,12.2,6.6,11.16,3.0,1.0,4.0,5.0,4.0,1.12,0.31,12.58,217.3,12.78,12.2,7.17,12.79,3.0,0.0,5.0,3.0,6.0,1.12,0.55,15.65,246.3,14.49,13.0,7.85,14.59,3.0,0.0,5.0,2.0,7.0,1.12,0.7,14.65,1,15.64,265.91,2.0
De'Von Achane,MIA,RB,2.0,11.0,103.0,9.36,800.0,72.73,7.77,30.0,2.73,76.0,29.36,8.0,0.73,8.0,0.73,27.0,2.45,37.0,3.36,197.0,17.91,7.3,10.0,0.91,3.0,0.27,130.0,11.82,140.0,12.73,40.0,3.64,1.0,0.09,0.01,1.0,163.7,14.88,12.1,13.89,12.45,3.0,1.0,1.0,1.0,5.0,1.2,0.83,13.1,177.2,16.11,12.6,14.25,13.57,3.0,1.0,1.0,1.0,5.0,1.2,0.83,15.57,190.7,17.34,13.1,14.64,14.93,3.0,0.0,2.0,1.0,5.0,1.2,0.83,14.5,1,13.5,229.56,7.0
David Montgomery,DET,RB,1.0,14.57,214.71,14.82,930.14,64.39,4.32,53.29,3.7,56.71,17.1,3.57,0.25,9.86,0.69,24.86,1.69,32.43,2.21,200.14,13.49,7.86,9.43,0.65,0.29,0.02,239.57,16.52,247.14,17.04,62.71,4.35,1.29,0.08,0.0,1.0,172.31,11.94,10.45,6.47,12.07,2.29,1.71,1.57,5.43,3.57,2.4,0.35,12.73,184.74,12.79,11.13,6.67,13.01,2.29,1.57,2.29,4.86,3.57,1.73,0.35,15.32,197.17,13.63,11.76,6.94,14.15,2.43,1.14,4.57,4.14,2.29,0.82,0.19,13.17,3,10.02,170.34,24.0
Kenneth Walker III,SEA,RB,1.0,15.0,222.0,14.8,953.33,63.55,4.29,47.67,3.18,54.67,22.53,8.0,0.54,8.33,0.55,28.33,1.89,36.33,2.42,227.67,15.18,7.99,8.0,0.53,0.67,0.05,250.33,16.69,258.33,17.22,55.67,3.71,0.0,0.0,0.0,1.0,172.1,11.47,11.13,7.44,11.22,2.67,1.67,2.67,4.0,4.0,1.14,0.36,12.21,186.27,12.42,11.97,7.47,12.29,2.67,2.0,2.67,4.0,3.67,1.05,0.32,14.73,200.43,13.36,13.13,7.58,13.57,2.67,2.0,2.33,4.33,3.67,1.14,0.32,13.91,2,10.17,172.97,23.0
Jahmyr Gibbs,DET,RB,2.0,15.0,182.0,12.13,945.0,63.0,5.19,42.0,2.8,36.0,21.67,10.0,0.67,10.0,0.67,52.0,3.47,71.0,4.73,316.0,21.07,6.08,20.0,1.33,1.0,0.07,234.0,15.6,253.0,16.87,62.0,4.13,1.0,0.07,0.0,1.0,190.1,12.67,9.0,7.56,12.35,1.0,4.0,3.0,1.0,6.0,0.88,0.67,11.87,216.1,14.41,9.3,8.03,14.01,1.0,3.0,4.0,1.0,6.0,0.88,0.67,14.72,242.1,16.14,12.6,8.67,15.85,2.0,3.0,2.0,2.0,6.0,1.14,0.67,14.9,1,14.25,242.17,4.0
Rachaad White,TB,RB,1.0,17.0,224.33,13.2,820.33,48.26,3.67,39.67,2.34,37.0,13.27,2.67,0.16,4.33,0.25,59.33,3.49,66.0,3.88,462.67,27.21,7.65,19.67,1.15,2.67,0.16,283.67,16.68,290.33,17.08,59.33,3.49,2.33,0.14,0.01,1.0,165.63,9.74,8.77,5.32,10.25,5.0,1.67,2.0,4.33,4.0,1.29,0.37,10.83,195.3,11.49,11.5,5.64,12.12,4.0,2.67,1.0,4.67,4.67,1.7,0.47,14.72,224.97,13.23,14.27,6.08,14.17,2.67,3.33,1.67,5.0,4.33,1.7,0.39,14.84,2,9.18,156.12,27.0
Tony Pollard,TEN,RB,1.0,16.43,217.71,13.15,964.71,58.61,4.56,50.14,3.04,42.29,18.32,6.57,0.4,6.29,0.38,48.14,2.92,60.57,3.67,331.86,20.29,7.18,14.14,0.87,0.86,0.05,265.86,16.07,278.29,16.82,64.29,3.9,0.57,0.03,0.0,1.0,173.37,10.56,9.51,6.24,10.84,2.57,4.71,1.86,4.29,3.0,0.83,0.26,10.99,197.44,12.02,12.1,6.67,12.3,2.71,4.57,1.0,5.14,3.0,1.04,0.26,14.71,221.51,13.47,14.0,7.22,13.91,3.29,3.43,1.43,4.71,3.57,1.06,0.3,14.24,3,9.63,163.74,25.0
Isiah Pacheco,KC,RB,1.0,15.0,193.33,13.09,900.0,60.8,4.67,47.67,3.25,42.33,16.93,5.0,0.35,6.33,0.43,33.67,2.35,37.33,2.61,206.0,14.17,7.03,10.33,0.71,1.33,0.09,227.0,15.45,230.67,15.7,58.0,3.96,1.33,0.09,0.0,1.0,153.93,10.49,9.83,5.96,10.79,2.67,2.67,3.0,4.0,2.67,0.85,0.27,11.02,170.77,11.66,11.3,6.33,11.96,2.67,3.0,2.33,4.33,2.67,1.03,0.27,14.16,187.6,12.83,12.63,6.79,13.3,2.67,2.33,4.0,3.33,2.67,0.93,0.27,13.14,2,10.84,184.25,18.0
Najee Harris,PIT,RB,1.0,17.0,267.29,15.72,1058.29,62.25,3.96,50.86,2.99,29.86,15.48,5.71,0.34,7.57,0.44,38.86,2.29,50.29,2.96,229.29,13.49,5.85,12.86,0.76,1.29,0.08,306.14,18.01,317.57,18.68,63.71,3.75,1.14,0.07,0.0,1.0,179.67,10.57,9.2,6.03,10.94,3.71,2.0,3.43,4.29,3.57,0.93,0.27,11.18,199.1,11.71,10.41,6.13,12.23,3.57,1.57,4.0,4.57,3.29,1.06,0.26,14.08,218.53,12.86,12.16,6.38,13.67,3.57,1.57,4.0,4.57,3.29,1.06,0.26,13.47,3,8.35,141.97,31.0
D'Andre Swift,CHI,RB,1.0,15.0,180.71,11.86,842.43,55.3,4.76,38.57,2.52,47.0,17.06,4.71,0.31,5.0,0.33,44.86,3.06,59.14,4.03,298.0,20.55,6.49,12.0,0.83,1.71,0.12,225.57,14.91,239.86,15.9,50.57,3.35,0.71,0.05,0.0,1.0,153.47,10.26,9.31,6.33,10.45,3.43,1.29,4.14,3.43,2.71,0.73,0.25,10.58,175.9,11.79,11.5,6.64,12.02,2.71,1.86,3.43,4.29,2.71,0.9,0.25,13.89,198.33,13.32,13.0,7.08,13.74,2.57,1.71,3.43,4.57,2.71,0.95,0.25,13.56,3,10.24,174.09,22.0
Raheem Mostert,MIA,RB,1.0,13.29,171.43,11.48,835.71,57.32,5.6,46.43,3.17,48.71,18.69,5.71,0.38,11.14,0.74,23.14,1.51,30.29,1.97,157.71,10.27,5.86,6.57,0.43,2.29,0.15,194.57,12.99,201.71,13.45,53.0,3.6,0.86,0.06,0.0,0.9,178.2,11.98,10.26,7.17,11.02,2.43,1.14,1.43,4.0,4.29,2.41,0.45,11.71,189.77,12.73,10.83,7.63,11.73,2.43,1.14,2.0,3.43,4.29,1.7,0.45,13.77,201.34,13.49,10.96,8.15,12.6,3.0,0.86,2.86,2.57,4.0,0.99,0.38,11.99,3,12.85,218.41,12.0
Aaron Jones Sr.,MIN,RB,1.0,13.29,166.43,12.59,809.29,60.53,4.81,40.14,3.03,40.71,16.09,4.14,0.3,2.29,0.18,41.43,3.05,54.43,4.06,301.86,22.47,7.43,16.0,1.2,2.86,0.19,207.86,15.63,220.86,16.65,56.14,4.23,1.57,0.11,0.01,1.0,139.4,10.32,7.74,7.35,10.12,3.43,1.86,2.0,3.14,2.86,0.82,0.27,10.0,160.11,11.84,10.07,7.54,11.7,2.86,2.29,2.0,3.29,2.86,0.85,0.27,13.7,180.83,13.36,12.16,7.81,13.47,2.43,1.86,2.43,3.14,3.43,0.96,0.33,13.29,3,11.32,192.52,14.0
Rhamondre Stevenson,NE,RB,1.0,13.43,168.14,12.54,737.43,54.17,4.33,39.29,2.93,53.57,15.82,2.71,0.17,4.43,0.33,43.43,3.14,56.86,4.12,273.86,19.87,6.58,8.71,0.64,0.29,0.02,211.57,15.68,225.0,16.66,48.0,3.57,1.0,0.07,0.01,1.0,127.41,9.36,8.38,6.12,9.63,3.43,2.0,2.43,2.71,2.86,0.71,0.26,9.96,149.13,10.92,10.71,6.69,11.14,3.71,1.71,1.29,3.57,3.14,1.1,0.3,13.6,170.84,12.49,12.89,7.35,12.8,3.86,1.57,0.43,4.14,3.43,1.37,0.34,13.56,3,10.97,186.57,17.0
Brian Robinson Jr.,WAS,RB,2.0,14.0,187.0,13.61,754.33,54.72,4.04,47.67,3.45,27.33,14.64,3.33,0.24,4.0,0.28,27.0,1.85,32.67,2.25,265.33,18.02,9.04,11.0,0.75,3.0,0.21,214.0,15.46,219.67,15.85,58.67,4.2,1.33,0.09,0.01,1.0,142.63,10.09,8.42,5.78,10.49,1.67,2.0,4.0,4.67,1.67,0.82,0.13,10.19,156.13,11.01,9.45,6.11,11.45,2.33,2.0,3.67,3.67,2.33,0.75,0.2,13.1,169.63,11.94,10.95,6.53,12.55,2.33,3.0,3.67,2.67,2.33,0.56,0.2,11.87,2,8.97,152.52,29.0
Ezekiel Elliott,LAC,RB,1.0,16.43,205.0,12.57,760.29,46.68,3.68,41.57,2.56,24.14,11.63,1.86,0.12,6.57,0.42,40.71,2.43,53.0,3.17,246.14,14.68,5.93,10.29,0.62,1.43,0.09,245.71,15.01,258.0,15.75,51.86,3.18,0.71,0.04,0.0,1.0,148.1,9.09,9.93,5.05,9.77,4.71,1.57,4.14,3.86,2.14,0.73,0.17,10.4,168.46,10.3,11.19,5.46,11.03,4.14,2.29,3.86,4.43,1.71,0.77,0.12,12.97,188.81,11.52,11.94,6.02,12.41,3.57,2.86,3.86,4.43,1.71,0.77,0.12,12.23,3,5.97,101.46,44.0
Nick Chubb,CLE,RB,1.0,8.0,134.86,15.4,712.71,87.05,5.7,33.0,4.07,33.14,21.16,6.0,0.63,4.57,0.28,12.86,1.8,16.43,2.02,105.14,11.79,6.77,5.29,0.58,0.43,0.03,147.71,17.2,151.29,17.42,38.29,4.65,0.43,0.03,0.0,0.68,111.5,11.72,11.39,5.72,12.21,0.14,2.0,1.14,1.71,3.0,1.24,0.33,9.28,117.93,12.63,12.17,6.57,12.88,0.43,2.14,0.71,1.71,3.0,1.24,0.33,11.99,124.36,13.53,12.96,7.44,13.8,1.0,1.57,1.0,1.71,2.71,1.12,0.28,10.02,3,14.5,246.58,3.0
James Cook,BUF,RB,1.0,17.0,188.33,11.08,923.0,54.29,5.08,43.0,2.53,39.0,15.9,6.0,0.35,2.0,0.12,36.33,2.14,46.67,2.75,356.67,20.98,9.6,12.33,0.72,3.0,0.18,224.67,13.22,235.0,13.83,55.33,3.26,1.67,0.1,0.01,1.0,154.63,9.1,8.0,6.86,8.98,5.0,2.67,3.0,2.67,3.67,0.77,0.3,9.29,172.8,10.16,9.1,7.07,10.1,5.33,3.33,2.33,2.33,3.67,0.64,0.3,11.73,190.97,11.23,9.77,7.38,11.37,5.0,4.33,1.67,2.67,3.33,0.64,0.28,10.84,2,12.89,219.19,10.0
Devin Singletary,NYG,RB,1.0,17.0,201.14,11.83,872.29,51.31,4.36,40.86,2.4,29.71,14.57,4.0,0.24,4.71,0.28,33.71,1.98,43.71,2.57,222.86,13.11,6.59,9.86,0.58,0.43,0.03,234.86,13.82,244.86,14.4,50.71,2.98,0.86,0.05,0.0,1.0,141.06,8.3,6.91,6.09,8.54,6.14,2.57,3.0,2.71,2.57,0.46,0.18,8.39,157.91,9.29,8.23,6.32,9.6,5.86,2.43,3.71,2.43,2.57,0.42,0.18,10.8,174.77,10.28,9.26,6.66,10.78,5.71,3.14,3.0,2.57,2.57,0.44,0.18,10.21,3,8.76,148.91,30.0
Gus Edwards,LAC,RB,2.0,14.33,161.0,10.99,684.33,47.8,4.39,42.67,3.03,40.33,15.96,5.0,0.34,9.67,0.62,8.0,0.47,9.33,0.58,120.0,7.06,10.0,3.33,0.19,0.0,0.0,169.0,11.46,170.33,11.57,46.0,3.23,1.67,0.12,0.01,0.98,136.43,9.06,8.03,6.76,9.04,3.0,4.33,1.33,2.67,3.0,0.63,0.25,8.81,140.43,9.3,8.37,6.89,9.35,5.33,2.0,2.0,2.0,3.0,0.51,0.25,10.58,144.43,9.53,8.7,7.03,9.82,6.67,1.0,2.33,2.0,2.33,0.41,0.18,9.12,2,9.0,153.0,28.0
Javonte Williams,DEN,RB,1.0,12.71,166.43,12.81,629.57,49.81,3.92,33.43,2.54,23.86,14.49,2.0,0.12,2.29,0.14,37.57,3.18,47.0,4.09,197.14,16.23,5.18,8.57,0.74,1.57,0.09,204.0,16.0,213.43,16.9,42.0,3.29,1.0,0.11,0.01,0.9,106.1,7.94,7.24,4.34,8.9,2.0,3.86,4.14,1.14,1.57,0.22,0.11,7.78,124.89,9.53,8.27,5.1,10.38,2.0,4.43,3.14,1.0,2.14,0.33,0.16,10.49,143.67,11.12,9.7,6.02,11.98,2.0,4.14,3.43,0.71,2.43,0.33,0.26,10.03,3,6.23,105.9,42.0
Chuba Hubbard,CAR,RB,1.0,16.0,187.71,11.48,736.0,45.3,4.08,45.43,2.77,26.29,11.81,3.57,0.22,4.14,0.25,29.86,1.82,35.29,2.16,206.86,12.88,7.89,7.71,0.48,0.14,0.01,217.57,13.29,223.0,13.63,53.14,3.25,0.43,0.03,0.0,1.0,119.14,7.33,6.3,5.29,7.82,4.71,3.71,3.29,3.43,0.86,0.36,0.06,7.53,134.07,8.24,7.6,5.37,8.89,4.57,3.86,3.29,2.86,1.43,0.36,0.1,10.17,149.0,9.15,9.0,5.53,10.11,5.14,3.43,4.86,1.14,1.43,0.19,0.1,9.4,3,5.62,95.61,47.0
AJ Dillon,GB,RB,2.0,15.86,181.57,11.48,685.0,43.04,3.76,38.86,2.43,35.71,12.04,1.71,0.11,3.86,0.23,25.43,1.6,33.57,2.1,231.0,14.59,9.21,10.43,0.66,0.29,0.02,207.0,13.07,215.14,13.58,49.29,3.09,0.14,0.01,0.0,1.0,116.17,7.26,6.57,4.34,8.16,5.29,3.43,4.57,1.71,0.86,0.2,0.06,7.59,128.89,8.06,7.57,4.61,9.05,5.29,3.43,4.86,1.14,1.14,0.17,0.08,9.88,141.6,8.86,8.63,5.0,10.03,6.0,3.0,4.43,1.14,1.29,0.19,0.09,9.18,3,5.52,93.85,49.0
Antonio Gibson,NE,RB,2.0,15.71,116.57,7.46,455.57,29.12,3.95,25.86,1.65,18.71,9.75,0.86,0.06,2.43,0.15,46.57,2.97,57.71,3.68,365.14,23.24,7.82,17.71,1.13,2.14,0.13,163.14,10.43,174.29,11.14,43.57,2.78,1.71,0.1,0.01,1.0,106.36,6.79,5.79,3.8,7.76,6.86,2.57,3.29,2.14,0.86,0.33,0.09,6.99,129.64,8.27,7.81,4.17,9.41,5.71,3.14,3.71,2.14,1.0,0.33,0.08,9.86,152.93,9.75,9.55,4.64,11.14,4.57,4.29,3.14,2.43,1.29,0.37,0.11,9.94,3,6.06,103.09,43.0
Keaton Mitchell,BAL,RB,2.0,7.0,47.0,6.71,396.0,56.57,8.43,19.0,2.71,60.0,28.57,7.0,1.0,2.0,0.29,9.0,1.29,11.0,1.57,93.0,13.29,10.33,5.0,0.71,0.0,0.0,56.0,8.0,58.0,8.29,24.0,3.43,0.0,0.0,0.0,0.84,60.9,8.7,8.8,6.03,8.97,2.0,1.0,2.0,1.0,1.0,0.4,0.17,7.23,65.4,9.34,9.8,6.04,9.76,2.0,1.0,2.0,1.0,1.0,0.4,0.17,9.55,69.9,9.99,10.8,6.06,10.73,2.0,1.0,2.0,1.0,1.0,0.4,0.17,8.49,1,2.3,39.14,77.0
Kareem Hunt,KC,RB,2.0,14.57,123.43,8.6,423.71,30.42,3.53,33.43,2.34,20.71,10.14,0.86,0.07,6.71,0.48,21.71,1.55,28.43,2.02,132.86,9.84,6.04,7.43,0.55,0.29,0.02,145.14,10.15,151.86,10.62,40.86,2.9,0.0,0.0,0.0,0.98,97.94,7.06,7.45,5.15,7.53,6.14,2.43,2.57,2.86,0.57,0.39,0.06,7.4,108.8,7.83,8.52,5.4,8.38,6.71,1.71,3.29,2.29,0.57,0.32,0.06,9.53,119.66,8.61,9.27,5.69,9.36,6.14,2.86,2.71,2.29,0.57,0.32,0.06,8.75,3,2.89,49.05,72.0
Tyler Allgeier,ATL,RB,2.0,16.67,194.0,11.67,800.33,48.35,4.09,43.67,2.63,35.33,14.19,3.33,0.21,3.67,0.22,17.33,1.04,21.0,1.25,175.0,10.46,10.04,6.67,0.4,1.0,0.06,211.33,12.71,215.0,12.92,50.33,3.04,0.0,0.0,0.0,1.0,127.53,7.68,6.2,5.56,8.06,6.0,4.67,1.0,3.67,1.33,0.47,0.09,7.65,136.2,8.19,6.37,5.79,8.64,8.33,2.33,1.33,3.67,1.0,0.41,0.06,9.39,144.87,8.71,7.07,6.07,9.35,10.33,0.33,1.33,3.67,1.0,0.41,0.06,8.44,2,6.49,110.38,39.0
Jaylen Warren,PIT,RB,2.0,16.67,125.0,7.44,649.0,38.64,5.15,30.67,1.83,59.67,15.04,5.0,0.3,3.0,0.18,50.0,2.98,60.33,3.59,318.0,18.97,6.59,17.33,1.04,0.0,0.0,175.0,10.42,185.33,11.04,48.0,2.87,1.33,0.08,0.01,1.0,112.03,6.67,4.62,4.65,7.27,7.0,3.0,3.67,1.0,2.0,0.23,0.14,6.34,137.03,8.16,6.87,4.64,9.03,4.33,4.33,5.33,0.67,2.0,0.21,0.14,9.34,162.03,9.64,8.38,4.7,10.98,3.33,5.0,5.67,0.67,2.0,0.21,0.14,9.29,2,9.34,158.82,26.0
Dameon Pierce,HOU,RB,2.0,13.67,170.0,12.55,590.33,43.88,3.34,27.33,2.05,39.67,13.43,3.0,0.23,2.67,0.2,18.67,1.39,24.33,1.81,122.33,9.04,7.01,4.33,0.32,0.33,0.03,188.67,13.94,194.33,14.35,31.67,2.37,0.67,0.05,0.0,1.0,91.93,6.82,6.4,4.6,7.44,5.67,1.33,2.33,3.33,1.0,0.57,0.1,7.7,101.27,7.51,6.97,4.84,8.2,6.33,1.0,2.67,2.67,1.0,0.5,0.1,9.33,110.6,8.21,7.53,5.14,9.07,6.33,1.67,3.0,2.0,0.67,0.34,0.06,8.53,2,4.23,71.92,61.0
Zack Moss,CIN,RB,1.0,13.57,144.86,10.57,633.29,46.22,4.39,32.86,2.39,46.71,14.8,4.0,0.29,3.71,0.27,21.86,1.6,29.43,2.15,149.0,10.86,6.3,8.0,0.58,1.29,0.09,166.71,12.16,174.29,12.71,40.86,2.98,0.43,0.03,0.0,1.0,108.51,7.9,5.61,6.9,7.78,5.0,2.43,2.57,1.57,2.0,0.39,0.18,7.31,119.44,8.7,6.07,7.2,8.6,5.29,2.86,2.0,1.43,2.0,0.37,0.18,9.29,130.37,9.49,6.67,7.61,9.54,5.0,3.57,1.57,1.43,2.0,0.37,0.18,8.42,3,7.21,122.61,34.0
D'Onta Foreman,CLE,RB,2.0,11.0,139.29,12.66,584.86,52.29,4.12,29.71,2.68,34.71,13.43,3.43,0.27,4.14,0.39,9.0,0.93,13.29,1.35,69.0,7.31,7.44,4.57,0.5,0.57,0.06,148.29,13.59,152.57,14.01,34.29,3.17,0.14,0.02,0.0,0.95,93.96,8.69,6.16,8.6,8.27,4.57,0.57,2.86,1.43,1.57,0.37,0.15,7.38,98.46,9.15,6.44,8.82,8.78,4.57,2.14,1.57,1.14,1.57,0.33,0.15,9.23,102.96,9.62,6.89,9.07,9.42,5.0,2.43,1.0,1.14,1.43,0.3,0.13,8.0,3,7.31,124.34,33.0
Darrell Henderson Jr.,FA,RB,0.0,6.86,67.57,10.35,243.14,32.28,3.2,12.43,1.58,19.86,9.58,0.43,0.04,2.71,0.43,14.71,2.26,20.0,3.1,113.14,19.72,8.47,4.29,0.67,0.43,0.04,82.29,12.6,87.57,13.45,16.71,2.25,0.0,0.0,0.0,0.79,54.49,8.0,8.11,4.22,9.02,2.43,0.86,1.43,1.86,0.29,0.46,0.03,6.81,61.84,9.13,9.64,4.2,10.46,2.71,0.29,2.0,1.57,0.29,0.42,0.03,8.8,69.2,10.26,11.26,4.32,12.04,2.57,0.43,1.43,2.14,0.29,0.8,0.03,8.88,3,4.37,74.37,60.0
Dalvin Cook,DAL,RB,1.0,15.29,149.29,9.73,623.0,40.6,3.76,28.14,1.85,40.57,12.96,2.71,0.18,3.14,0.2,24.57,1.6,34.43,2.24,160.86,10.39,6.07,7.57,0.48,0.57,0.03,173.86,11.33,183.71,11.97,35.71,2.33,2.57,0.16,0.02,1.0,95.81,6.19,5.63,4.09,6.5,9.14,1.29,1.29,1.86,1.71,0.49,0.15,6.7,108.1,6.99,6.56,4.33,7.41,9.14,1.71,0.86,1.86,1.71,0.49,0.15,8.6,120.39,7.8,7.37,4.65,8.42,9.0,1.86,0.86,1.71,1.86,0.49,0.18,8.19,3,6.43,109.23,40.0
Miles Sanders,CAR,RB,2.0,15.71,167.29,10.59,717.14,45.73,4.1,36.14,2.29,44.29,14.44,4.14,0.27,3.71,0.22,24.86,1.61,35.71,2.3,132.86,8.69,5.24,6.0,0.39,0.0,0.0,192.14,12.2,203.0,12.89,42.14,2.68,1.86,0.11,0.01,1.0,103.86,6.56,4.96,4.98,6.93,7.57,3.43,1.71,1.57,1.43,0.29,0.12,6.52,116.29,7.36,5.8,5.39,7.78,8.14,3.43,1.14,1.86,1.14,0.29,0.09,8.5,128.71,8.17,6.79,5.87,8.74,9.14,2.43,1.14,1.86,1.14,0.29,0.09,7.95,3,6.82,115.93,37.0
Tyjae Spears,TEN,RB,2.0,17.0,100.0,5.88,453.0,26.65,4.53,24.0,1.41,23.0,13.06,3.0,0.18,2.0,0.12,52.0,3.06,70.0,4.12,385.0,22.65,7.4,17.0,1.0,1.0,0.06,152.0,8.94,170.0,10.0,41.0,2.41,0.0,0.0,0.0,1.0,101.8,5.99,5.5,4.74,6.55,8.0,4.0,2.0,2.0,1.0,0.21,0.06,6.19,127.8,7.52,6.5,5.06,8.2,8.0,3.0,3.0,2.0,1.0,0.21,0.06,8.45,153.8,9.05,7.3,5.47,9.97,6.0,5.0,2.0,3.0,1.0,0.31,0.06,8.38,1,8.2,139.41,32.0
Jerome Ford,CLE,RB,3.0,15.67,138.67,8.21,546.0,32.19,3.16,22.33,1.32,49.0,14.81,3.33,0.19,2.67,0.16,29.33,1.73,42.0,2.47,212.67,12.51,4.83,10.67,0.63,3.33,0.19,168.0,9.93,180.67,10.68,33.0,1.95,0.67,0.04,0.0,1.0,111.87,6.59,5.53,4.34,6.73,7.67,0.0,3.33,2.0,2.67,0.47,0.21,6.74,126.53,7.45,6.8,4.34,7.71,7.0,0.67,4.0,2.0,2.0,0.37,0.14,8.45,141.2,8.31,7.93,4.41,8.82,6.33,0.67,4.0,2.67,2.0,0.47,0.14,8.46,2,5.32,90.42,53.0
Jamaal Williams,NO,RB,2.0,14.14,157.29,10.74,565.29,37.97,3.38,35.43,2.39,29.14,10.94,1.29,0.08,5.86,0.36,17.43,1.28,20.0,1.46,78.71,5.68,4.57,2.57,0.18,0.0,0.0,174.71,12.02,177.29,12.2,38.0,2.57,0.57,0.03,0.0,1.0,98.97,6.51,5.46,4.36,7.01,7.14,2.14,2.29,0.71,1.86,0.28,0.17,6.7,107.69,7.15,5.76,4.74,7.7,7.71,1.57,2.29,0.71,1.86,0.28,0.17,8.38,116.4,7.79,5.96,5.18,8.5,8.14,1.43,2.29,0.43,1.86,0.23,0.17,7.45,3,5.91,100.45,45.0
Khalil Herbert,CIN,RB,2.0,12.86,127.0,10.04,619.86,49.03,4.87,25.14,1.97,43.86,15.86,4.57,0.36,2.57,0.2,16.0,1.28,23.43,1.88,106.57,8.49,6.62,6.57,0.53,0.86,0.07,143.0,11.32,150.43,11.92,31.71,2.5,0.57,0.05,0.01,1.0,93.21,7.38,4.63,6.92,7.32,6.71,1.43,1.86,0.43,2.43,0.29,0.25,6.67,101.21,8.01,5.06,7.18,7.99,7.0,1.86,1.14,0.71,2.14,0.29,0.22,8.32,109.21,8.65,5.54,7.47,8.8,7.14,1.71,1.14,0.86,2.0,0.29,0.21,7.57,3,6.86,116.58,36.0
Latavius Murray,FA,RB,0.0,15.14,111.0,7.53,460.14,31.34,4.04,33.14,2.23,38.0,10.49,3.0,0.2,4.86,0.33,18.86,1.26,24.43,1.64,116.43,7.71,6.47,5.43,0.35,0.0,0.0,129.86,8.78,135.43,9.16,38.57,2.58,0.0,0.0,0.0,1.0,87.37,5.91,4.69,4.47,6.48,7.71,2.43,2.71,1.57,0.71,0.22,0.06,5.73,96.8,6.53,5.45,4.56,7.25,7.57,3.0,2.43,1.43,0.71,0.21,0.06,7.61,106.23,7.16,6.27,4.7,8.13,7.86,3.14,2.29,1.14,0.71,0.17,0.06,6.96,3,3.51,59.64,68.0
Alexander Mattison,LV,RB,1.0,16.29,143.14,8.87,551.0,34.14,3.84,26.0,1.6,23.14,10.07,0.86,0.05,1.86,0.11,26.0,1.61,35.86,2.22,168.29,10.42,6.41,5.43,0.33,2.14,0.13,169.14,10.48,179.0,11.09,31.43,1.94,1.29,0.08,0.01,1.0,93.36,5.76,4.4,4.86,6.31,9.0,1.14,3.0,1.86,1.29,0.25,0.09,5.83,106.36,6.56,5.0,5.21,7.16,9.0,2.0,2.14,2.43,0.71,0.25,0.05,7.33,119.36,7.37,5.41,5.61,8.11,8.71,2.29,2.14,2.43,0.71,0.25,0.05,6.9,3,5.48,93.2,50.0
Leonard Fournette,FA,RB,0.0,7.71,86.57,8.64,329.71,31.64,3.56,18.71,1.73,18.43,8.96,1.0,0.07,2.0,0.14,30.71,2.01,35.71,2.34,214.29,13.97,2.99,11.71,0.77,1.14,0.07,117.29,10.65,122.29,10.98,30.43,2.5,0.0,0.0,0.0,0.68,72.97,5.8,5.01,3.12,5.71,2.57,1.43,0.71,1.57,1.43,0.37,0.12,5.22,88.33,6.8,6.13,3.43,6.64,2.0,1.29,1.57,1.29,1.57,0.36,0.15,7.3,103.69,7.81,6.96,3.78,7.65,2.0,0.57,2.0,1.29,1.86,0.41,0.17,6.86,3,5.12,87.03,55.0
Cordarrelle Patterson,PIT,RB,3.0,14.0,91.57,6.57,390.29,28.18,4.03,20.43,1.48,27.29,9.35,1.43,0.11,3.14,0.23,18.57,1.29,25.57,1.79,134.86,9.12,5.58,6.57,0.44,1.29,0.08,110.14,7.86,117.14,8.36,27.0,1.93,0.29,0.02,0.0,1.0,80.23,5.7,5.03,4.07,6.11,8.29,2.0,1.29,1.14,1.29,0.29,0.12,5.76,89.51,6.35,5.57,4.27,6.83,8.57,1.43,1.71,0.71,1.57,0.27,0.16,7.25,98.8,7.0,5.94,4.55,7.64,9.14,0.86,1.86,0.86,1.29,0.24,0.12,6.69,3,3.59,60.98,67.0
Zach Charbonnet,SEA,RB,2.0,16.0,108.0,6.75,462.0,28.88,4.28,32.0,2.0,23.0,10.62,4.0,0.25,1.0,0.06,33.0,2.06,40.0,2.5,209.0,13.06,6.33,7.0,0.44,0.0,0.0,141.0,8.81,148.0,9.25,39.0,2.44,0.0,0.0,0.0,1.0,73.1,4.57,4.3,3.74,5.31,8.0,6.0,1.0,0.0,1.0,0.07,0.07,4.95,89.6,5.6,5.15,4.04,6.46,9.0,4.0,2.0,1.0,0.0,0.07,0.0,6.88,106.1,6.63,5.65,4.5,7.67,9.0,3.0,2.0,2.0,0.0,0.14,0.0,6.45,1,4.89,83.05,58.0
Elijah Mitchell,SF,RB,2.0,9.43,85.29,8.93,377.86,42.01,4.58,19.0,2.14,26.43,13.42,1.14,0.13,2.43,0.28,7.0,0.71,8.57,0.88,29.57,2.76,3.03,2.29,0.23,0.14,0.01,92.29,9.64,93.86,9.82,21.29,2.37,0.0,0.0,0.0,0.92,56.17,6.21,4.68,5.42,6.5,6.0,0.57,0.57,1.29,1.0,0.34,0.17,5.47,59.67,6.57,4.88,5.54,6.94,5.71,1.0,0.43,1.57,0.71,0.34,0.12,6.85,63.17,6.92,5.21,5.71,7.48,5.71,1.0,0.43,1.86,0.43,0.34,0.05,5.91,3,2.29,38.99,78.0
Melvin Gordon III,FA,RB,0.0,7.43,69.57,8.1,268.29,28.85,3.44,13.43,1.43,27.43,12.24,1.0,0.17,2.29,0.27,12.86,1.39,16.29,1.68,120.43,14.84,12.4,6.14,0.82,0.29,0.02,82.43,9.49,85.86,9.78,19.57,2.25,1.57,0.23,0.02,0.79,51.17,5.66,5.81,3.83,6.45,2.29,2.43,1.29,1.14,0.29,0.16,0.02,5.08,57.6,6.35,6.72,4.15,7.19,2.71,2.14,0.86,1.43,0.29,0.21,0.02,6.81,64.03,7.04,7.61,4.52,8.04,2.43,2.57,0.71,1.43,0.29,0.21,0.02,6.28,3,4.58,77.89,59.0
Clyde Edwards-Helaire,NO,RB,3.0,12.86,77.29,6.4,287.57,24.51,3.66,14.14,1.19,28.71,9.55,1.14,0.1,2.0,0.18,17.29,1.4,22.43,1.83,167.43,13.16,9.74,8.29,0.7,1.71,0.15,94.57,7.8,99.71,8.22,22.43,1.88,0.29,0.03,0.0,0.98,67.5,5.74,3.96,5.57,5.97,8.0,0.86,1.43,1.29,1.29,0.3,0.13,5.21,76.14,6.44,4.55,5.99,6.69,8.0,1.43,0.57,1.71,1.14,0.37,0.11,6.7,84.79,7.14,5.14,6.44,7.5,8.0,1.86,0.14,1.71,1.14,0.37,0.11,6.32,3,3.42,58.19,69.0
Cam Akers,MIN,RB,2.0,8.57,88.71,8.83,320.43,28.82,2.87,18.14,1.79,23.14,10.56,0.86,0.06,3.14,0.3,10.43,1.36,12.43,1.53,74.86,8.66,6.68,3.57,0.39,0.0,0.0,99.14,10.19,101.14,10.37,21.71,2.18,0.57,0.04,0.0,0.83,57.24,5.45,4.78,4.25,6.05,3.71,1.71,2.0,0.57,0.57,0.1,0.04,4.95,62.46,6.13,5.74,4.38,6.99,3.71,1.71,2.0,0.57,0.57,0.1,0.04,6.67,67.67,6.81,6.71,4.55,8.05,3.43,2.86,1.14,0.57,0.57,0.1,0.04,6.25,3,6.87,116.71,35.0
Samaje Perine,KC,RB,3.0,16.43,65.29,4.0,283.71,17.38,4.39,15.0,0.91,28.57,7.22,1.14,0.07,1.29,0.08,43.29,2.62,51.0,3.09,370.0,22.28,8.39,17.57,1.05,1.29,0.08,108.57,6.62,116.29,7.09,32.57,1.97,1.14,0.07,0.01,1.0,78.51,4.79,3.19,4.46,5.35,11.29,1.14,2.0,1.14,0.86,0.15,0.07,4.4,100.16,6.1,4.56,4.77,6.83,10.43,2.0,2.0,1.14,0.86,0.15,0.07,6.53,121.8,7.41,5.64,5.17,8.38,9.86,2.29,1.86,1.57,0.86,0.18,0.07,6.64,3,6.33,107.55,41.0
Jeff Wilson Jr.,MIA,RB,3.0,11.57,85.0,6.74,395.14,30.77,4.55,19.86,1.54,22.71,10.5,2.0,0.13,1.71,0.12,15.29,1.31,21.43,1.76,105.86,8.65,6.5,3.86,0.31,0.29,0.02,100.29,8.05,106.43,8.5,23.71,1.86,0.57,0.03,0.0,0.97,60.96,4.7,4.4,3.92,5.28,6.86,1.29,1.71,1.0,0.71,0.17,0.06,4.89,68.6,5.36,5.29,4.28,6.0,7.86,0.29,2.0,0.71,0.71,0.14,0.06,6.42,76.24,6.01,5.77,4.7,6.8,7.29,0.86,2.0,0.71,0.71,0.14,0.06,5.99,3,5.38,91.41,52.0
Roschon Johnson,CHI,RB,2.0,15.0,81.0,5.4,352.0,23.47,4.35,16.0,1.07,29.0,10.87,2.0,0.13,2.0,0.13,34.0,2.27,40.0,2.67,209.0,13.93,6.15,6.0,0.4,0.0,0.0,115.0,7.67,121.0,8.07,22.0,1.47,0.0,0.0,0.0,1.0,68.1,4.54,3.2,3.46,5.37,9.0,3.0,1.0,2.0,0.0,0.15,0.0,4.44,85.1,5.67,5.2,4.24,6.47,9.0,2.0,2.0,2.0,0.0,0.15,0.0,6.41,102.1,6.81,6.2,5.09,7.64,8.0,3.0,2.0,2.0,0.0,0.15,0.0,6.55,1,5.56,94.47,48.0
Jerick McKinnon,FA,RB,0.0,13.0,34.29,2.4,126.29,8.73,3.53,7.71,0.57,16.86,5.03,0.57,0.03,0.86,0.06,32.14,2.33,41.43,3.04,271.29,19.45,8.18,14.57,1.04,5.0,0.36,66.43,4.74,75.71,5.44,22.29,1.61,0.29,0.02,0.0,0.99,77.3,5.55,3.21,5.67,5.74,8.0,0.86,1.86,1.43,0.86,0.2,0.06,4.44,93.37,6.72,4.56,6.15,6.91,7.43,1.14,2.14,1.43,0.86,0.2,0.06,6.24,109.44,7.89,5.87,6.68,8.19,7.43,1.14,1.57,2.0,0.86,0.28,0.06,6.56,3,3.19,54.23,71.0
Damien Harris,FA,RB,0.0,9.29,72.29,6.56,318.43,28.52,4.24,19.57,1.86,24.0,9.46,1.71,0.13,3.57,0.3,8.57,0.78,10.57,0.95,55.71,5.09,7.25,2.29,0.22,0.0,0.0,80.86,7.33,82.86,7.51,21.86,2.08,0.29,0.02,0.0,0.91,58.27,5.14,4.11,4.25,5.56,4.86,1.0,1.71,1.0,0.71,0.23,0.07,4.75,62.56,5.52,4.53,4.28,6.06,4.86,1.0,1.86,1.29,0.29,0.19,0.02,6.06,66.84,5.91,5.0,4.34,6.66,5.0,1.14,1.71,1.14,0.29,0.16,0.02,5.41,3,3.74,63.62,66.0
Kenneth Gainwell,PHI,RB,2.0,16.29,72.86,4.5,318.14,19.63,4.38,18.43,1.14,24.57,8.95,1.71,0.11,3.0,0.18,28.43,1.75,36.57,2.25,189.0,11.64,6.68,10.29,0.64,0.14,0.01,101.29,6.25,109.43,6.75,28.71,1.77,0.71,0.04,0.01,1.0,69.97,4.3,3.24,3.3,5.19,9.71,2.43,3.71,0.43,0.0,0.03,0.0,4.09,84.19,5.18,4.2,3.57,6.23,10.43,2.57,2.86,0.43,0.0,0.03,0.0,5.78,98.4,6.06,5.26,4.01,7.28,10.43,1.71,3.71,0.14,0.29,0.03,0.02,5.77,3,3.39,57.69,70.0
Michael Carter,ARI,RB,2.0,15.14,70.71,4.68,313.0,20.82,5.19,13.29,0.89,27.0,9.57,1.86,0.12,1.43,0.1,30.57,2.01,41.0,2.71,186.43,12.3,5.7,8.57,0.57,0.57,0.04,101.29,6.69,111.71,7.39,21.86,1.45,0.43,0.03,0.0,1.0,61.09,4.05,3.63,3.92,4.54,11.71,0.86,0.86,1.57,0.14,0.14,0.01,4.2,76.37,5.06,4.25,4.28,5.65,10.71,2.0,0.43,1.86,0.14,0.16,0.01,5.65,91.66,6.07,4.7,4.8,6.8,9.71,2.14,1.29,1.86,0.14,0.16,0.01,5.56,3,3.81,64.78,65.0
Jaleel McLaughlin,DEN,RB,2.0,17.0,76.0,4.47,410.0,24.12,5.39,16.0,0.94,38.0,10.88,4.0,0.24,1.0,0.06,31.0,1.82,36.0,2.12,160.0,9.41,5.16,5.0,0.29,2.0,0.12,107.0,6.29,112.0,6.59,21.0,1.24,0.0,0.0,0.0,1.0,75.0,4.41,3.2,4.77,4.82,11.0,3.0,1.0,1.0,1.0,0.13,0.06,4.14,90.5,5.32,4.0,5.1,5.8,12.0,2.0,1.0,1.0,1.0,0.13,0.06,5.46,106.0,6.24,5.6,5.51,6.86,11.0,2.0,2.0,1.0,1.0,0.13,0.06,5.91,1,6.75,114.67,38.0
Justice Hill,BAL,RB,3.0,15.67,72.33,4.59,345.33,21.95,4.86,17.0,1.08,38.67,10.07,1.67,0.1,2.0,0.13,22.67,1.43,30.0,1.89,156.67,9.88,6.52,6.0,0.38,0.67,0.04,95.0,6.02,102.33,6.48,23.0,1.46,1.0,0.06,0.01,1.0,64.2,4.05,3.03,3.63,4.68,10.33,3.33,0.67,0.67,0.67,0.09,0.05,3.92,75.53,4.77,3.73,4.01,5.44,11.33,2.33,0.67,0.67,0.67,0.09,0.05,5.24,86.87,5.49,4.73,4.49,6.26,10.67,2.33,1.33,0.67,0.67,0.09,0.05,5.24,2,5.01,85.23,57.0
Chase Edmonds,TB,RB,2.0,12.86,64.0,5.03,255.14,20.17,3.81,11.43,0.91,27.71,10.48,1.86,0.15,0.86,0.07,18.71,1.48,24.14,1.91,135.57,10.71,7.14,6.43,0.5,0.29,0.02,82.71,6.51,88.14,6.94,17.86,1.41,0.14,0.01,0.0,1.0,45.64,3.61,3.04,2.96,4.3,9.14,2.29,0.71,0.57,0.14,0.07,0.01,3.73,55.0,4.34,3.56,3.48,5.05,9.14,0.86,2.14,0.57,0.14,0.07,0.01,4.96,64.36,5.08,4.38,4.07,5.87,9.0,1.14,2.0,0.57,0.14,0.07,0.01,4.9,3,2.31,39.22,76.0
Myles Gaskin,JAC,RB,2.0,7.0,64.33,6.73,221.33,20.67,2.91,9.67,1.16,16.67,8.96,0.67,0.04,1.0,0.06,19.0,2.29,25.0,3.24,96.67,13.92,6.26,5.0,0.59,1.33,0.08,83.33,9.02,89.33,9.96,14.67,1.75,0.33,0.02,0.0,0.63,45.13,4.24,3.6,2.67,5.52,4.67,0.67,0.33,0.67,0.67,0.1,0.04,3.45,54.63,5.39,4.67,3.44,6.53,4.33,0.67,0.67,0.67,0.67,0.1,0.04,4.89,64.13,6.54,5.97,4.24,7.69,4.0,0.67,0.67,1.33,0.33,0.14,0.02,4.7,3,0.01,0.15,92.0
Kendre Miller,NO,RB,4.0,8.0,41.0,5.12,156.0,19.5,3.8,10.0,1.25,18.0,6.12,0.0,0.0,1.0,0.12,10.0,1.25,11.0,1.38,117.0,14.62,11.7,5.0,0.62,0.0,0.0,51.0,6.38,52.0,6.5,15.0,1.88,0.0,0.0,0.0,0.88,33.3,4.16,2.5,4.82,4.54,6.0,0.0,1.0,1.0,0.0,0.14,0.0,3.23,38.3,4.79,3.0,5.12,5.21,6.0,0.0,1.0,1.0,0.0,0.14,0.0,4.59,43.3,5.41,3.5,5.47,5.96,6.0,0.0,0.0,2.0,0.0,0.33,0.0,4.29,1,5.04,85.73,56.0
Rashaad Penny,FA,RB,0.0,4.57,39.57,7.05,224.71,36.76,4.35,8.86,1.45,24.57,13.72,3.0,0.44,1.43,0.2,2.57,0.5,3.14,0.59,14.29,2.55,5.14,1.0,0.16,0.0,0.0,42.14,7.56,42.71,7.64,9.86,1.6,0.0,0.0,0.0,0.66,32.47,5.13,3.47,4.93,5.37,2.71,1.0,0.0,0.0,0.86,0.17,0.17,3.51,33.76,5.38,3.89,5.07,5.64,3.14,0.57,0.0,0.0,0.86,0.17,0.17,4.51,35.04,5.64,4.14,5.26,5.97,3.14,0.57,0.0,0.14,0.71,0.17,0.13,3.86,3,2.18,36.98,81.0
Nyheim Hines,CLE,RB,4.0,16.33,34.67,2.1,114.0,6.79,2.56,6.33,0.37,17.33,4.08,0.67,0.04,1.33,0.08,33.33,2.04,43.67,2.66,264.0,16.12,7.94,12.0,0.73,1.0,0.06,68.0,4.14,78.33,4.76,18.33,1.11,0.67,0.04,0.01,1.0,58.47,3.56,1.7,4.16,4.02,12.33,1.67,0.33,1.67,0.33,0.14,0.02,2.98,75.13,4.58,2.33,4.54,5.13,11.33,2.67,0.33,1.67,0.33,0.14,0.02,4.23,91.8,5.6,3.0,5.09,6.27,10.33,3.0,2.33,0.33,0.33,0.04,0.02,4.27,3,2.18,37.01,80.0
Emari Demercado,ARI,RB,3.0,14.0,58.0,4.14,284.0,20.29,4.9,12.0,0.86,49.0,8.43,1.0,0.07,2.0,0.14,21.0,1.5,30.0,2.14,119.0,8.5,5.67,4.0,0.29,0.0,0.0,79.0,5.64,88.0,6.29,16.0,1.14,0.0,0.0,0.0,1.0,52.3,3.74,1.6,4.52,4.14,9.0,1.0,2.0,2.0,0.0,0.17,0.0,3.15,62.8,4.49,1.85,4.88,4.94,9.0,0.0,3.0,2.0,0.0,0.17,0.0,4.14,73.3,5.24,2.6,5.39,5.79,9.0,1.0,2.0,2.0,0.0,0.17,0.0,4.21,1,5.12,87.12,54.0
Joshua Kelley,TEN,RB,3.0,14.29,85.57,5.83,328.0,22.27,3.8,17.29,1.18,36.29,9.09,1.43,0.09,1.71,0.12,9.29,0.69,14.86,1.11,52.57,4.16,5.43,2.43,0.18,0.0,0.0,94.86,6.52,100.43,6.93,19.71,1.36,0.71,0.05,0.01,0.98,46.91,3.23,2.04,3.83,3.73,12.0,0.57,0.29,1.43,0.0,0.1,0.0,3.11,51.56,3.57,2.43,3.85,4.18,12.0,0.57,0.29,1.43,0.0,0.1,0.0,4.12,56.2,3.92,2.68,3.9,4.7,12.0,0.57,0.29,1.43,0.0,0.1,0.0,3.74,3,2.02,34.4,84.0
Royce Freeman,LAR,RB,2.0,9.43,63.71,7.01,239.86,25.27,3.61,12.86,1.38,18.14,6.71,0.57,0.05,1.14,0.1,3.71,0.51,5.71,0.75,27.86,3.48,10.1,1.71,0.21,0.0,0.0,67.43,7.52,69.43,7.76,14.57,1.59,0.29,0.06,0.01,0.92,33.06,3.38,2.29,3.7,3.92,6.71,0.43,1.14,1.14,0.0,0.13,0.0,3.12,34.91,3.64,2.72,3.87,4.24,7.0,1.14,0.71,0.57,0.0,0.06,0.0,4.09,36.77,3.9,3.16,4.07,4.63,7.0,1.14,0.71,0.57,0.0,0.06,0.0,3.59,3,2.52,42.89,73.0
Ty Chandler,MIN,RB,3.0,11.33,70.0,5.25,314.0,22.54,4.12,13.67,1.0,24.0,7.92,2.0,0.13,2.0,0.13,14.0,0.87,16.67,1.04,106.0,6.63,5.05,4.67,0.29,0.0,0.0,84.0,6.13,86.67,6.29,18.33,1.29,0.0,0.0,0.0,0.81,54.0,3.67,1.97,4.39,3.95,7.33,0.67,1.33,1.33,0.67,0.15,0.05,3.02,61.0,4.11,2.3,4.64,4.4,6.67,1.33,2.0,0.67,0.67,0.09,0.05,3.9,68.0,4.54,2.67,4.93,4.92,6.67,1.33,2.0,0.67,0.67,0.09,0.05,3.61,2,5.45,92.69,51.0
Chase Brown,CIN,RB,3.0,12.0,44.0,3.67,179.0,14.92,4.07,6.0,0.5,31.0,7.33,2.0,0.17,0.0,0.0,14.0,1.17,15.0,1.25,156.0,13.0,11.14,4.0,0.33,1.0,0.08,58.0,4.83,59.0,4.92,10.0,0.83,0.0,0.0,0.0,1.0,39.5,3.29,1.8,4.76,3.6,8.0,3.0,0.0,0.0,1.0,0.09,0.09,2.9,46.5,3.88,2.55,5.11,4.22,8.0,3.0,0.0,0.0,1.0,0.09,0.09,3.87,53.5,4.46,3.3,5.51,4.9,10.0,1.0,0.0,0.0,1.0,0.09,0.09,4.02,1,4.22,71.77,62.0
Chris Rodriguez Jr.,WAS,RB,3.0,11.0,51.0,4.64,247.0,22.45,4.84,14.0,1.27,16.0,8.73,0.0,0.0,2.0,0.18,2.0,0.18,2.0,0.18,12.0,1.09,6.0,1.0,0.09,0.0,0.0,53.0,4.82,53.0,4.82,15.0,1.36,1.0,0.09,0.02,1.0,35.9,3.26,2.3,5.23,3.49,10.0,0.0,0.0,0.0,1.0,0.1,0.1,3.07,36.9,3.35,2.3,5.37,3.61,10.0,0.0,0.0,0.0,1.0,0.1,0.1,3.8,37.9,3.45,2.3,5.52,3.79,10.0,0.0,0.0,0.0,1.0,0.1,0.1,3.19,1,4.08,69.35,63.0
Kenyan Drake,FA,RB,0.0,6.86,41.29,3.73,174.0,14.5,1.84,8.14,0.68,14.43,5.63,1.57,0.13,1.43,0.12,10.29,1.15,14.86,1.67,84.71,11.49,11.74,4.29,0.5,0.43,0.03,51.57,4.87,56.14,5.39,12.43,1.18,0.57,0.19,0.14,0.75,35.87,3.15,1.93,3.43,3.28,4.86,0.43,0.14,0.71,0.71,0.17,0.07,2.81,41.01,3.72,2.34,3.91,3.91,4.57,0.57,0.29,0.71,0.71,0.17,0.07,3.77,46.16,4.29,2.73,4.42,4.58,4.57,0.43,0.29,0.86,0.71,0.19,0.07,3.59,3,1.2,20.44,87.0
Ty Johnson,BUF,RB,2.0,10.71,34.43,3.2,155.14,14.46,4.59,7.86,0.75,20.0,7.1,0.86,0.07,0.57,0.04,12.29,1.06,18.71,1.54,113.71,9.57,8.72,4.86,0.39,0.86,0.08,46.71,4.25,53.14,4.74,12.71,1.14,0.14,0.01,0.0,0.96,35.17,3.14,1.91,3.97,3.57,8.14,1.14,0.29,1.14,0.0,0.12,0.0,2.72,41.31,3.66,2.13,4.4,4.12,7.86,1.29,0.43,1.14,0.0,0.12,0.0,3.59,47.46,4.19,2.41,4.89,4.72,8.0,0.86,0.71,1.14,0.0,0.12,0.0,3.36,3,1.64,27.92,86.0
Rico Dowdle,DAL,RB,2.0,11.33,59.33,3.71,240.67,15.04,2.71,11.33,0.71,14.0,6.25,1.33,0.08,1.33,0.08,11.33,0.71,14.67,0.92,96.0,6.0,5.65,4.0,0.25,1.33,0.08,70.67,4.41,74.0,4.63,15.33,0.96,0.0,0.0,0.0,0.81,49.67,3.11,1.53,3.01,3.44,8.0,0.0,0.67,2.67,0.0,0.22,0.0,2.73,55.33,3.46,1.9,3.14,3.84,8.0,0.0,0.67,2.67,0.0,0.22,0.0,3.51,61.0,3.81,2.4,3.3,4.31,8.0,0.0,1.33,2.0,0.0,0.15,0.0,3.35,2,2.28,38.68,79.0
J.K. Dobbins,LAC,RB,3.0,3.0,30.86,7.86,161.14,31.14,3.19,8.0,1.5,14.86,8.03,1.14,0.14,1.14,0.64,3.14,1.39,4.0,2.0,20.57,10.07,6.0,1.43,0.68,0.29,0.03,34.0,9.25,34.86,9.86,9.43,2.18,0.0,0.0,0.0,0.45,26.74,8.19,7.71,1.85,2.68,1.0,0.29,0.86,0.29,0.57,0.17,0.09,2.31,28.31,8.89,8.29,1.95,2.81,1.29,0.0,0.86,0.29,0.57,0.17,0.09,3.44,29.89,9.59,8.87,2.07,2.98,1.29,0.29,0.57,0.57,0.29,0.17,0.04,2.36,3,0.0,0.0,139.0
Darrynton Evans,CHI,RB,3.0,4.57,22.57,4.52,88.43,18.12,3.97,6.57,1.24,14.14,8.65,0.29,0.09,0.57,0.1,4.57,0.91,7.43,1.38,39.0,8.6,14.21,1.57,0.35,0.0,0.0,27.14,5.43,30.0,5.9,8.14,1.59,0.0,0.0,0.0,0.67,16.17,3.24,2.3,3.03,3.92,3.14,0.86,0.0,0.57,0.0,0.11,0.0,2.28,18.46,3.7,2.8,3.49,4.38,3.14,0.86,0.0,0.57,0.0,0.11,0.0,3.36,20.74,4.15,3.3,3.96,4.91,3.71,0.29,0.0,0.57,0.0,0.11,0.0,2.86,3,0.0,0.0,139.0
Tony Jones Jr.,ARI,RB,4.0,6.74,25.79,3.76,90.0,13.02,3.46,8.26,1.22,17.32,7.66,0.0,0.0,1.68,0.24,6.68,1.04,9.68,1.53,35.84,5.66,5.39,1.89,0.29,0.0,0.0,32.47,4.8,35.47,5.29,10.16,1.51,0.0,0.0,0.0,0.82,22.69,3.31,1.38,4.86,3.6,5.05,0.84,0.0,0.0,0.84,0.14,0.14,2.37,26.03,3.83,1.83,4.93,4.23,5.05,0.84,0.0,0.84,0.0,0.14,0.0,3.3,29.37,4.36,2.79,5.09,4.9,5.05,0.84,0.0,0.84,0.0,0.14,0.0,3.07,3,0.0,0.0,139.0
Duke Johnson Jr.,FA,RB,0.0,2.33,25.0,6.07,112.67,24.67,2.88,6.33,1.53,11.67,7.4,0.33,0.07,1.0,0.2,1.33,0.27,1.67,0.33,13.67,2.73,3.42,0.83,0.17,0.0,0.0,26.33,6.33,26.67,6.4,7.17,1.7,0.0,0.0,0.0,0.43,18.63,3.94,2.43,3.31,3.34,1.33,0.33,0.0,0.0,0.67,0.22,0.22,2.31,19.3,4.07,2.77,3.36,3.5,1.33,0.33,0.0,0.0,0.67,0.22,0.22,3.3,19.97,4.21,3.1,3.42,3.71,1.33,0.33,0.0,0.33,0.33,0.22,0.08,2.51,3,0.0,0.0,139.0
Zamir White,LV,RB,2.0,13.67,75.0,5.14,324.0,22.17,4.27,14.0,0.97,36.0,7.78,1.67,0.12,0.67,0.05,10.0,0.67,12.67,0.85,65.33,4.35,4.35,2.67,0.18,0.0,0.0,85.0,5.8,87.67,5.98,16.67,1.14,0.67,0.05,0.01,1.0,41.6,2.83,0.67,4.17,3.07,11.0,0.0,0.0,2.67,0.0,0.24,0.0,2.39,46.6,3.17,0.93,4.45,3.41,11.0,0.0,0.0,2.67,0.0,0.24,0.0,3.2,51.6,3.5,1.13,4.77,3.8,11.0,0.0,0.0,2.67,0.0,0.24,0.0,2.87,2,3.84,65.23,64.0
Boston Scott,FA,RB,0.0,12.71,39.29,3.11,164.43,13.08,4.22,9.71,0.78,19.57,6.13,0.57,0.05,1.86,0.15,5.57,0.45,7.43,0.61,45.86,3.84,9.2,1.86,0.16,0.0,0.0,44.86,3.56,46.71,3.72,11.57,0.93,0.71,0.06,0.02,1.0,30.74,2.46,2.21,2.89,2.84,11.0,0.29,0.86,0.29,0.29,0.05,0.03,2.51,33.53,2.68,2.46,2.99,3.13,11.0,0.29,1.14,0.0,0.29,0.03,0.03,3.16,36.31,2.91,2.67,3.12,3.48,11.29,0.29,0.86,0.14,0.14,0.03,0.01,2.89,3,0.75,12.67,89.0
Jaret Patterson,LAC,RB,4.0,6.0,34.0,7.29,140.67,32.33,4.36,7.0,1.36,13.67,7.19,0.0,0.0,0.67,0.05,3.33,0.24,4.67,0.62,24.33,1.74,2.43,1.67,0.12,0.0,0.0,37.33,7.52,38.67,7.9,8.67,1.48,0.0,0.0,0.0,0.63,20.5,3.69,3.2,5.09,3.97,4.67,0.33,0.67,0.33,0.0,0.03,0.0,2.17,22.17,3.81,3.27,5.27,4.12,4.67,1.0,0.0,0.0,0.33,0.03,0.03,3.02,23.83,3.93,3.35,5.47,4.33,4.67,1.0,0.0,0.0,0.33,0.03,0.03,2.38,3,0.0,0.0,139.0
Zonovan Knight,NYJ,RB,2.0,3.67,30.33,5.05,108.67,18.62,4.06,5.33,1.0,21.33,8.05,0.33,0.05,0.33,0.05,5.0,0.95,5.33,1.0,38.67,7.43,7.9,1.67,0.24,0.0,0.0,35.33,6.0,35.67,6.05,7.0,1.24,0.0,0.0,0.0,0.57,16.73,2.89,2.17,1.96,3.81,2.67,0.0,0.33,0.67,0.0,0.13,0.0,2.25,19.23,3.37,2.67,1.97,3.49,2.67,0.0,0.33,0.67,0.0,0.13,0.0,3.0,21.73,3.84,3.17,2.45,5.21,2.67,0.0,0.0,1.0,0.0,0.25,0.0,2.96,2,0.0,0.0,139.0
Malcolm Brown,FA,RB,0.0,6.8,21.0,3.16,89.8,13.42,4.36,3.6,0.54,23.2,9.6,1.0,0.15,1.0,0.15,4.6,0.67,5.8,0.85,31.6,4.57,6.59,3.0,0.43,0.0,0.0,25.6,3.83,26.8,4.01,6.6,0.97,0.0,0.0,0.0,0.83,18.14,2.68,2.0,2.75,3.37,5.8,0.0,1.0,0.0,0.0,0.0,0.0,2.1,20.44,3.02,2.61,2.69,3.86,5.8,1.0,0.0,0.0,0.0,0.0,0.0,2.95,22.74,3.36,3.06,2.67,4.42,5.8,1.0,0.0,0.0,0.0,0.0,0.0,2.8,3,0.0,0.0,139.0
Craig Reynolds,DET,RB,3.0,11.29,37.86,4.07,164.29,17.55,4.36,9.0,0.89,21.86,7.46,0.57,0.1,0.57,0.04,6.43,0.76,6.86,0.83,67.43,8.01,10.12,3.0,0.36,0.0,0.0,44.29,4.83,44.71,4.9,12.0,1.27,1.14,0.07,0.02,0.91,24.31,2.63,1.56,3.53,3.07,9.57,0.57,0.43,0.71,0.0,0.08,0.0,2.06,27.53,3.01,1.91,3.77,3.49,9.57,0.57,0.57,0.57,0.0,0.04,0.0,2.91,30.74,3.39,2.27,4.05,3.97,9.43,0.71,1.14,0.0,0.0,0.0,0.0,2.49,3,2.07,35.26,83.0
Salvon Ahmed,IND,RB,2.0,8.71,23.71,2.58,74.43,8.42,3.5,4.0,0.46,11.14,4.93,0.0,0.0,0.86,0.1,11.14,1.21,16.14,1.75,69.29,7.43,6.82,2.86,0.3,0.57,0.06,34.86,3.8,39.86,4.34,6.86,0.76,0.0,0.0,0.0,0.91,22.94,2.59,1.21,3.39,3.14,7.29,0.0,1.43,0.0,0.0,0.0,0.0,2.01,28.51,3.2,1.9,3.72,3.81,6.71,0.57,1.43,0.0,0.0,0.0,0.0,2.9,34.09,3.81,2.54,4.11,4.52,6.71,0.57,1.43,0.0,0.0,0.0,0.0,3.02,3,-0.49,-8.36,186.0
Kevin Harris,NE,RB,3.0,4.33,16.67,3.87,60.67,14.3,3.67,2.33,0.53,16.67,8.9,0.0,0.0,1.0,0.23,2.0,0.5,2.0,0.5,38.67,9.67,12.89,1.33,0.33,0.0,0.0,18.67,4.37,18.67,4.37,3.67,0.87,0.0,0.0,0.0,0.67,15.93,3.8,3.17,3.68,4.43,2.67,0.0,1.67,0.0,0.0,0.0,0.0,2.29,16.93,4.05,3.5,3.72,4.76,2.67,0.0,1.67,0.0,0.0,0.0,0.0,2.9,17.93,4.29,3.7,3.81,5.16,2.67,1.67,0.0,0.0,0.0,0.0,0.0,2.62,2,0.0,0.0,139.0
James Robinson,FA,RB,0.0,4.0,35.64,3.61,148.45,13.46,2.58,8.09,0.99,15.82,5.85,1.09,0.09,1.27,0.1,5.55,1.11,7.45,1.26,28.0,0.83,0.04,1.73,0.14,0.36,0.03,41.18,4.72,43.09,4.87,9.82,1.13,0.18,0.01,0.0,0.48,27.1,2.21,1.59,1.94,2.18,2.27,0.27,0.18,0.64,0.64,0.17,0.06,2.13,29.87,2.76,2.25,2.06,2.37,2.45,0.09,0.18,0.64,0.64,0.17,0.06,2.89,32.65,3.32,2.9,2.19,2.6,2.36,0.18,0.18,0.64,0.64,0.17,0.06,2.53,3,2.13,36.17,82.0
Matt Breida,FA,RB,0.0,15.57,50.57,3.29,167.0,11.32,3.42,8.43,0.55,14.29,6.08,0.14,0.02,1.0,0.07,16.43,1.05,20.43,1.31,94.29,6.41,6.12,3.14,0.23,0.29,0.04,67.0,4.34,71.0,4.6,11.57,0.79,0.14,0.02,0.0,0.98,33.56,2.4,1.23,2.91,2.92,13.43,0.43,1.57,0.14,0.0,0.02,0.0,2.08,41.77,2.93,1.56,3.43,3.49,13.14,0.71,1.57,0.14,0.0,0.02,0.0,2.82,49.99,3.45,1.89,4.02,4.09,13.29,0.29,1.29,0.71,0.0,0.06,0.0,2.84,3,0.43,7.37,91.0
Ameer Abdullah,LV,RB,4.0,16.71,17.0,1.0,80.29,4.75,5.28,5.14,0.3,11.0,2.93,0.0,0.0,0.0,0.0,23.43,1.41,30.43,1.82,176.43,10.6,7.44,6.43,0.39,0.43,0.03,40.43,2.41,47.43,2.83,11.57,0.69,0.0,0.0,0.0,1.0,28.24,1.69,1.34,1.93,2.32,16.0,0.14,0.29,0.29,0.0,0.02,0.0,1.78,39.96,2.39,1.97,2.35,3.17,15.14,1.0,0.14,0.43,0.0,0.03,0.0,2.72,51.67,3.09,2.73,2.82,4.03,14.86,1.29,0.0,0.57,0.0,0.04,0.0,3.04,3,1.78,30.27,85.0
Jordan Mason,SF,RB,6.0,14.67,41.0,2.86,223.33,15.75,5.43,12.0,0.82,35.67,7.87,1.0,0.07,2.33,0.15,2.0,0.13,2.67,0.17,20.67,1.29,6.89,0.67,0.04,0.0,0.0,43.0,2.99,43.67,3.03,12.67,0.86,0.0,0.0,0.0,1.0,38.4,2.62,1.08,3.6,3.09,10.67,2.0,1.33,0.67,0.0,0.05,0.0,2.04,39.4,2.68,1.08,3.65,3.2,12.0,0.67,1.33,0.67,0.0,0.05,0.0,2.51,40.4,2.74,1.08,3.7,3.35,12.33,1.0,0.67,0.67,0.0,0.05,0.0,2.14,2,2.52,42.87,74.0
Deon Jackson,FA,RB,0.0,5.29,29.29,5.99,81.0,11.08,1.98,4.57,0.65,10.29,4.95,0.0,0.0,0.43,0.05,11.43,2.14,13.14,2.52,67.71,8.98,3.59,3.43,0.52,0.29,0.02,40.71,8.13,42.43,8.51,8.0,1.18,1.43,0.59,0.07,0.64,16.3,1.27,0.0,2.76,1.19,4.0,0.14,0.57,0.29,0.29,0.06,0.03,1.24,22.01,2.34,1.2,3.03,2.71,4.0,0.14,0.57,0.29,0.29,0.06,0.03,2.49,27.73,3.41,2.41,4.45,3.82,4.0,0.14,0.29,0.57,0.29,0.09,0.03,2.54,3,5.81,98.84,46.0
Kyle Juszczyk,SF,RB,7.0,15.57,6.0,0.4,14.0,0.98,2.14,3.0,0.21,5.14,0.93,0.0,0.0,0.43,0.03,17.71,1.17,21.71,1.44,167.43,11.21,9.28,9.43,0.62,1.57,0.1,23.71,1.57,27.71,1.84,12.43,0.83,0.0,0.0,0.0,1.0,30.14,2.0,1.01,2.68,2.54,13.57,0.71,1.29,0.0,0.0,0.0,0.0,1.61,39.0,2.59,1.36,3.11,3.21,13.57,0.43,1.43,0.14,0.0,0.01,0.0,2.44,47.86,3.17,1.64,3.6,3.92,13.43,0.57,0.86,0.71,0.0,0.04,0.0,2.47,3,0.0,0.0,139.0
Pierre Strong Jr.,CLE,RB,5.0,14.67,45.33,2.81,227.33,14.75,6.41,8.33,0.56,41.33,7.51,1.67,0.11,1.0,0.07,5.67,0.43,7.67,0.55,45.33,3.24,8.27,1.67,0.14,0.0,0.0,51.0,3.23,53.0,3.35,10.0,0.7,0.67,0.04,0.01,0.99,31.93,2.15,0.73,3.33,2.62,11.67,2.0,0.67,0.33,0.0,0.04,0.0,1.71,34.77,2.37,1.33,3.46,2.89,12.33,1.33,0.67,0.33,0.0,0.04,0.0,2.41,37.6,2.59,1.33,3.62,3.21,13.0,0.67,0.67,0.33,0.0,0.04,0.0,2.18,2,2.35,39.88,75.0
Patrick Taylor Jr.,SF,RB,5.0,8.5,24.25,2.96,100.5,11.97,3.95,5.25,0.64,16.5,5.86,0.5,0.04,0.25,0.05,6.25,0.64,9.25,0.91,29.5,2.98,6.85,2.62,0.29,0.0,0.0,30.5,3.6,33.5,3.87,7.88,0.93,0.0,0.0,0.0,0.89,14.5,1.8,1.18,2.22,2.36,7.75,0.5,0.25,0.0,0.0,0.0,0.0,1.6,17.62,2.12,1.42,2.46,2.76,7.75,0.5,0.25,0.0,0.0,0.0,0.0,2.33,20.75,2.43,1.68,2.77,3.18,7.75,0.5,0.25,0.0,0.0,0.0,0.0,2.12,3,0.0,0.0,139.0
Israel Abanikanda,SF,RB,4.0,7.0,22.0,3.14,70.0,10.0,3.18,3.0,0.43,12.0,5.57,0.0,0.0,0.0,0.0,7.0,1.0,11.0,1.57,43.0,6.14,6.14,2.0,0.29,0.0,0.0,29.0,4.14,33.0,4.71,5.0,0.71,1.0,0.14,0.03,0.84,9.3,1.33,1.0,1.51,1.94,7.0,0.0,0.0,0.0,0.0,0.0,0.0,1.38,12.8,1.83,2.1,1.7,2.62,7.0,0.0,0.0,0.0,0.0,0.0,0.0,2.33,16.3,2.33,2.6,2.16,3.24,7.0,0.0,0.0,0.0,0.0,0.0,0.0,2.35,1,0.0,0.0,139.0
D'Ernest Johnson,JAC,RB,4.0,14.43,38.86,2.59,142.86,9.98,3.48,6.57,0.46,17.14,4.18,0.57,0.04,0.43,0.03,9.29,0.63,11.29,0.77,101.57,6.41,9.7,4.71,0.31,0.0,0.0,48.14,3.22,50.14,3.36,11.29,0.77,0.0,0.0,0.0,0.99,27.01,1.84,0.83,2.42,2.16,12.57,1.29,0.14,0.14,0.29,0.04,0.03,1.62,31.66,2.15,0.94,2.68,2.54,12.57,1.29,0.14,0.0,0.43,0.04,0.04,2.21,36.3,2.47,1.01,3.01,2.94,13.29,0.71,0.0,0.0,0.43,0.04,0.04,2.02,3,0.9,15.22,88.0
Brandon Bolden,FA,RB,0.0,8.57,13.43,1.26,68.86,7.13,6.27,3.71,0.41,21.71,5.44,0.86,0.13,0.71,0.12,8.71,0.6,9.86,0.67,75.57,5.09,3.18,3.86,0.26,0.57,0.04,22.14,1.86,23.29,1.93,7.57,0.67,0.0,0.0,0.0,0.84,23.59,2.46,0.94,3.51,2.86,7.14,0.14,1.0,0.14,0.14,0.02,0.01,1.53,27.94,2.76,1.31,3.66,3.21,6.86,0.57,0.86,0.14,0.14,0.02,0.01,2.16,32.3,3.06,1.64,3.84,3.61,6.86,1.0,0.43,0.0,0.29,0.02,0.02,2.12,3,0.0,0.0,139.0
Spencer Brown,FA,RB,0.0,1.8,7.2,3.6,34.4,17.2,3.82,1.6,0.8,5.6,5.6,0.0,0.0,0.0,0.0,1.6,0.8,3.2,1.6,8.0,4.0,4.0,0.8,0.4,0.0,0.0,8.8,4.4,10.4,5.2,2.4,1.2,0.0,0.0,0.0,0.41,4.24,2.12,2.12,0.06,6.64,1.8,0.0,0.0,0.0,0.0,0.0,0.0,1.78,5.04,2.52,2.52,0.51,4.62,1.8,0.0,0.0,0.0,0.0,0.0,0.0,2.1,5.84,2.92,2.92,1.07,4.57,1.8,0.0,0.0,0.0,0.0,0.0,0.0,1.55,3,0.0,0.0,139.0
Ronnie Rivers,LAR,RB,3.0,6.67,24.33,3.87,93.0,13.05,3.46,3.0,0.46,8.33,3.5,0.0,0.0,0.0,0.0,5.0,1.21,5.0,1.21,24.33,6.46,4.87,1.0,0.24,0.0,0.0,29.33,5.07,29.33,5.07,4.0,0.71,0.0,0.0,0.0,0.77,11.73,1.95,1.1,2.01,2.68,5.33,1.33,0.0,0.0,0.0,0.0,0.0,1.36,14.23,2.56,1.85,2.48,3.32,6.0,0.67,0.0,0.0,0.0,0.0,0.0,2.07,16.73,3.15,2.6,2.97,4.0,5.67,1.0,0.0,0.0,0.0,0.0,0.0,2.09,2,0.0,0.0,139.0
Tyler Goodson,IND,RB,3.0,6.0,13.0,2.17,87.0,14.5,6.69,4.0,0.67,31.0,8.17,1.0,0.17,0.0,0.0,6.0,1.0,9.0,1.5,34.0,5.67,5.67,1.0,0.17,0.0,0.0,19.0,3.17,22.0,3.67,5.0,0.83,0.0,0.0,0.0,0.78,12.1,2.02,0.7,3.11,2.45,5.0,0.0,1.0,0.0,0.0,0.0,0.0,1.27,15.1,2.52,1.2,3.41,3.03,5.0,0.0,1.0,0.0,0.0,0.0,0.0,2.03,18.1,3.02,1.95,3.73,3.66,5.0,0.0,1.0,0.0,0.0,0.0,0.0,2.04,1,0.0,0.0,139.0
Chris Brooks,GB,RB,3.0,4.0,19.0,4.75,106.0,26.5,5.58,2.0,0.5,52.0,21.75,2.0,0.5,0.0,0.0,0.0,0.0,0.0,0.0,0.0,0.0,0.0,0.0,0.0,0.0,0.0,19.0,4.75,19.0,4.75,2.0,0.5,0.0,0.0,0.0,0.65,10.6,2.65,2.0,2.87,3.29,3.0,1.0,0.0,0.0,0.0,0.0,0.0,1.68,10.6,2.65,2.0,2.87,3.33,3.0,1.0,0.0,0.0,0.0,0.0,0.0,1.94,10.6,2.65,2.0,2.87,3.43,3.0,1.0,0.0,0.0,0.0,0.0,0.0,1.71,1,0.0,0.0,139.0
Mike Boone,CAR,RB,3.0,7.86,10.29,1.37,47.29,6.77,5.09,3.14,0.44,13.71,4.3,0.0,0.0,0.0,0.0,6.86,0.86,9.71,1.2,53.43,7.01,7.88,1.86,0.24,0.0,0.0,17.14,2.22,20.0,2.57,5.0,0.68,0.0,0.0,0.0,0.86,10.07,1.38,1.03,1.59,1.94,7.57,0.0,0.29,0.0,0.0,0.0,0.0,1.24,13.5,1.81,1.46,1.98,2.45,7.57,0.0,0.29,0.0,0.0,0.0,0.0,1.91,16.93,2.24,1.66,2.42,2.98,7.57,0.0,0.29,0.0,0.0,0.0,0.0,1.81,3,0.0,0.0,139.0
Ke'Shawn Vaughn,SF,RB,3.0,6.29,23.71,4.14,64.86,10.77,2.61,4.43,0.77,16.43,6.92,0.14,0.02,0.29,0.05,2.57,0.42,5.14,0.89,10.29,1.45,3.31,0.43,0.06,0.0,0.0,26.29,4.56,28.86,5.03,4.86,0.82,0.0,0.0,0.0,0.79,9.23,1.51,1.09,1.41,2.1,6.0,0.0,0.14,0.14,0.0,0.03,0.0,1.41,10.51,1.72,1.21,1.65,2.36,6.0,0.0,0.29,0.0,0.0,0.0,0.0,1.9,11.8,1.93,1.29,1.9,2.64,6.0,0.0,0.29,0.0,0.0,0.0,0.0,1.61,3,0.0,0.0,139.0
Emanuel Wilson,GB,RB,4.0,7.0,14.0,2.0,85.0,12.14,6.07,2.0,0.29,31.0,8.71,1.0,0.14,0.0,0.0,4.0,0.57,5.0,0.71,23.0,3.29,5.75,1.0,0.14,0.0,0.0,18.0,2.57,19.0,2.71,3.0,0.43,0.0,0.0,0.0,0.84,10.8,1.54,1.2,1.59,2.22,7.0,0.0,0.0,0.0,0.0,0.0,0.0,1.37,12.8,1.83,1.7,1.76,2.6,7.0,0.0,0.0,0.0,0.0,0.0,0.0,1.88,14.8,2.11,2.2,2.0,3.0,7.0,0.0,0.0,0.0,0.0,0.0,0.0,1.97,1,0.0,0.0,139.0
Dare Ogunbowale,HOU,RB,4.0,11.86,22.71,1.73,74.71,5.85,3.8,4.71,0.36,14.57,3.13,0.0,0.0,0.43,0.03,8.71,0.64,14.43,1.13,56.29,4.26,7.88,2.43,0.18,0.14,0.01,31.43,2.37,37.14,2.85,7.14,0.55,0.0,0.0,0.0,0.98,18.24,1.43,0.73,1.95,1.92,11.0,0.29,0.29,0.29,0.0,0.03,0.0,1.36,22.6,1.75,0.84,2.19,2.3,10.57,0.71,0.29,0.29,0.0,0.03,0.0,1.83,26.96,2.07,1.11,2.49,2.69,10.57,0.71,0.29,0.29,0.0,0.03,0.0,1.82,3,0.0,0.0,139.0
Isaiah Spiller,LV,RB,3.0,7.67,30.67,3.94,77.67,9.85,2.49,1.33,0.21,9.0,4.04,0.0,0.0,0.0,0.0,5.0,0.65,5.0,0.65,27.0,3.39,5.22,1.0,0.14,0.0,0.0,35.67,4.59,35.67,4.59,2.33,0.35,0.0,0.0,0.0,0.86,10.47,1.32,0.7,1.51,1.93,7.0,0.67,0.0,0.0,0.0,0.0,0.0,1.31,12.97,1.65,1.2,1.61,2.39,7.67,0.0,0.0,0.0,0.0,0.0,0.0,1.82,15.47,1.97,1.7,1.82,2.86,7.67,0.0,0.0,0.0,0.0,0.0,0.0,1.98,2,0.0,0.0,139.0
Deuce Vaughn,DAL,RB,3.0,7.0,23.0,3.29,40.0,5.71,1.74,1.0,0.14,13.0,4.0,0.0,0.0,0.0,0.0,7.0,1.0,7.0,1.0,40.0,5.71,5.71,1.0,0.14,0.0,0.0,30.0,4.29,30.0,4.29,2.0,0.29,0.0,0.0,0.0,0.84,8.0,1.14,0.9,0.99,1.85,7.0,0.0,0.0,0.0,0.0,0.0,0.0,1.28,11.5,1.64,1.4,1.47,2.44,7.0,0.0,0.0,0.0,0.0,0.0,0.0,1.79,15.0,2.14,1.9,1.96,3.05,7.0,0.0,0.0,0.0,0.0,0.0,0.0,2.02,1,0.0,0.0,139.0
Damien Williams,FA,RB,0.0,4.75,16.0,3.17,63.0,11.08,3.23,3.25,0.4,10.75,5.02,0.25,0.02,0.5,0.04,5.0,0.67,6.75,0.82,31.75,4.14,4.61,2.0,0.29,0.25,0.02,21.0,3.83,22.75,3.98,5.25,0.69,0.0,0.0,0.0,0.6,13.98,1.9,0.78,2.47,2.2,4.0,0.0,0.25,0.5,0.0,0.05,0.0,1.19,16.48,2.23,1.16,2.66,2.58,4.0,0.0,0.25,0.5,0.0,0.05,0.0,1.76,18.98,2.56,1.6,2.88,3.0,3.75,0.25,0.25,0.5,0.0,0.05,0.0,1.68,3,0.0,0.0,139.0
Tank Bigsby,JAC,RB,3.0,16.0,50.0,3.12,132.0,8.25,2.64,12.0,0.75,12.0,4.69,0.0,0.0,2.0,0.12,1.0,0.06,4.0,0.25,6.0,0.38,6.0,0.0,0.0,0.0,0.0,51.0,3.19,54.0,3.38,12.0,0.75,2.0,0.12,0.04,1.0,21.8,1.36,0.7,2.14,1.82,14.0,1.0,1.0,0.0,0.0,0.0,0.0,1.35,22.3,1.39,0.7,2.14,1.89,15.0,1.0,0.0,0.0,0.0,0.0,0.0,1.75,22.8,1.42,0.7,2.14,1.99,15.0,1.0,0.0,0.0,0.0,0.0,0.0,1.41,1,0.72,12.25,90.0
Trey Sermon,IND,RB,4.0,8.0,26.43,3.22,120.71,17.02,5.91,5.86,1.12,21.71,8.57,0.57,0.05,0.14,0.02,2.14,0.21,4.0,0.38,11.14,1.24,3.71,0.71,0.07,0.0,0.0,28.57,3.43,30.43,3.6,6.57,1.19,0.0,0.0,0.0,0.76,14.04,1.97,1.08,2.12,1.72,7.14,0.0,0.86,0.0,0.0,0.0,0.0,1.08,15.11,2.08,1.11,2.23,1.85,7.14,0.14,0.71,0.0,0.0,0.0,0.0,1.74,16.19,2.18,1.15,2.35,2.02,7.14,0.71,0.14,0.0,0.0,0.0,0.0,1.22,3,0.0,0.0,139.0
Keaontay Ingram,KC,RB,4.0,8.33,32.33,4.15,69.33,8.86,2.15,4.0,0.5,13.67,7.01,0.0,0.0,0.33,0.03,4.0,0.5,4.33,0.53,24.33,3.11,6.08,1.0,0.12,0.0,0.0,36.33,4.65,36.67,4.68,5.0,0.62,0.0,0.0,0.0,0.89,11.37,1.38,0.63,2.16,1.86,7.33,0.67,0.33,0.0,0.0,0.0,0.0,1.28,13.37,1.63,0.7,2.51,2.13,7.33,0.67,0.33,0.0,0.0,0.0,0.0,1.72,15.37,1.88,0.7,2.86,2.45,7.33,0.67,0.33,0.0,0.0,0.0,0.0,1.52,2,0.0,0.0,139.0
Malik Davis,DAL,RB,4.0,3.33,12.67,2.11,53.67,8.94,1.41,2.0,0.33,7.67,4.83,0.67,0.11,0.33,0.06,2.0,0.33,2.33,0.39,21.0,3.5,3.5,1.67,0.28,0.0,0.0,14.67,2.44,15.0,2.5,3.67,0.61,0.0,0.0,0.0,0.55,9.47,1.58,1.32,0.82,2.03,2.67,0.33,0.33,0.0,0.0,0.0,0.0,1.25,10.47,1.74,1.6,0.83,2.27,2.67,0.33,0.33,0.0,0.0,0.0,0.0,1.71,11.47,1.91,1.93,0.88,2.53,2.67,0.67,0.0,0.0,0.0,0.0,0.0,1.59,2,0.0,0.0,139.0
Alec Ingold,MIA,RB,4.0,14.14,3.14,0.25,2.43,0.21,0.45,1.57,0.14,0.71,0.21,0.0,0.0,0.29,0.02,13.14,1.0,17.43,1.33,110.14,8.23,8.44,4.57,0.34,0.43,0.04,16.29,1.25,20.57,1.58,6.14,0.48,0.0,0.0,0.0,0.98,15.54,1.25,0.59,1.84,1.7,13.43,0.43,0.29,0.0,0.0,0.0,0.0,1.02,22.11,1.75,1.03,2.23,2.31,13.57,0.29,0.0,0.29,0.0,0.03,0.0,1.7,28.69,2.25,1.53,2.67,2.93,13.57,0.29,0.0,0.29,0.0,0.03,0.0,1.9,3,0.0,0.0,139.0
JaMycal Hasty,NE,RB,4.0,6.71,15.43,1.15,65.14,4.84,1.81,2.86,0.22,20.43,3.69,0.43,0.03,0.71,0.05,9.29,0.73,13.0,1.5,57.0,4.51,2.62,2.71,0.21,0.29,0.02,24.71,1.88,28.43,2.64,5.57,0.43,0.14,0.01,0.0,0.68,17.93,1.36,0.57,1.82,1.52,5.57,0.29,0.0,0.57,0.29,0.08,0.02,1.2,22.57,1.72,0.96,2.07,1.91,5.57,0.29,0.29,0.29,0.29,0.05,0.02,1.69,27.21,2.08,1.3,2.35,2.33,5.57,0.29,0.29,0.29,0.29,0.05,0.02,1.77,3,0.0,0.0,139.0
Raheem Blackshear,CAR,RB,4.0,11.67,17.0,1.44,56.33,4.76,3.31,3.0,0.24,11.33,3.25,0.0,0.0,1.0,0.08,7.33,0.62,8.67,0.73,61.0,5.11,8.1,1.67,0.14,0.0,0.0,24.33,2.06,25.67,2.17,4.67,0.38,0.33,0.03,0.01,1.0,18.4,1.52,0.43,2.15,2.02,10.67,0.0,0.33,0.67,0.0,0.06,0.0,1.28,22.07,1.83,0.7,2.46,2.39,10.67,0.33,0.33,0.33,0.0,0.03,0.0,1.68,25.73,2.14,1.03,2.8,2.78,10.67,0.33,0.33,0.33,0.0,0.03,0.0,1.78,2,0.0,0.0,139.0
Gary Brightwell,CIN,RB,4.0,7.57,14.14,1.9,51.71,5.48,3.08,3.14,0.31,10.57,3.1,0.29,0.02,0.29,0.02,4.43,0.83,6.43,1.17,38.86,7.58,8.46,2.29,0.36,0.0,0.0,18.57,2.73,20.57,3.07,5.43,0.68,0.0,0.0,0.0,0.78,10.77,1.42,0.86,1.62,2.01,7.0,0.57,0.0,0.0,0.0,0.0,0.0,1.05,12.99,1.84,1.29,1.92,2.52,7.0,0.57,0.0,0.0,0.0,0.0,0.0,1.64,15.2,2.25,1.71,2.25,3.05,7.29,0.29,0.0,0.0,0.0,0.0,0.0,1.57,3,0.0,0.0,139.0
Hassan Haskins,LAC,RB,5.0,14.0,25.0,1.79,93.0,6.64,3.72,5.0,0.36,12.0,2.64,0.0,0.0,0.0,0.0,11.0,0.79,12.0,0.86,57.0,4.07,5.18,2.0,0.14,0.0,0.0,36.0,2.57,37.0,2.64,7.0,0.5,0.0,0.0,0.0,1.0,15.0,1.07,0.25,1.62,1.53,13.0,1.0,0.0,0.0,0.0,0.0,0.0,0.98,20.5,1.46,0.5,1.96,2.03,13.0,1.0,0.0,0.0,0.0,0.0,0.0,1.52,26.0,1.86,0.75,2.34,2.53,13.0,1.0,0.0,0.0,0.0,0.0,0.0,1.58,2,0.0,0.0,139.0
Derrick Gore,FA,RB,0.0,5.6,12.6,1.76,72.0,10.56,7.94,3.2,0.46,28.6,6.96,1.2,0.21,0.4,0.05,1.6,0.2,1.8,0.22,21.0,2.62,2.62,0.6,0.08,0.0,0.0,14.2,1.96,14.4,1.98,3.8,0.54,0.0,0.0,0.0,0.75,11.7,1.62,0.75,1.85,1.95,5.0,0.0,0.4,0.2,0.0,0.03,0.0,1.12,12.5,1.72,0.8,1.91,2.07,5.0,0.0,0.4,0.2,0.0,0.03,0.0,1.44,13.3,1.82,0.85,1.98,2.22,5.0,0.0,0.4,0.2,0.0,0.03,0.0,1.24,3,0.0,0.0,139.0
Travis Homer,CHI,RB,4.0,10.57,8.43,0.67,46.43,3.57,2.32,2.14,0.17,15.0,2.82,0.29,0.02,0.14,0.01,6.86,0.54,8.57,0.7,67.86,5.38,4.24,3.14,0.25,0.29,0.02,15.29,1.21,17.0,1.36,5.29,0.42,0.29,0.02,0.01,0.96,14.29,1.11,0.55,1.5,1.31,10.0,0.14,0.0,0.43,0.0,0.04,0.0,0.93,17.71,1.38,0.89,1.7,1.6,9.71,0.43,0.0,0.43,0.0,0.04,0.0,1.39,21.14,1.66,1.13,1.94,1.91,9.71,0.43,0.0,0.43,0.0,0.04,0.0,1.4,3,0.0,0.0,139.0
DeeJay Dallas,ARI,RB,5.0,16.43,20.43,1.28,93.43,5.91,4.17,5.14,0.32,14.43,3.66,0.29,0.02,0.29,0.02,11.29,0.7,13.86,0.86,69.86,4.39,5.5,2.57,0.16,0.0,0.0,31.71,1.98,34.29,2.14,7.71,0.49,1.14,0.07,0.07,1.0,15.47,0.98,0.37,1.73,1.24,15.86,0.0,0.57,0.0,0.0,0.0,0.0,0.86,21.11,1.33,0.51,2.02,1.67,15.43,0.57,0.43,0.0,0.0,0.0,0.0,1.33,26.76,1.68,0.66,2.38,2.11,15.29,0.43,0.71,0.0,0.0,0.0,0.0,1.32,3,0.0,0.0,139.0
Jonathan Williams,FA,RB,0.0,3.86,13.57,2.23,53.57,5.94,0.7,2.71,0.39,9.86,3.39,0.43,0.06,0.14,0.03,2.57,0.34,4.29,1.06,15.43,2.07,2.63,0.86,0.12,0.0,0.0,16.14,2.57,17.86,3.29,3.57,0.51,0.0,0.0,0.0,0.53,7.76,0.97,0.67,1.11,1.38,3.71,0.0,0.14,0.0,0.0,0.0,0.0,0.93,9.04,1.14,0.81,1.23,1.58,3.71,0.0,0.14,0.0,0.0,0.0,0.0,1.29,10.33,1.31,0.96,1.37,1.79,3.71,0.0,0.14,0.0,0.0,0.0,0.0,1.15,3,0.0,0.0,139.0
J.J. Taylor,HOU,RB,3.0,1.8,11.8,8.76,14.6,8.68,1.11,2.2,1.4,7.0,4.88,0.0,0.0,0.4,0.08,1.6,0.96,1.6,0.96,8.0,6.72,6.8,0.6,0.44,0.0,0.0,13.4,9.72,13.4,9.72,2.8,1.84,0.2,0.04,0.01,0.37,4.26,1.94,1.46,1.33,0.58,1.6,0.0,0.0,0.2,0.0,0.05,0.0,0.31,5.06,2.42,1.98,1.34,0.67,1.6,0.0,0.0,0.2,0.0,0.05,0.0,1.29,5.86,2.9,2.38,1.35,0.77,1.6,0.0,0.0,0.2,0.0,0.05,0.0,0.4,3,0.0,0.0,139.0
Corey Clement,FA,RB,0.0,4.14,9.0,1.29,35.71,4.96,1.65,2.71,0.43,8.86,1.84,0.14,0.01,0.29,0.06,2.29,0.36,3.0,0.49,19.57,3.46,3.78,1.0,0.18,0.14,0.01,11.29,1.65,12.0,1.78,3.71,0.62,0.0,0.0,0.0,0.6,8.1,1.26,0.6,1.84,1.42,3.71,0.0,0.0,0.43,0.0,0.09,0.0,0.85,9.24,1.44,0.74,2.08,1.59,3.71,0.0,0.0,0.43,0.0,0.09,0.0,1.25,10.39,1.63,0.89,2.32,1.8,3.71,0.0,0.0,0.43,0.0,0.09,0.0,1.05,3,0.0,0.0,139.0
Tyrion Davis-Price,PHI,RB,3.0,2.33,15.33,6.27,47.0,20.6,3.3,2.33,1.0,16.67,13.13,0.33,0.07,0.0,0.0,0.0,0.0,0.67,0.13,0.0,0.0,0.0,0.0,0.0,0.0,0.0,15.33,6.27,16.0,6.4,2.33,1.0,0.0,0.0,0.0,0.43,4.7,2.06,2.3,0.47,0.98,2.33,0.0,0.0,0.0,0.0,0.0,0.0,0.71,4.7,2.06,2.3,0.47,0.99,2.33,0.0,0.0,0.0,0.0,0.0,0.0,1.22,4.7,2.06,2.3,0.47,1.02,2.33,0.0,0.0,0.0,0.0,0.0,0.0,0.73,2,0.0,0.0,139.0
Marlon Mack,FA,RB,0.0,4.29,8.57,1.24,38.43,5.4,2.02,2.0,0.29,8.0,2.68,0.14,0.02,0.29,0.03,2.57,0.33,3.57,0.48,29.43,3.73,4.11,0.71,0.1,0.29,0.03,11.14,1.57,12.14,1.71,2.71,0.38,0.0,0.0,0.0,0.61,10.21,1.34,0.5,1.92,1.48,3.71,0.0,0.0,0.57,0.0,0.09,0.0,0.93,11.5,1.51,0.64,2.12,1.65,3.71,0.0,0.0,0.57,0.0,0.09,0.0,1.22,12.79,1.68,0.79,2.34,1.83,3.71,0.0,0.0,0.57,0.0,0.09,0.0,1.15,3,0.0,0.0,139.0
La'Mical Perine,FA,RB,0.0,3.43,13.71,3.09,48.43,11.01,2.55,1.86,0.41,7.71,2.47,0.0,0.0,0.0,0.0,1.71,0.34,2.86,0.57,18.86,3.77,6.29,0.57,0.11,0.0,0.0,15.43,3.43,16.57,3.66,2.43,0.53,0.0,0.0,0.0,0.55,6.73,1.48,0.22,3.03,1.68,2.86,0.0,0.0,0.57,0.0,0.14,0.0,0.87,7.59,1.65,0.22,3.41,1.84,2.86,0.0,0.0,0.57,0.0,0.14,0.0,1.18,8.44,1.82,0.22,3.8,2.03,2.86,0.0,0.0,0.57,0.0,0.14,0.0,0.97,3,0.0,0.0,139.0
C.J. Ham,MIN,RB,4.0,15.0,2.71,0.2,10.86,0.74,5.19,1.29,0.11,9.14,0.74,0.14,0.01,0.57,0.05,9.29,0.66,11.14,0.79,56.71,4.26,5.55,3.43,0.27,0.0,0.0,12.0,0.86,13.86,0.99,4.71,0.38,0.0,0.0,0.0,1.0,10.19,0.81,0.3,1.04,1.19,14.43,0.57,0.0,0.0,0.0,0.0,0.0,0.69,14.83,1.14,0.59,1.31,1.66,14.14,0.86,0.0,0.0,0.0,0.0,0.0,1.18,19.47,1.47,0.83,1.65,2.1,14.43,0.57,0.0,0.0,0.0,0.0,0.0,1.27,3,0.0,0.0,139.0
Avery Williams,ATL,RB,4.0,16.33,14.67,0.86,72.67,4.27,3.3,4.0,0.23,14.0,3.49,0.67,0.04,0.67,0.04,8.67,0.51,9.33,0.55,40.67,2.39,3.13,2.0,0.12,0.0,0.0,23.33,1.37,24.0,1.41,6.0,0.35,0.67,0.04,0.02,1.0,13.0,0.77,0.47,1.41,1.03,15.67,0.0,0.67,0.0,0.0,0.0,0.0,0.74,17.33,1.02,0.73,1.55,1.35,15.67,0.0,0.67,0.0,0.0,0.0,0.0,1.15,21.67,1.27,0.8,1.73,1.69,15.67,0.0,0.67,0.0,0.0,0.0,0.0,1.14,3,0.0,0.0,139.0
Demetric Felton Jr.,WAS,RB,5.0,9.0,3.0,0.27,5.33,0.09,-1.52,0.33,0.02,4.0,0.49,0.0,0.0,0.0,0.0,7.33,0.62,9.67,0.91,65.67,4.91,6.02,4.0,0.34,0.67,0.04,10.33,0.89,12.67,1.18,4.33,0.36,0.0,0.0,0.0,0.85,11.1,0.77,0.43,1.24,0.97,8.33,0.0,0.67,0.0,0.0,0.0,0.0,0.66,14.77,1.08,0.73,1.47,1.42,8.33,0.0,0.67,0.0,0.0,0.0,0.0,1.12,18.43,1.39,1.07,1.76,1.84,8.33,0.0,0.67,0.0,0.0,0.0,0.0,1.22,3,0.0,0.0,139.0
Jeremy McNichols,WAS,RB,4.0,4.2,8.2,0.63,31.2,2.4,0.76,1.2,0.09,2.8,1.49,0.0,0.0,0.0,0.0,5.6,0.43,7.6,0.58,48.0,3.69,1.71,2.2,0.17,0.2,0.02,13.8,1.06,15.8,1.22,3.4,0.26,0.0,0.0,0.0,0.55,9.12,0.7,0.66,0.47,0.91,3.8,0.2,0.2,0.0,0.0,0.0,0.0,0.75,11.92,0.92,0.9,0.63,1.12,3.8,0.2,0.2,0.0,0.0,0.0,0.0,1.06,14.72,1.13,1.18,0.82,1.34,3.6,0.4,0.0,0.2,0.0,0.02,0.0,1.15,3,0.0,0.0,139.0
Ty'Son Williams,FA,RB,0.0,2.4,7.0,0.88,37.0,4.62,1.06,1.6,0.2,7.0,2.08,0.4,0.05,0.2,0.02,2.6,1.02,3.2,1.1,20.8,6.1,5.87,1.2,0.5,0.0,0.0,9.6,1.9,10.2,1.98,2.8,0.7,0.0,0.0,0.0,0.4,6.98,1.22,0.83,1.09,0.87,2.0,0.0,0.2,0.2,0.0,0.03,0.0,0.6,8.28,1.74,1.33,1.2,0.98,2.0,0.0,0.2,0.2,0.0,0.03,0.0,1.02,9.58,2.25,1.83,1.3,1.1,2.0,0.0,0.2,0.2,0.0,0.03,0.0,0.75,3,0.0,0.0,139.0
Trayveon Williams,CIN,RB,5.0,11.75,12.75,1.54,54.75,6.05,4.4,2.25,0.34,14.0,3.54,0.0,0.0,0.0,0.0,4.25,0.32,5.75,0.47,13.5,1.38,5.46,0.88,0.09,0.0,0.0,17.0,1.87,18.5,2.02,3.12,0.43,0.0,0.0,0.0,0.9,6.82,0.74,0.36,1.12,1.15,11.75,0.0,0.0,0.0,0.0,0.0,0.0,0.67,8.95,0.9,0.41,1.27,1.4,11.75,0.0,0.0,0.0,0.0,0.0,0.0,1.0,11.08,1.07,0.46,1.48,1.64,11.75,0.0,0.0,0.0,0.0,0.0,0.0,0.89,3,0.0,0.0,139.0
Jermar Jefferson,DET,RB,4.0,2.33,5.0,1.0,24.67,4.93,1.64,1.33,0.27,9.33,3.33,0.33,0.07,0.67,0.13,1.33,0.27,1.67,0.33,7.67,1.53,1.92,0.67,0.13,0.0,0.0,6.33,1.27,6.67,1.33,2.0,0.4,0.0,0.0,0.0,0.43,7.23,1.45,0.6,1.59,1.58,1.67,0.0,0.67,0.0,0.0,0.0,0.0,0.73,7.9,1.58,0.6,1.77,1.7,1.67,0.0,0.67,0.0,0.0,0.0,0.0,0.96,8.57,1.71,0.6,1.97,1.85,1.67,0.33,0.33,0.0,0.0,0.0,0.0,0.8,3,0.0,0.0,139.0
Patrick Ricard,BAL,RB,4.0,14.57,2.29,0.19,5.14,0.42,0.94,1.71,0.14,1.71,0.42,0.0,0.0,0.0,0.0,7.14,0.55,9.57,0.75,59.86,4.5,8.99,2.43,0.18,0.71,0.05,9.43,0.74,11.86,0.94,4.14,0.32,0.0,0.0,0.0,0.98,10.79,0.8,0.19,1.63,1.15,13.86,0.57,0.14,0.0,0.0,0.0,0.0,0.61,14.36,1.08,0.24,1.95,1.49,13.86,0.57,0.14,0.0,0.0,0.0,0.0,0.93,17.93,1.35,0.46,2.29,1.85,13.86,0.57,0.14,0.0,0.0,0.0,0.0,0.98,3,0.0,0.0,139.0
Chris Evans,CIN,RB,6.0,8.14,3.57,0.44,17.86,2.2,4.08,1.0,0.13,5.86,1.08,0.0,0.0,0.0,0.0,3.57,0.4,4.14,0.46,31.86,3.4,4.49,1.43,0.15,0.57,0.06,7.14,0.84,7.71,0.9,2.43,0.28,0.0,0.0,0.0,0.89,8.4,0.92,0.21,1.56,1.16,7.57,0.29,0.0,0.29,0.0,0.04,0.0,0.63,10.19,1.13,0.36,1.8,1.39,7.57,0.29,0.0,0.29,0.0,0.04,0.0,0.91,11.97,1.33,0.5,2.04,1.65,7.57,0.29,0.0,0.29,0.0,0.04,0.0,0.92,3,0.0,0.0,139.0
Anthony McFarland Jr.,FA,RB,0.0,2.43,2.14,1.86,9.0,8.71,1.57,0.86,0.86,4.43,4.19,0.0,0.0,0.0,0.0,1.86,1.0,1.86,1.0,11.0,5.76,6.29,1.0,0.52,0.0,0.0,4.0,2.86,4.0,2.86,1.86,1.38,0.0,0.0,0.0,0.48,2.0,1.45,1.19,0.47,0.49,2.43,0.0,0.0,0.0,0.0,0.0,0.0,0.15,2.93,1.95,1.47,0.84,0.77,2.43,0.0,0.0,0.0,0.0,0.0,0.0,0.9,3.86,2.45,1.76,1.21,1.04,2.43,0.0,0.0,0.0,0.0,0.0,0.0,0.27,3,0.0,0.0,139.0
Sean Tucker,TB,RB,3.0,5.0,15.0,3.0,23.0,4.6,1.53,1.0,0.2,7.0,2.8,0.0,0.0,0.0,0.0,2.0,0.4,2.0,0.4,9.0,1.8,4.5,1.0,0.2,0.0,0.0,17.0,3.4,17.0,3.4,2.0,0.4,0.0,0.0,0.0,0.72,3.2,0.64,0.1,1.03,1.03,5.0,0.0,0.0,0.0,0.0,0.0,0.0,0.57,4.2,0.84,0.1,1.46,1.25,5.0,0.0,0.0,0.0,0.0,0.0,0.0,0.83,5.2,1.04,0.1,1.9,1.49,5.0,0.0,0.0,0.0,0.0,0.0,0.0,0.7,1,0.0,0.0,139.0
Ty Montgomery II,FA,RB,0.0,9.71,4.43,0.86,10.86,0.27,1.85,0.86,0.07,5.29,0.68,0.0,0.0,0.0,0.0,6.0,1.24,11.71,1.93,40.71,7.02,6.85,2.71,0.47,0.29,0.29,10.43,2.1,16.14,2.79,3.57,0.53,0.0,0.0,0.0,0.79,6.87,2.44,2.12,0.61,0.59,9.43,0.29,0.0,0.0,0.0,0.0,0.0,0.36,9.87,3.06,2.59,0.89,0.83,9.29,0.14,0.29,0.0,0.0,0.0,0.0,0.74,12.87,3.68,3.05,1.19,1.07,9.14,0.29,0.29,0.0,0.0,0.0,0.0,0.58,3,0.0,0.0,139.0
Eric Gray,NYG,RB,2.0,14.0,17.0,1.21,48.0,3.43,2.82,2.0,0.14,12.0,1.71,0.0,0.0,0.0,0.0,6.0,0.43,7.0,0.5,22.0,1.57,3.67,1.0,0.07,0.0,0.0,23.0,1.64,24.0,1.71,3.0,0.21,0.0,0.0,0.0,1.0,7.0,0.5,0.0,0.97,0.81,14.0,0.0,0.0,0.0,0.0,0.0,0.0,0.5,10.0,0.71,0.0,1.22,1.11,14.0,0.0,0.0,0.0,0.0,0.0,0.0,0.72,13.0,0.93,0.0,1.56,1.4,14.0,0.0,0.0,0.0,0.0,0.0,0.0,0.73,1,0.0,0.0,139.0
Austin Walter,FA,RB,0.0,1.6,5.2,1.3,20.2,5.05,0.78,1.0,0.25,2.8,2.0,0.0,0.0,0.2,0.05,0.4,0.1,0.6,0.15,1.8,0.45,0.9,0.2,0.05,0.0,0.0,5.6,1.4,5.8,1.45,1.2,0.3,0.0,0.0,0.0,0.35,3.4,0.85,0.61,0.82,0.96,1.4,0.0,0.2,0.0,0.0,0.0,0.0,0.5,3.6,0.9,0.7,0.77,1.05,1.4,0.0,0.2,0.0,0.0,0.0,0.0,0.7,3.8,0.95,0.8,0.74,1.15,1.4,0.2,0.0,0.0,0.0,0.0,0.0,0.6,3,0.0,0.0,139.0
Zach Evans,NYJ,RB,3.0,4.0,9.0,2.25,19.0,4.75,2.11,1.0,0.25,5.0,2.75,0.0,0.0,0.0,0.0,0.0,0.0,0.0,0.0,0.0,0.0,0.0,0.0,0.0,0.0,0.0,9.0,2.25,9.0,2.25,1.0,0.25,0.0,0.0,0.0,0.65,1.9,0.48,0.45,0.43,0.95,4.0,0.0,0.0,0.0,0.0,0.0,0.0,0.51,1.9,0.48,0.45,0.43,0.96,4.0,0.0,0.0,0.0,0.0,0.0,0.0,0.64,1.9,0.48,0.45,0.43,0.99,4.0,0.0,0.0,0.0,0.0,0.0,0.0,0.52,1,0.0,0.0,139.0
Velus Jones Jr.,CAR,RB,5.0,13.0,8.33,0.65,68.33,5.55,8.07,4.33,0.34,25.33,4.98,0.33,0.03,0.33,0.03,5.0,0.41,9.33,0.76,49.0,4.2,8.43,2.0,0.17,0.33,0.03,13.33,1.06,17.67,1.41,6.33,0.51,1.0,0.09,0.06,1.0,0.0,0.0,0.0,0.0,0.0,13.0,0.0,0.0,0.0,0.0,0.0,0.0,0.14,2.5,0.2,0.17,0.27,0.45,13.0,0.0,0.0,0.0,0.0,0.0,0.0,0.64,5.0,0.41,0.33,0.54,0.78,13.0,0.0,0.0,0.0,0.0,0.0,0.0,0.59,2,0.0,0.0,139.0
Elijah Dotson,ATL,RB,3.0,4.0,4.0,1.0,6.0,1.5,1.5,1.0,0.25,2.0,0.5,0.0,0.0,0.0,0.0,2.0,0.5,2.0,0.5,13.0,3.25,6.5,1.0,0.25,0.0,0.0,6.0,1.5,6.0,1.5,2.0,0.5,0.0,0.0,0.0,0.65,1.9,0.48,0.0,0.95,0.78,4.0,0.0,0.0,0.0,0.0,0.0,0.0,0.3,2.9,0.72,0.0,1.45,1.08,4.0,0.0,0.0,0.0,0.0,0.0,0.0,0.63,3.9,0.98,0.0,1.95,1.39,4.0,0.0,0.0,0.0,0.0,0.0,0.0,0.46,1,0.0,0.0,139.0
Reggie Gilliam,BUF,RB,3.0,12.57,0.43,0.05,0.43,0.05,0.14,0.0,0.0,0.29,0.05,0.0,0.0,0.0,0.0,3.57,0.41,4.43,0.52,26.71,3.23,5.22,1.0,0.13,0.29,0.03,4.0,0.46,4.86,0.57,1.0,0.13,0.0,0.0,0.0,0.95,4.43,0.54,0.29,0.84,0.75,12.29,0.0,0.29,0.0,0.0,0.0,0.0,0.42,6.21,0.75,0.43,1.05,1.01,12.29,0.0,0.29,0.0,0.0,0.0,0.0,0.63,8.0,0.95,0.57,1.27,1.28,12.29,0.29,0.0,0.0,0.0,0.0,0.0,0.71,3,0.0,0.0,139.0
Hunter Luepke,DAL,RB,5.0,17.0,6.0,0.35,19.0,1.12,3.17,5.0,0.29,9.0,1.0,0.0,0.0,1.0,0.06,3.0,0.18,4.0,0.24,18.0,1.06,6.0,1.0,0.06,0.0,0.0,9.0,0.53,10.0,0.59,6.0,0.35,0.0,0.0,0.0,1.0,9.7,0.57,0.0,1.6,0.82,16.0,1.0,0.0,0.0,0.0,0.0,0.0,0.39,11.2,0.66,0.0,1.64,0.95,16.0,1.0,0.0,0.0,0.0,0.0,0.0,0.62,12.7,0.75,0.0,1.7,1.1,17.0,0.0,0.0,0.0,0.0,0.0,0.0,0.5,1,0.0,0.0,139.0
Andrew Beck,HOU,RB,5.0,11.29,3.43,0.25,1.71,0.11,0.34,1.14,0.07,1.43,0.15,0.0,0.0,0.57,0.04,7.71,0.58,10.57,0.85,51.14,4.29,6.8,2.86,0.22,1.14,0.07,11.14,0.83,14.0,1.1,4.0,0.29,0.57,0.04,0.03,0.88,0.0,0.0,0.0,0.0,0.0,11.29,0.0,0.0,0.0,0.0,0.0,0.0,0.11,3.86,0.29,0.29,0.35,0.59,11.29,0.0,0.0,0.0,0.0,0.0,0.0,0.6,7.71,0.58,0.57,0.71,1.03,11.29,0.0,0.0,0.0,0.0,0.0,0.0,0.73,3,0.0,0.0,139.0
Jonathan Ward,PIT,RB,4.0,5.29,4.43,0.84,18.14,3.57,4.05,1.57,0.3,9.0,2.17,0.0,0.0,0.0,0.0,1.0,0.19,1.43,0.28,6.86,1.04,2.62,0.43,0.09,0.0,0.0,5.43,1.03,5.86,1.12,2.0,0.39,0.0,0.0,0.0,0.73,2.5,0.46,0.07,0.83,0.75,5.29,0.0,0.0,0.0,0.0,0.0,0.0,0.33,3.0,0.56,0.2,0.91,0.89,5.29,0.0,0.0,0.0,0.0,0.0,0.0,0.6,3.5,0.65,0.27,1.0,1.03,5.29,0.0,0.0,0.0,0.0,0.0,0.0,0.46,3,0.0,0.0,139.0
Kene Nwangwu,NYJ,RB,4.0,9.86,7.29,0.74,20.14,2.18,2.6,1.29,0.14,9.57,1.89,0.0,0.0,0.0,0.0,1.14,0.1,1.29,0.12,7.29,0.57,3.32,0.43,0.04,0.0,0.0,8.43,0.85,8.57,0.87,1.71,0.17,0.0,0.0,0.0,0.92,6.17,0.59,0.06,1.08,0.85,9.29,0.57,0.0,0.0,0.0,0.0,0.0,0.42,6.74,0.64,0.2,1.09,0.93,9.86,0.0,0.0,0.0,0.0,0.0,0.0,0.59,7.31,0.69,0.34,1.11,1.03,9.86,0.0,0.0,0.0,0.0,0.0,0.0,0.59,3,0.0,0.0,139.0
Devine Ozigbo,FA,RB,0.0,2.29,2.71,1.21,3.57,1.59,0.91,0.57,0.29,3.43,1.71,0.0,0.0,0.0,0.0,1.0,0.45,1.0,0.45,6.43,3.07,6.43,0.14,0.07,0.0,0.0,3.71,1.67,3.71,1.67,0.71,0.36,0.0,0.0,0.0,0.47,1.0,0.47,0.46,0.58,0.89,2.29,0.0,0.0,0.0,0.0,0.0,0.0,0.33,1.5,0.69,0.64,0.92,1.15,2.29,0.0,0.0,0.0,0.0,0.0,0.0,0.59,2.0,0.92,0.81,1.26,1.46,2.29,0.0,0.0,0.0,0.0,0.0,0.0,0.5,3,0.0,0.0,139.0
Michael Burton,DEN,RB,4.0,14.57,6.57,0.47,10.86,0.84,1.6,4.0,0.3,5.0,0.97,0.0,0.0,0.14,0.01,2.71,0.19,3.0,0.22,12.14,0.97,4.57,1.71,0.12,0.0,0.0,9.29,0.66,9.57,0.69,5.71,0.41,0.0,0.0,0.0,0.99,4.3,0.34,0.04,0.75,0.54,14.43,0.0,0.14,0.0,0.0,0.0,0.0,0.3,5.66,0.43,0.04,0.89,0.69,14.43,0.0,0.14,0.0,0.0,0.0,0.0,0.57,7.01,0.52,0.04,1.05,0.85,14.43,0.0,0.14,0.0,0.0,0.0,0.0,0.42,3,0.0,0.0,139.0
Adam Prentice,NO,RB,5.0,9.86,2.71,0.36,10.14,1.1,4.31,1.71,0.25,5.14,1.0,0.0,0.0,0.0,0.0,2.43,0.31,3.0,0.36,11.71,1.41,5.05,1.0,0.12,0.0,0.0,5.14,0.68,5.71,0.72,2.71,0.36,0.57,0.05,0.14,0.9,1.04,0.16,0.11,0.4,0.36,9.86,0.0,0.0,0.0,0.0,0.0,0.0,0.21,2.26,0.32,0.29,0.52,0.63,9.86,0.0,0.0,0.0,0.0,0.0,0.0,0.53,3.47,0.48,0.43,0.69,0.88,9.86,0.0,0.0,0.0,0.0,0.0,0.0,0.48,3,0.0,0.0,139.0
Keith Smith,FA,RB,0.0,12.25,2.5,0.2,8.25,0.64,1.36,0.88,0.07,2.5,0.49,0.0,0.0,0.0,0.0,4.0,0.31,4.5,0.36,32.5,2.55,9.06,1.25,0.1,0.0,0.0,6.5,0.51,7.0,0.56,2.12,0.17,0.0,0.0,0.0,0.99,4.07,0.32,0.08,0.71,0.55,12.25,0.0,0.0,0.0,0.0,0.0,0.0,0.3,6.07,0.48,0.12,0.93,0.76,12.25,0.0,0.0,0.0,0.0,0.0,0.0,0.5,8.07,0.63,0.12,1.17,0.99,12.25,0.0,0.0,0.0,0.0,0.0,0.0,0.5,3,0.0,0.0,139.0
Tyler Badie,DEN,RB,3.0,1.0,1.0,1.0,0.0,0.0,0.0,0.0,0.0,0.0,0.0,0.0,0.0,0.0,0.0,1.0,1.0,1.0,1.0,24.0,24.0,24.0,1.0,1.0,1.0,1.0,2.0,2.0,2.0,2.0,1.0,1.0,0.0,0.0,0.0,0.28,8.4,8.4,8.4,0.0,0.0,0.0,0.0,1.0,0.0,0.0,0.0,0.0,0.0,8.9,8.9,8.9,0.0,0.0,0.0,0.0,1.0,0.0,0.0,0.0,0.0,0.5,9.4,9.4,9.4,0.0,0.0,0.0,1.0,0.0,0.0,0.0,0.0,0.0,0.0,2,0.0,0.0,139.0
Nick Bawden,FA,RB,0.0,13.0,1.6,0.1,3.2,0.2,1.6,0.8,0.05,2.4,0.2,0.0,0.0,0.8,0.05,2.6,0.35,2.6,0.35,20.8,5.05,9.6,1.0,0.25,0.0,0.0,4.2,0.45,4.2,0.45,1.8,0.3,0.0,0.0,0.0,0.86,7.2,0.82,0.4,1.21,0.62,12.2,0.8,0.0,0.0,0.0,0.0,0.0,0.27,8.5,1.0,0.5,1.23,0.74,12.2,0.8,0.0,0.0,0.0,0.0,0.0,0.47,9.8,1.18,0.6,1.27,0.86,13.0,0.0,0.0,0.0,0.0,0.0,0.0,0.37,3,0.0,0.0,139.0
Jashaun Corbin,FA,RB,0.0,2.67,0.67,0.22,0.67,0.22,0.67,0.67,0.22,0.67,0.22,0.0,0.0,0.0,0.0,2.0,0.67,2.0,0.67,8.0,2.67,2.67,0.67,0.22,0.0,0.0,2.67,0.89,2.67,0.89,1.33,0.45,0.0,0.0,0.0,0.52,0.87,0.29,0.0,0.5,0.5,2.67,0.0,0.0,0.0,0.0,0.0,0.0,0.16,1.87,0.62,0.0,1.08,0.9,2.67,0.0,0.0,0.0,0.0,0.0,0.0,0.47,2.87,0.95,0.0,1.65,1.28,2.67,0.0,0.0,0.0,0.0,0.0,0.0,0.33,2,0.0,0.0,139.0
Alex Armah Jr.,FA,RB,0.0,7.6,1.0,0.1,4.2,0.42,0.84,0.8,0.08,1.8,0.36,0.0,0.0,0.0,0.0,2.6,0.36,2.6,0.36,10.6,1.51,3.66,1.0,0.13,0.2,0.02,3.6,0.46,3.6,0.46,1.8,0.21,0.0,0.0,0.0,0.86,2.68,0.32,0.02,0.68,0.53,7.4,0.2,0.0,0.0,0.0,0.0,0.0,0.23,3.98,0.49,0.02,0.87,0.84,7.6,0.0,0.0,0.0,0.0,0.0,0.0,0.45,5.28,0.67,0.02,1.1,1.13,7.6,0.0,0.0,0.0,0.0,0.0,0.0,0.44,3,0.0,0.0,139.0
Qadree Ollison,FA,RB,0.0,2.29,3.0,0.5,15.0,2.5,0.71,1.0,0.17,2.71,1.43,0.0,0.0,0.14,0.02,0.57,0.1,0.86,0.14,1.71,0.29,0.43,0.14,0.02,0.0,0.0,3.57,0.6,3.86,0.64,1.14,0.19,0.14,0.02,0.01,0.43,2.24,0.37,0.24,0.4,0.47,2.14,0.14,0.0,0.0,0.0,0.0,0.0,0.27,2.53,0.42,0.28,0.4,0.53,2.14,0.14,0.0,0.0,0.0,0.0,0.0,0.4,2.81,0.47,0.31,0.4,0.61,2.14,0.14,0.0,0.0,0.0,0.0,0.0,0.34,3,0.0,0.0,139.0
Julius Chestnut,TEN,RB,4.0,3.33,3.0,0.5,4.0,0.67,0.44,0.33,0.06,1.67,0.33,0.0,0.0,0.0,0.0,1.0,0.17,1.0,0.17,13.67,2.28,4.56,0.33,0.06,0.0,0.0,4.0,0.67,4.0,0.67,0.67,0.11,0.0,0.0,0.0,0.55,1.77,0.29,0.13,0.42,0.45,3.33,0.0,0.0,0.0,0.0,0.0,0.0,0.23,2.27,0.38,0.22,0.49,0.56,3.33,0.0,0.0,0.0,0.0,0.0,0.0,0.35,2.77,0.46,0.22,0.59,0.67,3.33,0.0,0.0,0.0,0.0,0.0,0.0,0.33,2,0.0,0.0,139.0
Jake Funk,FA,RB,0.0,1.57,1.43,1.2,6.43,5.86,3.21,0.0,0.0,4.86,4.17,0.0,0.0,0.0,0.0,0.57,0.57,0.57,0.57,6.86,6.86,6.86,0.57,0.57,0.0,0.0,2.0,1.77,2.0,1.77,0.57,0.57,0.0,0.0,0.0,0.34,1.33,1.27,1.26,0.04,0.03,1.57,0.0,0.0,0.0,0.0,0.0,0.0,0.01,1.61,1.56,1.54,0.04,0.03,1.57,0.0,0.0,0.0,0.0,0.0,0.0,0.3,1.9,1.84,1.83,0.04,0.03,1.57,0.0,0.0,0.0,0.0,0.0,0.0,0.01,3,0.0,0.0,139.0
Troy Hairston II,HOU,RB,6.0,12.0,0.0,0.0,0.0,0.0,0.0,0.0,0.0,0.0,0.0,0.0,0.0,0.0,0.0,5.0,0.42,8.0,0.67,19.0,1.58,3.8,1.0,0.08,0.0,0.0,5.0,0.42,8.0,0.67,1.0,0.08,0.0,0.0,0.0,1.0,0.0,0.0,0.0,0.0,0.0,12.0,0.0,0.0,0.0,0.0,0.0,0.0,0.07,2.5,0.21,0.0,0.33,0.45,12.0,0.0,0.0,0.0,0.0,0.0,0.0,0.29,5.0,0.42,0.0,0.67,0.78,12.0,0.0,0.0,0.0,0.0,0.0,0.0,0.38,2,0.0,0.0,139.0
Dwayne Washington,FA,RB,0.0,5.43,3.71,0.52,13.14,1.84,1.56,0.71,0.1,3.0,0.91,0.0,0.0,0.0,0.0,0.57,0.08,0.57,0.08,3.71,0.5,2.86,0.14,0.02,0.0,0.0,4.29,0.6,4.29,0.6,0.86,0.12,0.0,0.0,0.0,0.74,1.69,0.23,0.0,0.3,0.41,5.43,0.0,0.0,0.0,0.0,0.0,0.0,0.19,1.97,0.27,0.0,0.36,0.46,5.43,0.0,0.0,0.0,0.0,0.0,0.0,0.27,2.26,0.31,0.0,0.42,0.52,5.43,0.0,0.0,0.0,0.0,0.0,0.0,0.23,3,0.0,0.0,139.0
Jakob Johnson,FA,RB,0.0,11.67,0.0,0.0,0.0,0.0,0.0,0.0,0.0,0.0,0.0,0.0,0.0,0.0,0.0,2.17,0.22,3.17,0.31,16.83,1.79,10.12,0.92,0.1,0.0,0.0,2.17,0.22,3.17,0.31,0.92,0.1,0.0,0.0,0.0,0.97,1.68,0.18,0.0,0.44,0.33,11.67,0.0,0.0,0.0,0.0,0.0,0.0,0.15,2.77,0.29,0.0,0.64,0.5,11.67,0.0,0.0,0.0,0.0,0.0,0.0,0.27,3.85,0.4,0.0,0.84,0.67,11.67,0.0,0.0,0.0,0.0,0.0,0.0,0.28,3,0.0,0.0,139.0
Patrick Laird,FA,RB,0.0,2.2,0.2,0.07,0.8,0.27,0.8,0.0,0.0,0.8,0.27,0.0,0.0,0.0,0.0,0.6,0.2,0.6,0.2,3.4,1.13,1.13,0.4,0.13,0.0,0.0,0.8,0.27,0.8,0.27,0.4,0.13,0.0,0.0,0.0,0.46,0.42,0.14,0.18,0.09,0.28,2.2,0.0,0.0,0.0,0.0,0.0,0.0,0.12,0.72,0.24,0.28,0.09,0.48,2.2,0.0,0.0,0.0,0.0,0.0,0.0,0.25,1.02,0.34,0.38,0.09,0.71,2.2,0.0,0.0,0.0,0.0,0.0,0.0,0.26,3,0.0,0.0,139.0
Khari Blasingame,PHI,RB,4.0,11.29,5.0,0.37,15.71,1.1,2.14,1.29,0.1,3.86,0.3,0.0,0.0,0.0,0.0,2.0,0.17,4.0,0.33,1.71,0.18,0.67,0.57,0.03,0.0,0.0,7.0,0.54,9.0,0.7,1.86,0.14,0.14,0.03,0.03,0.88,1.46,0.07,0.0,0.48,0.13,11.29,0.0,0.0,0.0,0.0,0.0,0.0,0.12,2.46,0.15,0.0,0.51,0.28,11.29,0.0,0.0,0.0,0.0,0.0,0.0,0.24,3.46,0.23,0.0,0.58,0.42,11.29,0.0,0.0,0.0,0.0,0.0,0.0,0.23,3,0.0,0.0,139.0
Godwin Igwebuike,FA,RB,0.0,7.57,3.43,0.34,18.0,1.35,1.32,1.0,0.07,7.14,0.93,0.14,0.01,0.14,0.01,1.29,0.12,1.71,0.15,9.43,0.74,2.08,0.57,0.04,0.0,0.0,4.71,0.47,5.14,0.5,1.57,0.1,0.29,0.02,0.01,0.83,2.2,0.17,0.0,0.52,0.25,7.43,0.0,0.0,0.14,0.0,0.01,0.0,0.15,2.84,0.24,0.0,0.58,0.34,7.43,0.0,0.14,0.0,0.0,0.0,0.0,0.22,3.49,0.3,0.0,0.65,0.43,7.43,0.0,0.14,0.0,0.0,0.0,0.0,0.19,3,0.0,0.0,139.0
Jason Cabinda,FA,RB,0.0,6.29,1.29,0.2,4.43,0.49,2.24,0.57,0.07,4.14,0.49,0.14,0.01,0.0,0.0,0.86,0.1,2.14,0.26,3.71,0.43,2.0,0.57,0.07,0.14,0.01,2.14,0.3,3.43,0.46,1.14,0.14,0.0,0.0,0.0,0.79,0.0,0.0,0.0,0.0,0.0,6.29,0.0,0.0,0.0,0.0,0.0,0.0,0.04,0.43,0.05,0.0,0.1,0.11,6.29,0.0,0.0,0.0,0.0,0.0,0.0,0.15,0.86,0.1,0.0,0.21,0.19,6.29,0.0,0.0,0.0,0.0,0.0,0.0,0.11,3,0.0,0.0,139.0
Kirk Merritt,FA,RB,0.0,1.0,0.0,0.0,0.0,0.0,0.0,0.0,0.0,0.0,0.0,0.0,0.0,0.0,0.0,0.14,0.14,0.43,0.43,1.86,1.86,1.86,0.14,0.14,0.0,0.0,0.14,0.14,0.43,0.43,0.14,0.14,0.0,0.0,0.0,0.28,0.0,0.0,0.0,0.0,0.0,1.0,0.0,0.0,0.0,0.0,0.0,0.0,0.0,0.07,0.07,0.07,0.0,0.0,1.0,0.0,0.0,0.0,0.0,0.0,0.0,0.07,0.14,0.14,0.14,0.0,0.0,1.0,0.0,0.0,0.0,0.0,0.0,0.0,0.0,3,0.0,0.0,139.0
Jordan Mims,NO,RB,6.0,3.0,0.0,0.0,0.0,0.0,0.0,0.0,0.0,0.0,0.0,0.0,0.0,0.0,0.0,0.0,0.0,2.0,0.67,0.0,0.0,0.0,0.0,0.0,0.0,0.0,0.0,0.0,2.0,0.67,0.0,0.0,0.0,0.0,0.0,0.56,0.0,0.0,0.0,0.0,0.0,3.0,0.0,0.0,0.0,0.0,0.0,0.0,0.04,0.0,0.0,0.0,0.0,0.0,3.0,0.0,0.0,0.0,0.0,0.0,0.0,0.04,0.0,0.0,0.0,0.0,0.0,3.0,0.0,0.0,0.0,0.0,0.0,0.0,0.04,1,0.0,0.0,139.0
Nick Bellore,WAS,RB,6.0,10.57,0.29,0.02,0.86,0.07,0.86,0.0,0.0,0.86,0.07,0.0,0.0,0.0,0.0,0.14,0.01,0.14,0.01,0.57,0.06,0.57,0.0,0.0,0.0,0.0,0.43,0.04,0.43,0.04,0.0,0.0,0.0,0.0,0.0,0.97,0.0,0.0,0.0,0.0,0.0,10.57,0.0,0.0,0.0,0.0,0.0,0.0,0.0,0.07,0.01,0.0,0.02,0.02,10.57,0.0,0.0,0.0,0.0,0.0,0.0,0.01,0.14,0.01,0.0,0.05,0.03,10.57,0.0,0.0,0.0,0.0,0.0,0.0,0.02,3,0.0,0.0,139.0
Derek Parish,FA,RB,0.0,1.0,0.0,0.0,0.0,0.0,0.0,0.0,0.0,0.0,0.0,0.0,0.0,0.0,0.0,0.0,0.0,0.0,0.0,0.0,0.0,0.0,0.0,0.0,0.0,0.0,0.0,0.0,0.0,0.0,0.0,0.0,0.0,0.0,0.0,0.28,0.0,0.0,0.0,0.0,0.0,1.0,0.0,0.0,0.0,0.0,0.0,0.0,0.0,0.0,0.0,0.0,0.0,0.0,1.0,0.0,0.0,0.0,0.0,0.0,0.0,0.0,0.0,0.0,0.0,0.0,0.0,1.0,0.0,0.0,0.0,0.0,0.0,0.0,0.0,1,0.0,0.0,139.0
Bryant Koback,FA,RB,0.0,1.33,0.0,0.0,0.0,0.0,0.0,0.0,0.0,0.0,0.0,0.0,0.0,0.0,0.0,0.0,0.0,0.0,0.0,0.0,0.0,0.0,0.0,0.0,0.0,0.0,0.0,0.0,0.0,0.0,0.0,0.0,0.0,0.0,0.0,0.33,0.0,0.0,0.0,0.0,0.0,1.33,0.0,0.0,0.0,0.0,0.0,0.0,0.0,0.0,0.0,0.0,0.0,0.0,1.33,0.0,0.0,0.0,0.0,0.0,0.0,0.0,0.0,0.0,0.0,0.0,0.0,1.33,0.0,0.0,0.0,0.0,0.0,0.0,0.0,2,0.0,0.0,139.0
Brittain Brown,SEA,RB,3.0,1.0,0.0,0.0,0.0,0.0,0.0,0.0,0.0,0.0,0.0,0.0,0.0,0.0,0.0,0.0,0.0,0.0,0.0,0.0,0.0,0.0,0.0,0.0,0.0,0.0,0.0,0.0,0.0,0.0,0.0,0.0,0.0,0.0,0.0,0.28,0.0,0.0,0.0,0.0,0.0,1.0,0.0,0.0,0.0,0.0,0.0,0.0,0.0,0.0,0.0,0.0,0.0,0.0,1.0,0.0,0.0,0.0,0.0,0.0,0.0,0.0,0.0,0.0,0.0,0.0,0.0,1.0,0.0,0.0,0.0,0.0,0.0,0.0,0.0,2,0.0,0.0,139.0
Ben Mason,FA,RB,0.0,1.0,0.0,0.0,0.0,0.0,0.0,0.0,0.0,0.0,0.0,0.0,0.0,0.0,0.0,0.0,0.0,0.0,0.0,0.0,0.0,0.0,0.0,0.0,0.0,0.0,0.0,0.0,0.0,0.0,0.0,0.0,0.0,0.0,0.0,0.28,0.0,0.0,0.0,0.0,0.0,1.0,0.0,0.0,0.0,0.0,0.0,0.0,0.0,0.0,0.0,0.0,0.0,0.0,1.0,0.0,0.0,0.0,0.0,0.0,0.0,0.0,0.0,0.0,0.0,0.0,0.0,1.0,0.0,0.0,0.0,0.0,0.0,0.0,0.0,2,0.0,0.0,139.0
Henry Pearson,FA,RB,0.0,2.0,0.0,0.0,0.0,0.0,0.0,0.0,0.0,0.0,0.0,0.0,0.0,0.0,0.0,0.0,0.0,0.0,0.0,0.0,0.0,0.0,0.0,0.0,0.0,0.0,0.0,0.0,0.0,0.0,0.0,0.0,0.0,0.0,0.0,0.44,0.0,0.0,0.0,0.0,0.0,2.0,0.0,0.0,0.0,0.0,0.0,0.0,0.0,0.0,0.0,0.0,0.0,0.0,2.0,0.0,0.0,0.0,0.0,0.0,0.0,0.0,0.0,0.0,0.0,0.0,0.0,2.0,0.0,0.0,0.0,0.0,0.0,0.0,0.0,1,0.0,0.0,139.0
Evan Hull,IND,RB,5.0,1.0,1.0,1.0,1.0,1.0,1.0,0.0,0.0,1.0,1.0,0.0,0.0,0.0,0.0,1.0,1.0,1.0,1.0,6.0,6.0,6.0,0.0,0.0,0.0,0.0,2.0,2.0,2.0,2.0,0.0,0.0,0.0,0.0,0.0,0.28,0.7,0.7,0.7,0.0,0.0,1.0,0.0,0.0,0.0,0.0,0.0,0.0,0.0,1.2,1.2,1.2,0.0,0.0,1.0,0.0,0.0,0.0,0.0,0.0,0.0,0.0,1.7,1.7,1.7,0.0,0.0,1.0,0.0,0.0,0.0,0.0,0.0,0.0,0.0,1,0.0,0.0,139.0
Mohamed Ibrahim,FA,RB,0.0,1.0,0.0,0.0,0.0,0.0,0.0,0.0,0.0,0.0,0.0,0.0,0.0,0.0,0.0,0.0,0.0,0.0,0.0,0.0,0.0,0.0,0.0,0.0,0.0,0.0,0.0,0.0,0.0,0.0,0.0,0.0,0.0,0.0,0.0,0.28,0.0,0.0,0.0,0.0,0.0,1.0,0.0,0.0,0.0,0.0,0.0,0.0,0.0,0.0,0.0,0.0,0.0,0.0,1.0,0.0,0.0,0.0,0.0,0.0,0.0,0.0,0.0,0.0,0.0,0.0,0.0,1.0,0.0,0.0,0.0,0.0,0.0,0.0,0.0,1,0.0,0.0,139.0
J.P. Holtz,FA,RB,0.0,1.57,0.0,0.0,0.0,0.0,0.0,0.0,0.0,0.0,0.0,0.0,0.0,0.0,0.0,0.0,0.0,0.0,0.0,0.0,0.0,0.0,0.0,0.0,0.0,0.0,0.0,0.0,0.0,0.0,0.0,0.0,0.0,0.0,0.0,0.34,0.0,0.0,0.0,0.0,0.0,1.57,0.0,0.0,0.0,0.0,0.0,0.0,0.0,0.0,0.0,0.0,0.0,0.0,1.57,0.0,0.0,0.0,0.0,0.0,0.0,0.0,0.0,0.0,0.0,0.0,0.0,1.57,0.0,0.0,0.0,0.0,0.0,0.0,0.0,3,0.0,0.0,139.0
Scott Matlock,LAC,RB,6.0,12.0,0.0,0.0,0.0,0.0,0.0,0.0,0.0,0.0,0.0,0.0,0.0,0.0,0.0,0.0,0.0,0.0,0.0,0.0,0.0,0.0,0.0,0.0,0.0,0.0,0.0,0.0,0.0,0.0,0.0,0.0,0.0,0.0,0.0,1.0,0.0,0.0,0.0,0.0,0.0,12.0,0.0,0.0,0.0,0.0,0.0,0.0,0.0,0.0,0.0,0.0,0.0,0.0,12.0,0.0,0.0,0.0,0.0,0.0,0.0,0.0,0.0,0.0,0.0,0.0,0.0,12.0,0.0,0.0,0.0,0.0,0.0,0.0,0.0,1,0.0,0.0,139.0
SaRodorick Thompson Jr.,FA,RB,0.0,2.0,0.0,0.0,0.0,0.0,0.0,0.0,0.0,0.0,0.0,0.0,0.0,0.0,0.0,0.0,0.0,0.0,0.0,0.0,0.0,0.0,0.0,0.0,0.0,0.0,0.0,0.0,0.0,0.0,0.0,0.0,0.0,0.0,0.0,0.44,0.0,0.0,0.0,0.0,0.0,2.0,0.0,0.0,0.0,0.0,0.0,0.0,0.0,0.0,0.0,0.0,0.0,0.0,2.0,0.0,0.0,0.0,0.0,0.0,0.0,0.0,0.0,0.0,0.0,0.0,0.0,2.0,0.0,0.0,0.0,0.0,0.0,0.0,0.0,1,0.0,0.0,139.0
